fec_ppto_month;Ship Mode;Region;Product ID;imp_ppto_ganancia
201401;First Class;Central;FUR-BO-10001972;-375,09849
201401;First Class;Central;OFF-BI-10003676;-25,85044
201401;First Class;Central;OFF-EN-10002504;25,6851
201401;First Class;Central;OFF-PA-10000659;23,154432
201401;First Class;East;FUR-FU-10000010;3,23547
201401;First Class;East;OFF-AR-10002399;4,768218
201401;First Class;South;FUR-BO-10004409;34,581456
201401;First Class;South;OFF-BI-10001758;5,872932
201401;First Class;South;TEC-AC-10003628;75,21492
201401;First Class;West;FUR-BO-10003433;-40,497056
201401;First Class;West;FUR-BO-10003966;3,76156
201401;Second Class;Central;OFF-AP-10000692;4,54048
201401;Second Class;East;FUR-FU-10001095;27,740448
201401;Second Class;East;OFF-BI-10001575;-15,130632
201401;Second Class;East;OFF-LA-10001074;9,844821
201401;Second Class;East;OFF-PA-10002005;10,26432
201401;Second Class;East;TEC-PH-10004614;-31,05
201401;Second Class;South;FUR-CH-10000422;79,488864
201401;Second Class;South;OFF-BI-10004187;2,43648
201401;Second Class;South;OFF-EN-10001532;29,2905
201401;Second Class;South;OFF-EN-10001990;4,0044
201401;Second Class;South;OFF-ST-10000025;39,50802
201401;Second Class;South;TEC-AC-10003174;222,47856
201401;Second Class;West;FUR-FU-10001889;4,266912
201401;Standard Class;Central;FUR-CH-10002331;159,229854
201401;Standard Class;Central;FUR-FU-10003194;11,4642
201401;Standard Class;Central;OFF-AR-10002375;6,591816
201401;Standard Class;Central;OFF-AR-10003811;1,772199
201401;Standard Class;Central;OFF-AR-10004078;0,91104
201401;Standard Class;Central;OFF-BI-10003091;-45,333552
201401;Standard Class;Central;OFF-BI-10004094;-6,14544
201401;Standard Class;Central;OFF-EN-10001539;12,286176
201401;Standard Class;Central;OFF-LA-10003223;3,716379
201401;Standard Class;Central;OFF-PA-10000174;5,162616
201401;Standard Class;Central;OFF-ST-10002743;-62,831556
201401;Standard Class;Central;TEC-AC-10001266;6,9225
201401;Standard Class;Central;TEC-PH-10001061;145,58544
201401;Standard Class;East;FUR-BO-10003034;3,104226
201401;Standard Class;East;FUR-FU-10001847;3,532248
201401;Standard Class;East;FUR-FU-10004587;22,162896
201401;Standard Class;East;OFF-AR-10003478;5,03052
201401;Standard Class;East;OFF-AR-10003514;6,10731
201401;Standard Class;East;OFF-FA-10003467;0
201401;Standard Class;East;OFF-PA-10000380;7,7562
201401;Standard Class;East;OFF-PA-10001204;5,51232
201401;Standard Class;East;OFF-PA-10003072;11,104128
201401;Standard Class;East;OFF-ST-10000078;250,58565
201401;Standard Class;East;OFF-ST-10000991;7,657002
201401;Standard Class;East;OFF-ST-10004337;0
201401;Standard Class;East;TEC-PH-10002103;45,265584
201401;Standard Class;East;TEC-PH-10004833;0
201401;Standard Class;South;FUR-CH-10004063;694,159254
201401;Standard Class;South;FUR-FU-10000965;19,16586
201401;Standard Class;South;FUR-FU-10003194;5,5005
201401;Standard Class;South;OFF-AR-10001662;1,154088
201401;Standard Class;South;OFF-BI-10004632;318,40956
201401;Standard Class;South;OFF-FA-10001883;0,220952
201401;Standard Class;South;OFF-LA-10004272;1,113806
201401;Standard Class;South;OFF-PA-10000955;2,286384
201401;Standard Class;South;OFF-PA-10002893;6,690816
201401;Standard Class;South;TEC-PH-10004539;142,87644
201401;Standard Class;South;TEC-PH-10004977;89,802618
201401;Standard Class;West;FUR-FU-10002268;3,645675
201401;Standard Class;West;FUR-FU-10002918;31,224336
201401;Standard Class;West;FUR-FU-10004864;-40,819296
201401;Standard Class;West;FUR-TA-10003469;-18,648
201401;Standard Class;West;OFF-AP-10002311;101,068128
201401;Standard Class;West;OFF-AR-10003179;9,740412
201401;Standard Class;West;OFF-AR-10004456;9,297864
201401;Standard Class;West;OFF-BI-10000343;1,59084
201401;Standard Class;West;OFF-BI-10000605;8,9535
201401;Standard Class;West;OFF-BI-10003476;-2,01696
201401;Standard Class;West;OFF-BI-10003708;-17,88745
201401;Standard Class;West;OFF-BI-10004364;11,7612
201401;Standard Class;West;OFF-PA-10001804;14,4288
201401;Standard Class;West;OFF-PA-10002947;11,521664
201401;Standard Class;West;OFF-ST-10000760;4,135284
201401;Standard Class;West;OFF-ST-10003123;12,78336
201401;Standard Class;West;OFF-ST-10003692;14,3075
201402;First Class;Central;OFF-AR-10003560;3,779328
201402;First Class;Central;OFF-PA-10001800;7,744896
201402;First Class;Central;TEC-AC-10001432;191,87388
201402;First Class;East;FUR-FU-10002111;5,034848
201402;First Class;South;OFF-LA-10002787;7,272
201402;First Class;South;TEC-PH-10001615;39,933725
201402;First Class;South;TEC-PH-10003645;42,858972
201402;Same Day;Central;FUR-FU-10002396;-9,96336
201402;Second Class;East;FUR-CH-10001146;17,35365
201402;Second Class;East;FUR-FU-10002298;44,214432
201402;Second Class;East;OFF-BI-10001196;-11,373516
201402;Second Class;East;OFF-BI-10003676;6,459376
201402;Second Class;East;OFF-BI-10004654;17,80689
201402;Second Class;East;OFF-BI-10004728;5,32128
201402;Second Class;East;OFF-LA-10004853;5,566644
201402;Second Class;East;OFF-PA-10000466;6,066
201402;Second Class;East;OFF-ST-10002583;2,624384
201402;Second Class;South;OFF-ST-10001558;7,01568
201402;Second Class;West;OFF-BI-10002827;4,485936
201402;Second Class;West;OFF-BI-10004593;19,89104
201402;Standard Class;Central;FUR-FU-10000221;8,083296
201402;Standard Class;Central;OFF-AP-10001303;-14,9051
201402;Standard Class;Central;OFF-BI-10001031;8,21826
201402;Standard Class;Central;OFF-BI-10002012;-1,88352
201402;Standard Class;Central;TEC-AC-10001284;22,4316
201402;Standard Class;East;OFF-AR-10003631;9,68968
201402;Standard Class;East;OFF-BI-10000320;-7,755642
201402;Standard Class;East;OFF-LA-10004425;2,762262
201402;Standard Class;East;OFF-PA-10003363;6,345216
201402;Standard Class;East;TEC-AC-10000710;41,171984
201402;Standard Class;South;FUR-TA-10003715;63,313488
201402;Standard Class;South;OFF-BI-10003291;9,765378
201402;Standard Class;South;OFF-PA-10000069;8,301852
201402;Standard Class;South;OFF-PA-10000174;8,88192
201402;Standard Class;South;TEC-AC-10001432;83,55798
201402;Standard Class;West;FUR-CH-10000225;-23,56518
201402;Standard Class;West;OFF-AP-10001293;23,637264
201402;Standard Class;West;OFF-BI-10000666;-11,12384
201402;Standard Class;West;OFF-BI-10004094;-12,482925
201402;Standard Class;West;OFF-BI-10004230;22,920744
201402;Standard Class;West;OFF-FA-10001843;6,210815
201402;Standard Class;West;OFF-PA-10000350;13,357024
201402;Standard Class;West;OFF-ST-10000321;-2,65104
201402;Standard Class;West;OFF-SU-10000157;3,674748
201402;Standard Class;West;TEC-AC-10000736;101,939256
201402;Standard Class;West;TEC-PH-10002890;12,07908
201403;First Class;Central;FUR-FU-10002508;4,67874
201403;First Class;Central;FUR-FU-10003981;1,002144
201403;First Class;Central;OFF-AR-10001231;2,205
201403;First Class;Central;OFF-BI-10001196;-19,04538
201403;First Class;Central;OFF-LA-10000443;3,18816
201403;First Class;Central;OFF-PA-10001215;2,376
201403;First Class;Central;OFF-ST-10000918;1,82466
201403;First Class;Central;TEC-AC-10002647;43,624
201403;First Class;Central;TEC-MA-10003626;118,59572
201403;First Class;Central;TEC-PH-10004667;21,827883
201403;First Class;East;FUR-CH-10002304;-7,81998
201403;First Class;East;OFF-EN-10002230;132,567435
201403;First Class;East;OFF-LA-10004484;2,57712
201403;First Class;East;TEC-PH-10001819;100,525656
201403;First Class;West;FUR-CH-10004477;4,822488
201403;First Class;West;OFF-AR-10001427;5,36406
201403;First Class;West;OFF-ST-10002344;3,838452
201403;Same Day;Central;OFF-ST-10001370;17,92245
201403;Same Day;East;OFF-AR-10003478;6,8376
201403;Same Day;East;OFF-AR-10003732;0,326928
201403;Same Day;East;OFF-PA-10002195;2,048328
201403;Same Day;East;OFF-PA-10002365;6,314112
201403;Same Day;West;FUR-CH-10002965;89,616982
201403;Same Day;West;OFF-AR-10004027;1,100736
201403;Same Day;West;OFF-BI-10001636;-10,6218
201403;Same Day;West;OFF-BI-10003529;-0,620256
201403;Second Class;Central;OFF-PA-10003641;37,860576
201403;Second Class;Central;OFF-ST-10000585;69,58224
201403;Second Class;Central;TEC-PH-10003484;27,96978
201403;Second Class;East;FUR-FU-10003981;2,58544
201403;Second Class;East;OFF-AP-10002578;31,670808
201403;Second Class;East;OFF-AR-10000588;17,641728
201403;Second Class;East;OFF-BI-10001617;18,928404
201403;Second Class;East;OFF-BI-10004224;23,548
201403;Second Class;East;OFF-FA-10001561;1,836432
201403;Second Class;East;OFF-PA-10000213;6,460056
201403;Second Class;East;OFF-PA-10001878;44,596138
201403;Second Class;East;OFF-SU-10000381;5,237806
201403;Second Class;East;TEC-AC-10000710;17,00736
201403;Second Class;East;TEC-AC-10002001;213,10668
201403;Second Class;East;TEC-PH-10000984;161,338968
201403;Second Class;South;OFF-AR-10003560;2,485504
201403;Second Class;South;OFF-LA-10001982;8,37
201403;Second Class;West;FUR-BO-10004218;83,8831
201403;Second Class;West;FUR-CH-10004063;55,594512
201403;Second Class;West;FUR-FU-10002813;15,009984
201403;Second Class;West;OFF-AR-10004272;0,8904
201403;Second Class;West;OFF-BI-10003291;10,936944
201403;Second Class;West;OFF-PA-10002137;47,54358
201403;Second Class;West;TEC-PH-10002415;24,7758
201403;Second Class;West;TEC-PH-10004100;2,30272
201403;Standard Class;Central;FUR-CH-10000863;-170,396028
201403;Standard Class;Central;FUR-CH-10002780;25,328832
201403;Standard Class;Central;FUR-CH-10004495;63,928152
201403;Standard Class;Central;OFF-AP-10002534;-464,203272
201403;Standard Class;Central;OFF-AP-10002765;14,241024
201403;Standard Class;Central;OFF-AR-10000034;11,806704
201403;Standard Class;Central;OFF-AR-10000390;6,74429
201403;Standard Class;Central;OFF-AR-10001770;2,033304
201403;Standard Class;Central;OFF-AR-10003338;2,8644
201403;Standard Class;Central;OFF-AR-10003829;1,655088
201403;Standard Class;Central;OFF-BI-10002071;-15,625414
201403;Standard Class;Central;OFF-BI-10004390;252,588
201403;Standard Class;Central;OFF-LA-10002312;23,31
201403;Standard Class;Central;OFF-PA-10000176;26,451768
201403;Standard Class;Central;OFF-PA-10000327;1,284
201403;Standard Class;Central;OFF-PA-10003036;5,564832
201403;Standard Class;Central;OFF-ST-10000934;0
201403;Standard Class;Central;OFF-ST-10001511;7,43475
201403;Standard Class;Central;OFF-ST-10002957;0
201403;Standard Class;Central;TEC-AC-10002558;15,1221
201403;Standard Class;Central;TEC-AC-10004353;35,6643
201403;Standard Class;Central;TEC-AC-10004901;10,917816
201403;Standard Class;East;FUR-BO-10001337;-13,79172
201403;Standard Class;East;FUR-CH-10002439;57,381632
201403;Standard Class;East;FUR-FU-10004597;11,6883
201403;Standard Class;East;FUR-TA-10001889;-123,699636
201403;Standard Class;East;FUR-TA-10001950;-592,402932
201403;Standard Class;East;FUR-TA-10003473;-447,5947
201403;Standard Class;East;FUR-TA-10004175;-147,33792
201403;Standard Class;East;OFF-AP-10003971;7,305012
201403;Standard Class;East;OFF-AR-10001044;7,0173
201403;Standard Class;East;OFF-AR-10003723;0,900432
201403;Standard Class;East;OFF-AR-10004027;1,619352
201403;Standard Class;East;OFF-AR-10004685;1,288066
201403;Standard Class;East;OFF-BI-10000309;16,258004
201403;Standard Class;East;OFF-BI-10000605;3,975354
201403;Standard Class;East;OFF-BI-10003429;8,26065
201403;Standard Class;East;OFF-BI-10004593;30,24528
201403;Standard Class;East;OFF-PA-10000919;54,698112
201403;Standard Class;East;OFF-PA-10001204;3,46896
201403;Standard Class;East;OFF-PA-10002960;18,350304
201403;Standard Class;East;OFF-PA-10003063;7,0656
201403;Standard Class;East;OFF-PA-10003349;5,461344
201403;Standard Class;East;OFF-ST-10000078;229,10688
201403;Standard Class;East;OFF-ST-10002301;-4,366998
201403;Standard Class;East;TEC-AC-10002323;7,23996
201403;Standard Class;East;TEC-MA-10001148;320,311992
201403;Standard Class;East;TEC-PH-10003273;18,369342
201403;Standard Class;East;TEC-PH-10004700;5,376618
201403;Standard Class;South;FUR-FU-10001756;5,65488
201403;Standard Class;South;FUR-FU-10001986;13,45872
201403;Standard Class;South;FUR-FU-10004270;7,349706
201403;Standard Class;South;FUR-TA-10002958;-23,4882
201403;Standard Class;South;OFF-AR-10003183;1,0521
201403;Standard Class;South;OFF-BI-10000773;-5,312448
201403;Standard Class;South;OFF-BI-10001543;-33,571472
201403;Standard Class;South;OFF-BI-10002735;-43,796715
201403;Standard Class;South;OFF-BI-10004410;-6,505044
201403;Standard Class;South;OFF-FA-10003112;5,6808
201403;Standard Class;South;OFF-PA-10001804;6,209728
201403;Standard Class;South;OFF-PA-10002120;55,465632
201403;Standard Class;South;OFF-PA-10002259;12,676032
201403;Standard Class;South;OFF-ST-10001490;17,49006
201403;Standard Class;South;TEC-MA-10002412;-1792,967616
201403;Standard Class;South;TEC-MA-10003626;-13,46932
201403;Standard Class;West;FUR-BO-10001972;-189,63615
201403;Standard Class;West;FUR-CH-10000422;-9,28098
201403;Standard Class;West;FUR-CH-10001270;0
201403;Standard Class;West;FUR-CH-10001482;-37,486476
201403;Standard Class;West;FUR-CH-10003379;319,1776
201403;Standard Class;West;FUR-FU-10001095;-34,254528
201403;Standard Class;West;FUR-FU-10001473;7,513056
201403;Standard Class;West;FUR-TA-10000198;-134,659512
201403;Standard Class;West;FUR-TA-10001866;-43,0296
201403;Standard Class;West;FUR-TA-10003954;75,703608
201403;Standard Class;West;OFF-AP-10001154;34,74549
201403;Standard Class;West;OFF-AR-10001374;2,612736
201403;Standard Class;West;OFF-AR-10001573;2,135212
201403;Standard Class;West;OFF-AR-10001915;18,55917
201403;Standard Class;West;OFF-AR-10003829;4,85112
201403;Standard Class;West;OFF-BI-10000136;17,050176
201403;Standard Class;West;OFF-BI-10001097;-1,43913
201403;Standard Class;West;OFF-BI-10001597;51,339744
201403;Standard Class;West;OFF-BI-10001617;9,827136
201403;Standard Class;West;OFF-BI-10001758;28,36074
201403;Standard Class;West;OFF-BI-10003007;14,11592
201403;Standard Class;West;OFF-EN-10001509;2,042244
201403;Standard Class;West;OFF-EN-10001990;6,353648
201403;Standard Class;West;OFF-FA-10004395;-2,720025
201403;Standard Class;West;OFF-LA-10000305;5,60196
201403;Standard Class;West;OFF-LA-10004409;5,9616
201403;Standard Class;West;OFF-LA-10004544;25,086
201403;Standard Class;West;OFF-PA-10000466;18,1643
201403;Standard Class;West;OFF-PA-10000587;13,62816
201403;Standard Class;West;OFF-PA-10000675;63,870618
201403;Standard Class;West;OFF-PA-10002581;20,67915
201403;Standard Class;West;OFF-PA-10004948;13,92657
201403;Standard Class;West;OFF-ST-10000736;3,271592
201403;Standard Class;West;OFF-ST-10001469;-17,0037
201403;Standard Class;West;OFF-ST-10002486;-11,759904
201403;Standard Class;West;OFF-ST-10003221;5,305824
201403;Standard Class;West;OFF-ST-10003692;8,75619
201403;Standard Class;West;TEC-AC-10004877;4,90176
201403;Standard Class;West;TEC-PH-10000730;873,582528
201403;Standard Class;West;TEC-PH-10003655;1,6038
201404;First Class;East;FUR-TA-10001039;-35,028252
201404;First Class;East;OFF-BI-10004876;-1,681344
201404;First Class;East;OFF-PA-10004071;26,364096
201404;First Class;East;OFF-ST-10001031;2,813184
201404;First Class;East;OFF-ST-10003455;3,871296
201404;First Class;East;OFF-SU-10004498;-2,014432
201404;First Class;East;TEC-AC-10004659;24,30567
201404;First Class;East;TEC-PH-10001459;105,83748
201404;First Class;West;FUR-FU-10004415;2,610944
201404;First Class;West;OFF-AR-10004010;35,47986
201404;First Class;West;OFF-BI-10004140;2,1552
201404;First Class;West;OFF-ST-10000585;154,6272
201404;Same Day;Central;FUR-FU-10004091;76,211784
201404;Same Day;Central;OFF-AP-10000240;27,606376
201404;Same Day;East;OFF-PA-10003441;31,352832
201404;Same Day;East;TEC-PH-10004922;44,2134
201404;Second Class;Central;OFF-AR-10001725;17,89359
201404;Second Class;Central;OFF-BI-10002794;25,669872
201404;Second Class;Central;OFF-PA-10001593;8,9999
201404;Second Class;Central;OFF-PA-10002986;11,2224
201404;Second Class;Central;TEC-AC-10004171;118,78812
201404;Second Class;Central;TEC-PH-10001835;286,657056
201404;Second Class;East;FUR-FU-10004017;19,72026
201404;Second Class;East;FUR-TA-10001705;-85,1463
201404;Second Class;East;FUR-TA-10004442;-102,92178
201404;Second Class;East;OFF-AR-10000122;1,1718
201404;Second Class;East;OFF-BI-10003638;23,76567
201404;Second Class;East;OFF-BI-10003656;-456,93312
201404;Second Class;East;OFF-BI-10004970;3,01077
201404;Second Class;East;OFF-EN-10004773;132,371344
201404;Second Class;East;OFF-FA-10002780;9,06516
201404;Second Class;East;OFF-PA-10001569;29,766528
201404;Second Class;East;OFF-PA-10001878;17,470652
201404;Second Class;East;OFF-ST-10004634;6,3897
201404;Second Class;East;TEC-PH-10000702;6,125868
201404;Second Class;South;FUR-CH-10002304;11,8209
201404;Second Class;South;OFF-BI-10000136;6,544512
201404;Second Class;West;OFF-AR-10000127;7,390824
201404;Second Class;West;OFF-AR-10002952;8,2236
201404;Second Class;West;OFF-AR-10004685;4,767048
201404;Second Class;West;OFF-AR-10004757;7,349496
201404;Second Class;West;OFF-BI-10000042;6,442176
201404;Second Class;West;OFF-BI-10004209;16,6428
201404;Second Class;West;OFF-FA-10001332;2,3328
201404;Second Class;West;OFF-LA-10002312;16,872
201404;Second Class;West;OFF-PA-10000029;3,919104
201404;Second Class;West;OFF-PA-10003349;6,286896
201404;Second Class;West;OFF-ST-10000991;23,384898
201404;Second Class;West;OFF-SU-10002881;96,60596
201404;Second Class;West;TEC-AC-10001874;41,15314
201404;Second Class;West;TEC-AC-10002001;72,619461
201404;Second Class;West;TEC-AC-10002550;17,386002
201404;Second Class;West;TEC-PH-10001615;7,146035
201404;Standard Class;Central;FUR-CH-10001394;77,91978
201404;Standard Class;Central;FUR-CH-10002965;-20,258784
201404;Standard Class;Central;FUR-FU-10002191;6,566784
201404;Standard Class;Central;OFF-AR-10002221;0,44226
201404;Standard Class;Central;OFF-AR-10004752;1,255968
201404;Standard Class;Central;OFF-BI-10000145;-5,818176
201404;Standard Class;Central;OFF-BI-10001628;8,72991
201404;Standard Class;Central;OFF-BI-10002852;67,266416
201404;Standard Class;Central;OFF-LA-10000452;1,08864
201404;Standard Class;Central;OFF-PA-10002195;5,524848
201404;Standard Class;Central;OFF-PA-10003543;3,374784
201404;Standard Class;Central;OFF-PA-10003797;9,237888
201404;Standard Class;Central;OFF-ST-10000798;-1,39888
201404;Standard Class;Central;OFF-ST-10000877;106,090452
201404;Standard Class;Central;OFF-ST-10004180;9,48804
201404;Standard Class;Central;TEC-AC-10000736;54,137232
201404;Standard Class;Central;TEC-AC-10002926;43,421314
201404;Standard Class;East;FUR-FU-10001424;7,12368
201404;Standard Class;East;FUR-FU-10003192;48,50664
201404;Standard Class;East;FUR-TA-10003748;2,11633
201404;Standard Class;East;OFF-AR-10002987;11,38816
201404;Standard Class;East;OFF-BI-10003719;-31,25736
201404;Standard Class;East;OFF-BI-10004817;3,85756
201404;Standard Class;East;OFF-FA-10000611;0,74592
201404;Standard Class;East;OFF-LA-10001613;2,455488
201404;Standard Class;East;OFF-LA-10001641;9,34416
201404;Standard Class;East;OFF-PA-10000100;49,409346
201404;Standard Class;East;OFF-PA-10004733;5,305608
201404;Standard Class;East;OFF-ST-10001128;-41,129188
201404;Standard Class;East;OFF-ST-10002214;2,093166
201404;Standard Class;East;TEC-AC-10001908;127,38726
201404;Standard Class;East;TEC-PH-10000376;5,97402
201404;Standard Class;East;TEC-PH-10003273;131,0296
201404;Standard Class;South;FUR-BO-10001337;-15,78789
201404;Standard Class;South;OFF-AP-10003842;31,81646
201404;Standard Class;South;OFF-BI-10000145;2,75184
201404;Standard Class;South;OFF-BI-10002764;7,606004
201404;Standard Class;South;OFF-EN-10001415;6,5286
201404;Standard Class;South;OFF-PA-10004248;6,20136
201404;Standard Class;South;OFF-ST-10000636;2,865888
201404;Standard Class;South;OFF-ST-10002574;0
201404;Standard Class;South;TEC-AC-10000736;43,770528
201404;Standard Class;South;TEC-AC-10001284;26,469288
201404;Standard Class;South;TEC-PH-10000576;45,261496
201404;Standard Class;South;TEC-PH-10001128;220,4853
201404;Standard Class;South;TEC-PH-10001557;92,188796
201404;Standard Class;West;FUR-CH-10002602;-12,863496
201404;Standard Class;West;FUR-CH-10003973;172,49664
201404;Standard Class;West;FUR-CH-10004886;26,25192
201404;Standard Class;West;FUR-FU-10000409;21,774928
201404;Standard Class;West;FUR-FU-10000747;17,97818
201404;Standard Class;West;FUR-FU-10001918;11,363352
201404;Standard Class;West;FUR-FU-10003708;63,045675
201404;Standard Class;West;FUR-FU-10004020;2,728436
201404;Standard Class;West;FUR-TA-10000688;98,882115
201404;Standard Class;West;FUR-TA-10001086;322,461984
201404;Standard Class;West;FUR-TA-10004442;-108,859575
201404;Standard Class;West;OFF-AP-10001391;86,35968
201404;Standard Class;West;OFF-AR-10000657;3,866775
201404;Standard Class;West;OFF-AR-10001868;0,82656
201404;Standard Class;West;OFF-AR-10001955;19,28448
201404;Standard Class;West;OFF-AR-10002375;3,462368
201404;Standard Class;West;OFF-AR-10003478;7,91208
201404;Standard Class;West;OFF-AR-10003504;6,88866
201404;Standard Class;West;OFF-BI-10001525;4,8006
201404;Standard Class;West;OFF-BI-10002976;5,296725
201404;Standard Class;West;OFF-EN-10000056;54,942867
201404;Standard Class;West;OFF-FA-10000134;3,818332
201404;Standard Class;West;OFF-FA-10001883;-9,342224
201404;Standard Class;West;OFF-LA-10000305;6,20172
201404;Standard Class;West;OFF-LA-10002368;2,629314
201404;Standard Class;West;OFF-PA-10000289;18,6624
201404;Standard Class;West;OFF-PA-10001977;30,358656
201404;Standard Class;West;OFF-PA-10003309;9,144576
201404;Standard Class;West;OFF-ST-10000876;26,089168
201404;Standard Class;West;TEC-AC-10000474;25,93227
201404;Standard Class;West;TEC-AC-10003399;63,92736
201404;Standard Class;West;TEC-AC-10003441;1,5255
201404;Standard Class;West;TEC-MA-10002859;70,948116
201404;Standard Class;West;TEC-PH-10000586;7,668038
201404;Standard Class;West;TEC-PH-10004531;43,84452
201405;First Class;Central;FUR-FU-10000010;11,647692
201405;First Class;Central;OFF-AR-10001725;2,10012
201405;First Class;Central;OFF-FA-10000840;1,8468
201405;First Class;Central;OFF-LA-10002195;10,86624
201405;First Class;East;FUR-FU-10001852;3,663744
201405;First Class;East;OFF-AP-10000696;13,895112
201405;First Class;East;OFF-BI-10004364;3,95604
201405;First Class;East;OFF-PA-10000474;17,48964
201405;First Class;East;OFF-SU-10004737;9,32634
201405;First Class;East;TEC-CO-10001449;194,39676
201405;First Class;South;OFF-AP-10001005;92,657565
201405;First Class;South;OFF-BI-10004233;7,879872
201405;First Class;South;OFF-PA-10001712;14,74524
201405;First Class;South;TEC-PH-10003505;118,4128
201405;First Class;West;FUR-CH-10001146;-7,946145
201405;First Class;West;OFF-BI-10004139;-24,74955
201405;First Class;West;OFF-BI-10004519;-282,166
201405;First Class;West;OFF-FA-10002815;2,15784
201405;First Class;West;OFF-PA-10002893;20,44416
201405;Same Day;Central;OFF-LA-10001641;4,62672
201405;Same Day;Central;OFF-LA-10003121;8,92906
201405;Same Day;Central;OFF-PA-10002689;25,691904
201405;Same Day;Central;OFF-ST-10000107;15,8841
201405;Same Day;East;FUR-TA-10002607;-26,9382
201405;Same Day;East;OFF-AP-10003971;2,097414
201405;Same Day;East;OFF-ST-10001809;6,324032
201405;Same Day;South;FUR-FU-10001473;8,995896
201405;Second Class;East;FUR-CH-10003396;-26,912208
201405;Second Class;East;FUR-FU-10000076;67,957974
201405;Second Class;East;FUR-FU-10003489;-4,930947
201405;Second Class;East;OFF-AP-10000124;7,45472
201405;Second Class;East;OFF-AR-10004511;9,194724
201405;Second Class;East;OFF-BI-10000977;-25,73664
201405;Second Class;East;OFF-EN-10003134;16,8192
201405;Second Class;East;OFF-PA-10000289;4,209408
201405;Second Class;East;OFF-PA-10001560;1,95696
201405;Second Class;East;OFF-ST-10000636;-12,7224
201405;Second Class;East;TEC-AC-10004227;-3,055248
201405;Second Class;South;FUR-BO-10004467;-158,394159
201405;Second Class;South;OFF-AR-10000716;4,61187
201405;Second Class;South;TEC-CO-10004202;89,09703
201405;Second Class;West;FUR-FU-10000308;4,29042
201405;Second Class;West;OFF-AR-10003651;2,168736
201405;Second Class;West;OFF-PA-10001363;11,196904
201405;Second Class;West;OFF-PA-10001526;7,50984
201405;Second Class;West;OFF-PA-10003016;4,79007
201405;Second Class;West;OFF-ST-10000107;9,8901
201405;Second Class;West;TEC-AC-10001606;36,856314
201405;Second Class;West;TEC-PH-10000486;115,247664
201405;Standard Class;Central;FUR-CH-10000988;27,03552
201405;Standard Class;Central;FUR-CH-10004675;266,232064
201405;Standard Class;Central;FUR-FU-10000723;-91,879152
201405;Standard Class;Central;FUR-FU-10002553;-18,86742
201405;Standard Class;Central;FUR-TA-10003469;-32,2455
201405;Standard Class;Central;OFF-AP-10001394;-144,6984
201405;Standard Class;Central;OFF-AP-10002118;52,268976
201405;Standard Class;Central;OFF-AR-10001897;22,969632
201405;Standard Class;Central;OFF-AR-10002578;2,054592
201405;Standard Class;Central;OFF-BI-10000666;52,716
201405;Standard Class;Central;OFF-BI-10000829;6,18722
201405;Standard Class;Central;OFF-BI-10001078;6,880482
201405;Standard Class;Central;OFF-BI-10001294;24,219
201405;Standard Class;Central;OFF-BI-10003684;39,582
201405;Standard Class;Central;OFF-LA-10004425;1,983118
201405;Standard Class;Central;OFF-SU-10003002;0,131544
201405;Standard Class;Central;TEC-AC-10001013;6,85386
201405;Standard Class;Central;TEC-AC-10001465;8,42624
201405;Standard Class;Central;TEC-PH-10002597;5,354575
201405;Standard Class;East;FUR-CH-10000015;-83,1744
201405;Standard Class;East;FUR-CH-10002439;21,587976
201405;Standard Class;East;FUR-TA-10002228;-153,412272
201405;Standard Class;East;OFF-AP-10004249;10,180485
201405;Standard Class;East;OFF-AR-10001246;2,333772
201405;Standard Class;East;OFF-BI-10000848;-2,415552
201405;Standard Class;East;OFF-BI-10001249;29,846916
201405;Standard Class;East;OFF-BI-10002026;-136,32003
201405;Standard Class;East;OFF-BI-10003876;61,632
201405;Standard Class;East;OFF-EN-10001434;88,331418
201405;Standard Class;East;OFF-PA-10002319;63,814464
201405;Standard Class;East;OFF-PA-10003036;5,96232
201405;Standard Class;East;OFF-PA-10003063;4,1856
201405;Standard Class;East;TEC-AC-10002217;3,48552
201405;Standard Class;East;TEC-PH-10003092;-7,993062
201405;Standard Class;East;TEC-PH-10003988;4,1856
201405;Standard Class;South;FUR-CH-10002439;18,68862
201405;Standard Class;South;FUR-FU-10004306;24,24864
201405;Standard Class;South;OFF-BI-10003925;1161,603261
201405;Standard Class;South;OFF-BI-10003981;4,107792
201405;Standard Class;South;OFF-BI-10004828;11,359764
201405;Standard Class;South;OFF-PA-10001471;6,187184
201405;Standard Class;South;OFF-PA-10003177;7,46496
201405;Standard Class;South;OFF-ST-10003442;4,236344
201405;Standard Class;South;TEC-AC-10002800;47,24055
201405;Standard Class;South;TEC-AC-10004877;1,94304
201405;Standard Class;South;TEC-CO-10004202;161,9946
201405;Standard Class;South;TEC-PH-10001530;131,504016
201405;Standard Class;South;TEC-PH-10001552;5,45376
201405;Standard Class;South;TEC-PH-10002660;40,1141
201405;Standard Class;South;TEC-PH-10003171;10,44638
201405;Standard Class;West;FUR-BO-10000362;28,998208
201405;Standard Class;West;FUR-CH-10002320;32,41898
201405;Standard Class;West;FUR-CH-10003981;-5,242392
201405;Standard Class;West;FUR-TA-10001539;-179,291502
201405;Standard Class;West;OFF-AP-10001293;81,238752
201405;Standard Class;West;OFF-AR-10000716;2,417256
201405;Standard Class;West;OFF-AR-10003514;8,720976
201405;Standard Class;West;OFF-BI-10001071;237,007512
201405;Standard Class;West;OFF-BI-10003684;29,55456
201405;Standard Class;West;OFF-PA-10001622;6,00642
201405;Standard Class;West;OFF-PA-10003022;10,285002
201405;Standard Class;West;OFF-PA-10004353;23,01696
201405;Standard Class;West;OFF-ST-10001837;8,543448
201405;Standard Class;West;OFF-SU-10004737;7,75656
201405;Standard Class;West;TEC-AC-10000109;43,134696
201405;Standard Class;West;TEC-AC-10003441;4,71888
201405;Standard Class;West;TEC-PH-10000441;16,933056
201405;Standard Class;West;TEC-PH-10001817;109,011
201405;Standard Class;West;TEC-PH-10002538;32,322066
201405;Standard Class;West;TEC-PH-10002680;229,66956
201405;Standard Class;West;TEC-PH-10002726;25,82508
201405;Standard Class;West;TEC-PH-10002885;-170,645358
201406;First Class;Central;FUR-FU-10001475;-41,603744
201406;First Class;Central;FUR-TA-10004147;8,50896
201406;First Class;Central;OFF-AR-10003056;5,21304
201406;First Class;Central;OFF-AR-10004582;1,3448
201406;First Class;Central;OFF-LA-10001771;3,780816
201406;First Class;Central;OFF-ST-10000877;10,151244
201406;First Class;East;OFF-AP-10001303;21,76065
201406;First Class;East;OFF-AR-10002656;4,053424
201406;First Class;East;OFF-PA-10003883;10,75641
201406;First Class;East;TEC-PH-10003963;123,717594
201406;First Class;South;TEC-AC-10004114;47,515608
201406;First Class;West;OFF-AR-10002766;1,873998
201406;First Class;West;OFF-ST-10001097;0
201406;First Class;West;OFF-ST-10001469;9,036252
201406;First Class;West;OFF-SU-10002522;0,387612
201406;Same Day;East;OFF-BI-10001553;-6,756288
201406;Same Day;West;OFF-BI-10001116;-5,854464
201406;Same Day;West;OFF-BI-10002931;-17,11152
201406;Same Day;West;OFF-PA-10001144;113,090432
201406;Same Day;West;OFF-PA-10001952;13,420784
201406;Same Day;West;TEC-PH-10001578;419,244735
201406;Second Class;Central;FUR-CH-10004063;626,982552
201406;Second Class;Central;FUR-TA-10002041;-195,085449
201406;Second Class;Central;OFF-AP-10002945;347,25075
201406;Second Class;Central;OFF-AR-10001953;6,46506
201406;Second Class;Central;OFF-BI-10003982;-24,263514
201406;Second Class;Central;OFF-PA-10000061;9,95328
201406;Second Class;Central;OFF-PA-10004082;16,758
201406;Second Class;Central;OFF-ST-10002276;33,7608
201406;Second Class;Central;TEC-AC-10000303;8,629842
201406;Second Class;Central;TEC-PH-10000376;0,467532
201406;Second Class;East;FUR-FU-10002685;14,212
201406;Second Class;East;FUR-TA-10004086;127,112832
201406;Second Class;East;FUR-TA-10004534;247,47121
201406;Second Class;East;OFF-AR-10002335;5,352984
201406;Second Class;East;OFF-PA-10001725;20,23272
201406;Second Class;East;OFF-PA-10003641;28,759476
201406;Second Class;South;FUR-FU-10004071;14,415786
201406;Second Class;South;OFF-EN-10004459;6,663608
201406;Second Class;South;OFF-LA-10003930;219,182145
201406;Second Class;South;OFF-ST-10002444;8,561616
201406;Second Class;South;TEC-PH-10002033;59,983092
201406;Second Class;West;OFF-AR-10000475;0,905982
201406;Second Class;West;OFF-AR-10001374;11,30112
201406;Second Class;West;OFF-AR-10003478;18,08708
201406;Second Class;West;TEC-PH-10002115;15,04572
201406;Standard Class;Central;FUR-BO-10001608;-15,104544
201406;Standard Class;Central;FUR-CH-10000225;26,23752
201406;Standard Class;Central;FUR-CH-10002758;63,67878
201406;Standard Class;Central;OFF-AP-10004859;9,52952
201406;Standard Class;Central;OFF-BI-10000756;-4,5792
201406;Standard Class;Central;OFF-BI-10001765;78,480384
201406;Standard Class;Central;OFF-FA-10002815;5,75424
201406;Standard Class;Central;OFF-FA-10003495;3,2224
201406;Standard Class;Central;OFF-PA-10000587;2,85376
201406;Standard Class;Central;OFF-PA-10001166;4,735584
201406;Standard Class;Central;OFF-PA-10002005;9,34416
201406;Standard Class;Central;OFF-ST-10004123;-136,28804
201406;Standard Class;Central;TEC-MA-10001972;-106,5148
201406;Standard Class;Central;TEC-PH-10000215;9,05205
201406;Standard Class;Central;TEC-PH-10000369;15,925136
201406;Standard Class;East;FUR-CH-10000454;0
201406;Standard Class;East;FUR-CH-10004698;-4,324332
201406;Standard Class;East;FUR-TA-10001039;19,225128
201406;Standard Class;East;OFF-AP-10001005;127,69614
201406;Standard Class;East;OFF-AR-10002135;75,4812
201406;Standard Class;East;OFF-AR-10003405;4,12776
201406;Standard Class;East;OFF-AR-10003469;1,284096
201406;Standard Class;East;OFF-AR-10003631;4,55202
201406;Standard Class;East;OFF-AR-10003772;8,19
201406;Standard Class;East;OFF-BI-10001072;21,757632
201406;Standard Class;East;OFF-BI-10002794;-34,30026
201406;Standard Class;East;OFF-BI-10002852;11,039952
201406;Standard Class;East;OFF-BI-10002867;120,767556
201406;Standard Class;East;OFF-EN-10000461;4,908384
201406;Standard Class;East;OFF-EN-10003286;15,76098
201406;Standard Class;East;OFF-LA-10001074;31,80114
201406;Standard Class;East;OFF-PA-10001685;6,586944
201406;Standard Class;East;OFF-ST-10004337;0
201406;Standard Class;East;TEC-AC-10000109;41,387808
201406;Standard Class;East;TEC-AC-10000158;1,068903
201406;Standard Class;East;TEC-MA-10000423;27,595251
201406;Standard Class;East;TEC-PH-10004093;-11,686059
201406;Standard Class;South;FUR-CH-10001394;0
201406;Standard Class;South;FUR-CH-10002647;9,04995
201406;Standard Class;South;FUR-TA-10003238;-326,290356
201406;Standard Class;South;OFF-AR-10001026;2,72976
201406;Standard Class;South;OFF-BI-10003094;-2,30736
201406;Standard Class;South;OFF-BI-10003982;57,537054
201406;Standard Class;South;OFF-BI-10004230;-24,848076
201406;Standard Class;South;OFF-BI-10004528;0,8484
201406;Standard Class;South;OFF-PA-10000304;13,208832
201406;Standard Class;South;OFF-PA-10003395;133,87248
201406;Standard Class;South;OFF-SU-10001664;3,966196
201406;Standard Class;West;FUR-BO-10000711;46,569978
201406;Standard Class;West;FUR-BO-10003272;-30,9372
201406;Standard Class;West;FUR-CH-10003379;-42,17704
201406;Standard Class;West;FUR-FU-10000246;25,73532
201406;Standard Class;West;FUR-FU-10000550;0,660348
201406;Standard Class;West;FUR-FU-10001487;15,869728
201406;Standard Class;West;FUR-FU-10001731;1,038096
201406;Standard Class;West;FUR-FU-10001935;7,2816
201406;Standard Class;West;FUR-FU-10002191;5,628672
201406;Standard Class;West;FUR-FU-10002878;20,864448
201406;Standard Class;West;FUR-FU-10003981;2,88288
201406;Standard Class;West;FUR-TA-10001520;-16,143894
201406;Standard Class;West;FUR-TA-10001539;102,37104
201406;Standard Class;West;OFF-AP-10001626;4,207424
201406;Standard Class;West;OFF-AP-10002892;40,3299
201406;Standard Class;West;OFF-AP-10003860;2,72048
201406;Standard Class;West;OFF-AR-10001919;0,92684
201406;Standard Class;West;OFF-AR-10002833;1,788696
201406;Standard Class;West;OFF-AR-10003752;10,94478
201406;Standard Class;West;OFF-AR-10004511;2,38824
201406;Standard Class;West;OFF-BI-10000069;-8,141424
201406;Standard Class;West;OFF-BI-10000174;3,4104
201406;Standard Class;West;OFF-BI-10001658;21,770112
201406;Standard Class;West;OFF-BI-10002557;-0,6916
201406;Standard Class;West;OFF-BI-10002706;-13,254696
201406;Standard Class;West;OFF-BI-10003876;19,7736
201406;Standard Class;West;OFF-BI-10003910;5,89815
201406;Standard Class;West;OFF-BI-10004995;1273,88664
201406;Standard Class;West;OFF-EN-10001539;7,814232
201406;Standard Class;West;OFF-FA-10000624;6,5335
201406;Standard Class;West;OFF-PA-10002319;22,930416
201406;Standard Class;West;OFF-ST-10001490;99,58626
201406;Standard Class;West;OFF-ST-10003470;97,25904
201406;Standard Class;West;OFF-SU-10001225;0,12512
201406;Standard Class;West;TEC-AC-10003628;23,896032
201406;Standard Class;West;TEC-MA-10004521;-167,317725
201406;Standard Class;West;TEC-PH-10001425;75,254592
201406;Standard Class;West;TEC-PH-10002033;62,204688
201406;Standard Class;West;TEC-PH-10002275;94,343808
201406;Standard Class;West;TEC-PH-10002563;256,818016
201406;Standard Class;West;TEC-PH-10004539;257,177592
201407;First Class;Central;FUR-FU-10001591;4,8312
201407;First Class;Central;FUR-FU-10003192;13,912344
201407;First Class;Central;OFF-BI-10001787;-6,93567
201407;First Class;Central;OFF-PA-10000552;3,846528
201407;First Class;Central;TEC-CO-10001046;155,747775
201407;First Class;Central;TEC-PH-10000895;34,126104
201407;First Class;East;OFF-AR-10003481;4,337472
201407;First Class;East;OFF-PA-10003971;5,56738
201407;First Class;East;OFF-ST-10001490;189,53514
201407;First Class;East;TEC-AC-10000023;15,702336
201407;First Class;South;OFF-AP-10000692;2,886448
201407;First Class;South;OFF-BI-10002498;25,73613
201407;First Class;South;OFF-LA-10001934;5,359692
201407;First Class;South;OFF-PA-10000304;9,517824
201407;First Class;South;OFF-PA-10001977;48,467328
201407;First Class;South;OFF-PA-10004569;12,554217
201407;First Class;South;TEC-AC-10003911;119,128554
201407;First Class;West;FUR-CH-10002647;10,647
201407;First Class;West;FUR-FU-10003577;10,84104
201407;First Class;West;OFF-BI-10001982;2,397952
201407;First Class;West;OFF-PA-10000418;49,32144
201407;First Class;West;OFF-PA-10002230;7,515816
201407;First Class;West;TEC-AC-10001314;7,758448
201407;First Class;West;TEC-PH-10004912;35,37681
201407;Same Day;East;FUR-FU-10003623;9,351936
201407;Same Day;East;OFF-EN-10000781;12,223764
201407;Same Day;East;OFF-FA-10000621;4,41235
201407;Same Day;South;OFF-ST-10000563;-34,47444
201407;Same Day;South;OFF-ST-10001522;-43,713648
201407;Same Day;West;FUR-CH-10002372;-20,73088
201407;Same Day;West;OFF-BI-10000977;-21,23136
201407;Same Day;West;OFF-ST-10002583;-6,23616
201407;Second Class;Central;FUR-FU-10004351;24,342208
201407;Second Class;Central;OFF-BI-10003355;8,22696
201407;Second Class;Central;OFF-PA-10002195;2,286144
201407;Second Class;Central;OFF-ST-10001228;16,395344
201407;Second Class;Central;OFF-SU-10000151;314,40576
201407;Second Class;Central;OFF-SU-10002522;5,40096
201407;Second Class;East;OFF-ST-10003123;1,384864
201407;Second Class;East;OFF-ST-10004804;-33,451704
201407;Second Class;South;FUR-CH-10000155;57,4176
201407;Second Class;South;FUR-TA-10004767;17,439786
201407;Second Class;South;OFF-AR-10003190;2,677248
201407;Second Class;South;OFF-AR-10004999;4,485
201407;Second Class;South;OFF-ST-10003058;68,585
201407;Second Class;West;OFF-PA-10001526;14,29758
201407;Second Class;West;OFF-ST-10002574;0
201407;Second Class;West;TEC-AC-10002842;39,6032
201407;Second Class;West;TEC-AC-10002857;3,6058
201407;Standard Class;Central;FUR-CH-10001797;10,805184
201407;Standard Class;Central;FUR-CH-10003379;254,34465
201407;Standard Class;Central;FUR-FU-10000629;42,743484
201407;Standard Class;Central;OFF-AR-10002833;0,43953
201407;Standard Class;Central;OFF-BI-10001098;-32,47622
201407;Standard Class;Central;OFF-BI-10001670;79,3962
201407;Standard Class;Central;OFF-BI-10002103;3,434288
201407;Standard Class;Central;OFF-BI-10003094;4,067712
201407;Standard Class;Central;OFF-LA-10001175;7,12656
201407;Standard Class;Central;OFF-PA-10000474;91,6124
201407;Standard Class;Central;OFF-SU-10004664;10,74073
201407;Standard Class;Central;TEC-AC-10002167;5,643
201407;Standard Class;Central;TEC-PH-10000441;52,613424
201407;Standard Class;Central;TEC-PH-10001552;4,516096
201407;Standard Class;Central;TEC-PH-10003885;54,540735
201407;Standard Class;Central;TEC-PH-10004531;45,3564
201407;Standard Class;East;FUR-CH-10000553;19,793808
201407;Standard Class;East;FUR-CH-10004997;-91,1703
201407;Standard Class;East;FUR-FU-10000719;9,903492
201407;Standard Class;East;FUR-FU-10001057;1,43928
201407;Standard Class;East;FUR-TA-10003715;-61,55478
201407;Standard Class;East;FUR-TA-10004152;-4,8384
201407;Standard Class;East;OFF-AP-10000124;-13,238784
201407;Standard Class;East;OFF-AR-10001044;4,584636
201407;Standard Class;East;OFF-AR-10002053;1,201536
201407;Standard Class;East;OFF-AR-10004757;5,260464
201407;Standard Class;East;OFF-BI-10000145;8,25552
201407;Standard Class;East;OFF-BI-10000494;-1,49814
201407;Standard Class;East;OFF-BI-10001597;71,600256
201407;Standard Class;East;OFF-BI-10002160;1,64592
201407;Standard Class;East;OFF-BI-10003694;7,875936
201407;Standard Class;East;OFF-EN-10003567;34,42068
201407;Standard Class;East;OFF-FA-10000304;3,190866
201407;Standard Class;East;OFF-LA-10002762;91,86996
201407;Standard Class;East;OFF-PA-10002245;4,44015
201407;Standard Class;East;OFF-PA-10003072;2,54016
201407;Standard Class;East;OFF-PA-10004734;10,92
201407;Standard Class;East;TEC-AC-10002006;37,821147
201407;Standard Class;East;TEC-AC-10002567;46,650168
201407;Standard Class;East;TEC-AC-10003709;1,319868
201407;Standard Class;East;TEC-PH-10000895;103,890228
201407;Standard Class;East;TEC-PH-10002070;-2,04659
201407;Standard Class;East;TEC-PH-10002583;-14,27286
201407;Standard Class;South;FUR-CH-10002024;-107,95092
201407;Standard Class;South;FUR-FU-10003724;-17,0748
201407;Standard Class;South;FUR-FU-10004666;-7,04214
201407;Standard Class;South;OFF-AP-10000576;9,617328
201407;Standard Class;South;OFF-AP-10003281;-12,8154
201407;Standard Class;South;OFF-BI-10000546;-3,99168
201407;Standard Class;South;OFF-BI-10001524;-21,214976
201407;Standard Class;South;OFF-BI-10001679;-10,9224
201407;Standard Class;South;OFF-BI-10002954;4,67054
201407;Standard Class;South;OFF-BI-10004995;-3405,741376
201407;Standard Class;South;OFF-PA-10001970;18,930848
201407;Standard Class;South;OFF-PA-10002709;29,975946
201407;Standard Class;South;OFF-ST-10003306;42,42942
201407;Standard Class;South;TEC-AC-10002076;-31,25736
201407;Standard Class;South;TEC-PH-10004586;69,8303
201407;Standard Class;West;FUR-BO-10002916;239,098432
201407;Standard Class;West;FUR-BO-10004218;7,40145
201407;Standard Class;West;FUR-CH-10000155;41,14928
201407;Standard Class;West;FUR-CH-10001215;42,08232
201407;Standard Class;West;FUR-CH-10002126;-12,003816
201407;Standard Class;West;FUR-CH-10002880;-37,856322
201407;Standard Class;West;FUR-CH-10003312;-98,62398
201407;Standard Class;West;FUR-FU-10003039;12,921748
201407;Standard Class;West;FUR-FU-10004018;25,689717
201407;Standard Class;West;FUR-TA-10002855;3,424356
201407;Standard Class;West;FUR-TA-10004175;25,647712
201407;Standard Class;West;FUR-TA-10004575;-12,395748
201407;Standard Class;West;OFF-AR-10000658;0,7854
201407;Standard Class;West;OFF-AR-10000716;1,697436
201407;Standard Class;West;OFF-AR-10002067;30,43456
201407;Standard Class;West;OFF-AR-10003158;4,212432
201407;Standard Class;West;OFF-AR-10003251;1,80144
201407;Standard Class;West;OFF-BI-10001759;2,077212
201407;Standard Class;West;OFF-BI-10001982;-5,9976
201407;Standard Class;West;OFF-BI-10002609;3,25416
201407;Standard Class;West;OFF-BI-10003291;13,43547
201407;Standard Class;West;OFF-BI-10003314;2,963336
201407;Standard Class;West;OFF-FA-10001561;0,612144
201407;Standard Class;West;OFF-LA-10004559;1,538208
201407;Standard Class;West;OFF-PA-10001804;6,228432
201407;Standard Class;West;OFF-PA-10002365;13,9968
201407;Standard Class;West;OFF-ST-10000107;42,70725
201407;Standard Class;West;OFF-ST-10000760;7,48629
201407;Standard Class;West;OFF-ST-10001505;3,65976
201407;Standard Class;West;TEC-AC-10002076;-22,7544
201407;Standard Class;West;TEC-AC-10003911;172,021248
201407;Standard Class;West;TEC-AC-10004814;49,06839
201407;Standard Class;West;TEC-PH-10000439;22,746312
201407;Standard Class;West;TEC-PH-10001363;134,51764
201407;Standard Class;West;TEC-PH-10002923;21,173076
201407;Standard Class;West;TEC-PH-10004100;11,08184
201408;First Class;East;FUR-FU-10002456;13,898976
201408;First Class;East;FUR-FU-10004586;7,64928
201408;First Class;East;FUR-TA-10003569;210,5145
201408;First Class;East;OFF-BI-10000138;7,07616
201408;First Class;East;OFF-BI-10001116;3,148992
201408;First Class;East;OFF-PA-10001846;3,96508
201408;First Class;East;TEC-AC-10000023;111,879144
201408;First Class;East;TEC-PH-10000455;200,140745
201408;First Class;South;OFF-AP-10004708;17,81208
201408;First Class;South;OFF-BI-10001989;31,419648
201408;First Class;South;OFF-PA-10000312;24,34744
201408;First Class;West;FUR-TA-10004289;-160,25625
201408;First Class;West;OFF-AP-10003622;0,28665
201408;First Class;West;OFF-BI-10003638;-61,57944
201408;First Class;West;OFF-BI-10004506;6,9132
201408;Same Day;Central;OFF-PA-10003936;12,814848
201408;Same Day;Central;OFF-PA-10004530;24,075856
201408;Same Day;West;OFF-BI-10002799;2,882152
201408;Same Day;West;OFF-PA-10003001;7,310592
201408;Same Day;West;OFF-PA-10004475;63,017136
201408;Second Class;Central;FUR-FU-10000723;27,853812
201408;Second Class;Central;OFF-BI-10000632;20,993076
201408;Second Class;Central;TEC-AC-10000023;17,438652
201408;Second Class;East;FUR-CH-10004495;-7,103128
201408;Second Class;East;OFF-AR-10002804;1,160397
201408;Second Class;East;OFF-BI-10001718;-54,741288
201408;Second Class;East;OFF-EN-10002504;40,949388
201408;Second Class;East;OFF-EN-10002600;1,4868
201408;Second Class;East;OFF-FA-10000621;16,133628
201408;Second Class;East;OFF-PA-10001934;8,192016
201408;Second Class;East;OFF-PA-10004965;6,74325
201408;Second Class;East;OFF-SU-10004661;6,63
201408;Second Class;East;OFF-SU-10004768;0,89544
201408;Second Class;South;OFF-AP-10003590;247,1553
201408;Second Class;South;OFF-AR-10000896;2,9848
201408;Second Class;South;OFF-BI-10002852;5,25712
201408;Second Class;South;OFF-PA-10000806;250,163424
201408;Second Class;South;OFF-ST-10002289;6,91215
201408;Second Class;South;TEC-PH-10002310;31,846815
201408;Second Class;West;FUR-BO-10000468;-6,60688
201408;Second Class;West;FUR-CH-10002335;232,79009
201408;Second Class;West;FUR-TA-10001857;-93,04218
201408;Second Class;West;OFF-AP-10002765;16,911216
201408;Second Class;West;OFF-AR-10003056;2,532048
201408;Second Class;West;OFF-AR-10004165;1,484736
201408;Second Class;West;OFF-BI-10001575;18,21624
201408;Second Class;West;OFF-BI-10002215;7,82704
201408;Second Class;West;OFF-BI-10004390;-255,95584
201408;Second Class;West;OFF-EN-10001749;9,508752
201408;Second Class;West;OFF-PA-10001289;25,965324
201408;Second Class;West;OFF-PA-10002986;7,182336
201408;Second Class;West;OFF-ST-10000532;123,259136
201408;Second Class;West;OFF-SU-10003936;-1,8126
201408;Second Class;West;TEC-PH-10001949;15,69078
201408;Standard Class;Central;FUR-CH-10001797;169,731432
201408;Standard Class;Central;FUR-FU-10001731;3,896064
201408;Standard Class;Central;FUR-FU-10002088;19,687752
201408;Standard Class;Central;FUR-TA-10001307;49,90146
201408;Standard Class;Central;OFF-AP-10002495;33,1347
201408;Standard Class;Central;OFF-BI-10001359;366,779211
201408;Standard Class;Central;OFF-BI-10004600;689,061275
201408;Standard Class;Central;OFF-EN-10002500;14,66505
201408;Standard Class;Central;OFF-FA-10000992;2,20455
201408;Standard Class;Central;OFF-PA-10000246;9,810512
201408;Standard Class;Central;OFF-PA-10001639;3,864672
201408;Standard Class;Central;OFF-PA-10002160;6,202518
201408;Standard Class;Central;OFF-PA-10002659;1,08836
201408;Standard Class;Central;OFF-ST-10004459;14,26292
201408;Standard Class;Central;TEC-AC-10001635;12,9528
201408;Standard Class;Central;TEC-AC-10004571;74,752524
201408;Standard Class;Central;TEC-CO-10001571;197,9964
201408;Standard Class;Central;TEC-PH-10001128;83,154456
201408;Standard Class;East;FUR-BO-10000711;193,179168
201408;Standard Class;East;FUR-CH-10003833;-10,85444
201408;Standard Class;East;FUR-FU-10000771;2,927736
201408;Standard Class;East;FUR-FU-10001602;-2,12408
201408;Standard Class;East;OFF-AP-10002403;12,833316
201408;Standard Class;East;OFF-AP-10003287;50,521464
201408;Standard Class;East;OFF-AR-10004344;3,567025
201408;Standard Class;East;OFF-BI-10001758;12,67449
201408;Standard Class;East;OFF-BI-10002309;6,187104
201408;Standard Class;East;OFF-BI-10003638;15,99858
201408;Standard Class;East;OFF-LA-10000443;0,727299
201408;Standard Class;East;OFF-PA-10000167;33,4584
201408;Standard Class;East;OFF-PA-10000295;11,539584
201408;Standard Class;East;OFF-PA-10001019;20,283696
201408;Standard Class;East;OFF-PA-10001667;2,26044
201408;Standard Class;East;OFF-PA-10004983;8,833536
201408;Standard Class;East;OFF-ST-10000991;8,070894
201408;Standard Class;East;OFF-ST-10002011;233,153478
201408;Standard Class;East;OFF-ST-10003221;6,516936
201408;Standard Class;East;OFF-ST-10004258;11,999988
201408;Standard Class;East;OFF-SU-10000432;-0,73911
201408;Standard Class;East;OFF-SU-10002537;21,2784
201408;Standard Class;East;TEC-AC-10001767;-12,95676
201408;Standard Class;East;TEC-AC-10002399;32,25792
201408;Standard Class;East;TEC-AC-10002473;41,7186
201408;Standard Class;East;TEC-AC-10003237;7,93092
201408;Standard Class;East;TEC-PH-10000038;-46,463616
201408;Standard Class;East;TEC-PH-10000895;86,179212
201408;Standard Class;East;TEC-PH-10001530;62,74216
201408;Standard Class;South;FUR-FU-10000629;9,1014
201408;Standard Class;South;FUR-FU-10002878;24,657984
201408;Standard Class;South;FUR-FU-10003274;1,191168
201408;Standard Class;South;OFF-AP-10001005;8,79307
201408;Standard Class;South;OFF-AR-10003770;2,204928
201408;Standard Class;South;OFF-BI-10000829;6,278816
201408;Standard Class;South;OFF-BI-10001097;-5,952765
201408;Standard Class;South;OFF-BI-10002854;106,93445
201408;Standard Class;South;OFF-FA-10002676;4,515588
201408;Standard Class;South;OFF-FA-10004838;-0,739908
201408;Standard Class;South;OFF-LA-10000240;4,677669
201408;Standard Class;South;OFF-PA-10000019;10,450944
201408;Standard Class;South;OFF-PA-10000595;51,48136
201408;Standard Class;South;OFF-PA-10001125;53,67285
201408;Standard Class;South;OFF-PA-10001837;4,300128
201408;Standard Class;South;OFF-PA-10001937;4,0824
201408;Standard Class;South;OFF-PA-10002377;33,18132
201408;Standard Class;South;OFF-SU-10004661;0,4029
201408;Standard Class;South;TEC-AC-10000844;127,281024
201408;Standard Class;South;TEC-AC-10002800;38,84223
201408;Standard Class;South;TEC-PH-10000149;12,71214
201408;Standard Class;South;TEC-PH-10002398;23,4129
201408;Standard Class;South;TEC-PH-10003691;51,90788
201408;Standard Class;West;FUR-CH-10003817;15,09389
201408;Standard Class;West;FUR-FU-10001979;95,443712
201408;Standard Class;West;FUR-FU-10003691;5,65136
201408;Standard Class;West;FUR-TA-10001539;-177,443136
201408;Standard Class;West;OFF-AP-10001271;23,124528
201408;Standard Class;West;OFF-AP-10004708;17,218344
201408;Standard Class;West;OFF-AR-10003903;9,373936
201408;Standard Class;West;OFF-AR-10004165;7,513968
201408;Standard Class;West;OFF-AR-10004602;10,557008
201408;Standard Class;West;OFF-AR-10004930;1,37618
201408;Standard Class;West;OFF-BI-10001982;-4,523904
201408;Standard Class;West;OFF-BI-10002103;-19,521216
201408;Standard Class;West;OFF-BI-10002133;-39,40596
201408;Standard Class;West;OFF-BI-10002225;-17,83296
201408;Standard Class;West;OFF-BI-10002432;12,00991
201408;Standard Class;West;OFF-BI-10004141;-2,358288
201408;Standard Class;West;OFF-FA-10004854;11,222848
201408;Standard Class;West;OFF-LA-10000262;9,988992
201408;Standard Class;West;OFF-PA-10000659;7,282932
201408;Standard Class;West;OFF-PA-10001144;47,93472
201408;Standard Class;West;OFF-PA-10004353;139,636224
201408;Standard Class;West;OFF-ST-10000321;0,511272
201408;Standard Class;West;OFF-ST-10000563;8,44272
201408;Standard Class;West;TEC-AC-10002323;21,8348
201408;Standard Class;West;TEC-AC-10002473;74,352762
201408;Standard Class;West;TEC-AC-10004510;1,24336
201408;Standard Class;West;TEC-CO-10004115;391,49217
201408;Standard Class;West;TEC-PH-10002398;52,4003
201408;Standard Class;West;TEC-PH-10002468;44,06076
201409;First Class;Central;FUR-FU-10001546;-5,30796
201409;First Class;Central;OFF-AR-10002375;3,42432
201409;First Class;Central;OFF-AR-10002445;9,604728
201409;First Class;Central;OFF-BI-10002949;-4,5144
201409;First Class;Central;OFF-BI-10004965;18,47475
201409;First Class;Central;OFF-LA-10004425;7,373835
201409;First Class;Central;OFF-PA-10004000;4,814667
201409;First Class;Central;OFF-PA-10004100;10,124352
201409;First Class;East;FUR-BO-10002213;-7,113916
201409;First Class;East;FUR-BO-10004218;-62,7361
201409;First Class;East;FUR-CH-10001394;144,60788
201409;First Class;East;FUR-FU-10001986;89,4699
201409;First Class;East;FUR-FU-10002501;13,150656
201409;First Class;East;OFF-AP-10000358;8,958796
201409;First Class;East;OFF-AP-10003281;10,01052
201409;First Class;East;OFF-AP-10003842;5,63836
201409;First Class;East;OFF-AP-10004532;18,137088
201409;First Class;East;OFF-AR-10000634;2,939076
201409;First Class;East;OFF-BI-10002931;13,46274
201409;First Class;East;OFF-BI-10004099;-10,2528
201409;First Class;East;OFF-LA-10002762;35,3346
201409;First Class;East;OFF-PA-10000029;3,1104
201409;First Class;East;OFF-PA-10003543;4,89888
201409;First Class;East;TEC-AC-10004353;43,3755
201409;First Class;East;TEC-MA-10000029;31,901442
201409;First Class;East;TEC-PH-10002185;2,8495
201409;First Class;East;TEC-PH-10003072;595,31031
201409;First Class;East;TEC-PH-10003484;171,661375
201409;First Class;South;OFF-BI-10000050;-3,82812
201409;First Class;West;FUR-CH-10000454;57,09132
201409;First Class;West;FUR-FU-10001487;13,481172
201409;First Class;West;FUR-FU-10001967;2,11894
201409;First Class;West;FUR-FU-10002116;5,147688
201409;First Class;West;FUR-TA-10004154;-22,25956
201409;First Class;West;OFF-AP-10001303;8,14905
201409;First Class;West;OFF-AR-10000658;13,4211
201409;First Class;West;OFF-AR-10003179;2,629146
201409;First Class;West;OFF-BI-10000050;-4,5771
201409;First Class;West;OFF-LA-10001934;21,98848
201409;First Class;West;OFF-PA-10000349;8,07507
201409;First Class;West;OFF-PA-10004888;9,424512
201409;First Class;West;TEC-AC-10000023;31,102704
201409;First Class;West;TEC-AC-10002718;-2,36358
201409;First Class;West;TEC-AC-10004209;14,401296
201409;First Class;West;TEC-PH-10000675;15,643692
201409;Same Day;Central;OFF-AP-10003217;41,75892
201409;Same Day;East;FUR-CH-10000988;172,097982
201409;Same Day;East;FUR-FU-10001918;5,036031
201409;Same Day;East;OFF-AP-10004785;7,112974
201409;Same Day;East;OFF-FA-10000053;0,1134
201409;Same Day;East;OFF-FA-10000840;2,51826
201409;Same Day;East;OFF-LA-10001175;6,13872
201409;Same Day;East;OFF-PA-10002923;23,7359
201409;Same Day;East;OFF-SU-10001574;1,752
201409;Same Day;East;TEC-AC-10000865;20,06
201409;Same Day;East;TEC-AC-10001606;86,631336
201409;Same Day;East;TEC-AC-10003399;60,274368
201409;Same Day;West;FUR-TA-10001039;-82,334448
201409;Same Day;West;OFF-AP-10002945;208,35045
201409;Same Day;West;OFF-BI-10003460;-1,065216
201409;Same Day;West;OFF-EN-10001099;37,78992
201409;Same Day;West;OFF-PA-10000213;21,908016
201409;Same Day;West;TEC-MA-10003979;1317,101184
201409;Same Day;West;TEC-PH-10000526;71,762124
201409;Same Day;West;TEC-PH-10001536;4,991662
201409;Second Class;Central;FUR-FU-10002456;5,575752
201409;Second Class;Central;OFF-BI-10004040;-8,18958
201409;Second Class;Central;OFF-LA-10001613;1,219392
201409;Second Class;Central;OFF-PA-10000788;4,0824
201409;Second Class;Central;OFF-PA-10001622;2,3835
201409;Second Class;Central;TEC-AC-10002134;-4,221936
201409;Second Class;Central;TEC-MA-10000822;-413,09757
201409;Second Class;Central;TEC-MA-10003353;-236,876052
201409;Second Class;Central;TEC-PH-10002549;-28,774564
201409;Second Class;East;FUR-CH-10003761;169,75008
201409;Second Class;East;OFF-AP-10002191;14,539152
201409;Second Class;East;OFF-BI-10001071;-68,228272
201409;Second Class;East;OFF-BI-10002026;40,00185
201409;Second Class;East;OFF-BI-10004022;-2,10168
201409;Second Class;East;OFF-BI-10004308;37,764
201409;Second Class;East;OFF-PA-10000174;9,953096
201409;Second Class;East;OFF-PA-10001144;76,695552
201409;Second Class;East;OFF-PA-10004665;9,24336
201409;Second Class;East;OFF-ST-10000078;245,81259
201409;Second Class;East;OFF-SU-10004290;8,347536
201409;Second Class;South;FUR-FU-10001706;2,099328
201409;Second Class;South;FUR-FU-10004020;4,000758
201409;Second Class;South;FUR-TA-10002958;279,50958
201409;Second Class;South;OFF-AP-10003914;1,209
201409;Second Class;West;FUR-CH-10002024;420,588
201409;Second Class;West;FUR-CH-10002961;0
201409;Second Class;West;FUR-FU-10000521;39,292128
201409;Second Class;West;FUR-FU-10000550;-8,0676
201409;Second Class;West;FUR-FU-10004270;19,868436
201409;Second Class;West;FUR-FU-10004665;166,677264
201409;Second Class;West;OFF-AR-10004042;12,983358
201409;Second Class;West;OFF-BI-10000948;16,700181
201409;Second Class;West;OFF-BI-10001721;-11,220224
201409;Second Class;West;OFF-FA-10000053;-1,619352
201409;Second Class;West;OFF-LA-10000121;7,21602
201409;Second Class;West;OFF-PA-10000223;5,785344
201409;Second Class;West;OFF-PA-10001289;41,023584
201409;Second Class;West;OFF-PA-10004610;1,6692
201409;Second Class;West;OFF-ST-10002615;413,638056
201409;Second Class;West;TEC-AC-10001606;52,374762
201409;Second Class;West;TEC-CO-10002313;737,087715
201409;Second Class;West;TEC-PH-10000215;28,3095
201409;Second Class;West;TEC-PH-10003012;26,33229
201409;Standard Class;Central;FUR-CH-10003973;147,21696
201409;Standard Class;Central;FUR-CH-10004287;-25,35516
201409;Standard Class;Central;FUR-CH-10004698;50,790656
201409;Standard Class;Central;FUR-FU-10000758;7,965184
201409;Standard Class;Central;FUR-FU-10001095;3,33648
201409;Standard Class;Central;FUR-FU-10002456;5,259072
201409;Standard Class;Central;FUR-FU-10002878;56,90304
201409;Standard Class;Central;FUR-TA-10001039;129,65784
201409;Standard Class;Central;FUR-TA-10004534;-415,83564
201409;Standard Class;Central;OFF-AP-10000891;-148,1656
201409;Standard Class;Central;OFF-AP-10001492;2,358432
201409;Standard Class;Central;OFF-AP-10001634;1,453248
201409;Standard Class;Central;OFF-AP-10002518;-512,84937
201409;Standard Class;Central;OFF-AP-10004785;22,41074
201409;Standard Class;Central;OFF-AR-10001615;10,83264
201409;Standard Class;Central;OFF-AR-10002656;6,200376
201409;Standard Class;Central;OFF-AR-10004441;2,7324
201409;Standard Class;Central;OFF-BI-10000474;13,84992
201409;Standard Class;Central;OFF-BI-10000822;2,982672
201409;Standard Class;Central;OFF-BI-10001890;3,127488
201409;Standard Class;Central;OFF-BI-10003274;-4,66854
201409;Standard Class;Central;OFF-BI-10003314;4,676364
201409;Standard Class;Central;OFF-EN-10001453;76,523802
201409;Standard Class;Central;OFF-EN-10001539;7,898256
201409;Standard Class;Central;OFF-EN-10003072;6,007792
201409;Standard Class;Central;OFF-EN-10004483;39,77046
201409;Standard Class;Central;OFF-FA-10002988;1,47735
201409;Standard Class;Central;OFF-LA-10003148;5,11056
201409;Standard Class;Central;OFF-LA-10003923;62,16
201409;Standard Class;Central;OFF-PA-10000174;10,769328
201409;Standard Class;Central;OFF-PA-10000327;18,2007
201409;Standard Class;Central;OFF-PA-10000349;7,864416
201409;Standard Class;Central;OFF-PA-10002246;8,72298
201409;Standard Class;Central;OFF-PA-10004092;25,4488
201409;Standard Class;Central;OFF-ST-10000991;-51,012189
201409;Standard Class;Central;OFF-ST-10001034;5,29995
201409;Standard Class;Central;OFF-ST-10002344;-10,349244
201409;Standard Class;Central;OFF-ST-10002406;3,269448
201409;Standard Class;Central;OFF-ST-10002615;79,018576
201409;Standard Class;Central;OFF-ST-10003327;6,91128
201409;Standard Class;Central;TEC-AC-10001383;6,967212
201409;Standard Class;Central;TEC-AC-10002370;0,33096
201409;Standard Class;Central;TEC-MA-10000822;-1441,59152
201409;Standard Class;Central;TEC-MA-10004679;-598,51092
201409;Standard Class;Central;TEC-PH-10001299;17,278848
201409;Standard Class;Central;TEC-PH-10003589;5,137944
201409;Standard Class;Central;TEC-PH-10003931;8,548575
201409;Standard Class;East;FUR-BO-10002916;23,800416
201409;Standard Class;East;FUR-FU-10000221;5,388864
201409;Standard Class;East;FUR-FU-10001588;41,40642
201409;Standard Class;East;FUR-FU-10003464;9,7344
201409;Standard Class;East;FUR-FU-10004006;25,66677
201409;Standard Class;East;OFF-AP-10001366;14,23008
201409;Standard Class;East;OFF-AP-10001962;3,06235
201409;Standard Class;East;OFF-BI-10001636;6,641154
201409;Standard Class;East;OFF-BI-10003712;-3,258276
201409;Standard Class;East;OFF-BI-10004519;118,01178
201409;Standard Class;East;OFF-BI-10004716;9,224544
201409;Standard Class;East;OFF-BI-10004876;4,468016
201409;Standard Class;East;OFF-EN-10003845;4,124682
201409;Standard Class;East;OFF-PA-10001457;26,903552
201409;Standard Class;East;OFF-PA-10001804;2,768192
201409;Standard Class;East;OFF-PA-10003063;8,2656
201409;Standard Class;East;OFF-ST-10000675;39,397125
201409;Standard Class;East;OFF-ST-10001321;10,491768
201409;Standard Class;East;OFF-ST-10001809;10,51011
201409;Standard Class;East;OFF-ST-10002301;0,288828
201409;Standard Class;East;OFF-SU-10000157;7,51653
201409;Standard Class;East;TEC-AC-10000844;98,996352
201409;Standard Class;East;TEC-AC-10001542;10,57882
201409;Standard Class;East;TEC-AC-10002842;58,8336
201409;Standard Class;East;TEC-PH-10002075;90,977379
201409;Standard Class;East;TEC-PH-10002726;22,99062
201409;Standard Class;South;FUR-CH-10000454;106,1313
201409;Standard Class;South;FUR-CH-10004289;11,690364
201409;Standard Class;South;FUR-CH-10004983;86,220888
201409;Standard Class;South;FUR-FU-10001876;34,727616
201409;Standard Class;South;FUR-FU-10004188;44,15268
201409;Standard Class;South;FUR-TA-10004147;-14,510016
201409;Standard Class;South;FUR-TA-10004175;-85,128576
201409;Standard Class;South;FUR-TA-10004607;-40,328024
201409;Standard Class;South;OFF-AP-10000696;12,147408
201409;Standard Class;South;OFF-AP-10001469;15,0156
201409;Standard Class;South;OFF-AR-10000380;75,65616
201409;Standard Class;South;OFF-AR-10002833;1,32678
201409;Standard Class;South;OFF-AR-10002956;19,056258
201409;Standard Class;South;OFF-AR-10003045;2,48724
201409;Standard Class;South;OFF-AR-10003469;4,1536
201409;Standard Class;South;OFF-AR-10003876;4,3032
201409;Standard Class;South;OFF-BI-10001308;2,198
201409;Standard Class;South;OFF-BI-10001679;-13,17792
201409;Standard Class;South;OFF-BI-10002429;-51,096584
201409;Standard Class;South;OFF-BI-10003355;0,97608
201409;Standard Class;South;OFF-BI-10004654;5,95464
201409;Standard Class;South;OFF-FA-10001561;3,079032
201409;Standard Class;South;OFF-LA-10002945;16,93692
201409;Standard Class;South;OFF-PA-10000533;5,985408
201409;Standard Class;South;OFF-PA-10001800;2,757888
201409;Standard Class;South;OFF-PA-10002105;2,239488
201409;Standard Class;South;OFF-PA-10004888;5,606496
201409;Standard Class;South;OFF-ST-10000046;156,54195
201409;Standard Class;South;OFF-ST-10000736;22,156128
201409;Standard Class;South;OFF-ST-10001321;22,232556
201409;Standard Class;South;OFF-ST-10002574;-73,76676
201409;Standard Class;South;OFF-ST-10004340;18,971118
201409;Standard Class;South;OFF-ST-10004459;-283,75704
201409;Standard Class;South;TEC-AC-10002399;2,236752
201409;Standard Class;South;TEC-MA-10002210;-98,229105
201409;Standard Class;South;TEC-MA-10004241;176,21266
201409;Standard Class;West;FUR-BO-10001337;43,18986
201409;Standard Class;West;FUR-BO-10003272;-78,757272
201409;Standard Class;West;FUR-CH-10002602;46,65282
201409;Standard Class;West;FUR-CH-10004287;-11,7385
201409;Standard Class;West;FUR-CH-10004698;-9,426072
201409;Standard Class;West;FUR-FU-10000222;13,849472
201409;Standard Class;West;FUR-FU-10000277;18,371296
201409;Standard Class;West;FUR-FU-10004671;15,040704
201409;Standard Class;West;FUR-FU-10004952;47,344626
201409;Standard Class;West;OFF-AR-10000411;5,21238
201409;Standard Class;West;OFF-AR-10001473;0,404096
201409;Standard Class;West;OFF-AR-10003179;2,771262
201409;Standard Class;West;OFF-BI-10000301;5,8877
201409;Standard Class;West;OFF-BI-10001120;3380,247115
201409;Standard Class;West;OFF-BI-10001249;-7,678968
201409;Standard Class;West;OFF-BI-10001359;758,85354
201409;Standard Class;West;OFF-BI-10002735;49,560795
201409;Standard Class;West;OFF-BI-10002982;-4,271232
201409;Standard Class;West;OFF-BI-10003910;14,0322
201409;Standard Class;West;OFF-BI-10004632;-491,0339
201409;Standard Class;West;OFF-EN-10001509;0,815184
201409;Standard Class;West;OFF-FA-10000624;2,685
201409;Standard Class;West;OFF-FA-10000936;4,85275
201409;Standard Class;West;OFF-FA-10002280;20,088
201409;Standard Class;West;OFF-LA-10001569;5,360472
201409;Standard Class;West;OFF-PA-10000246;12,68566
201409;Standard Class;West;OFF-PA-10000482;63,306684
201409;Standard Class;West;OFF-PA-10000675;46,19573
201409;Standard Class;West;OFF-PA-10000682;1,877344
201409;Standard Class;West;OFF-PA-10002259;5,63976
201409;Standard Class;West;OFF-PA-10003039;35,3172
201409;Standard Class;West;OFF-PA-10003270;8,7648
201409;Standard Class;West;OFF-PA-10003724;10,217088
201409;Standard Class;West;OFF-PA-10004610;3,15864
201409;Standard Class;West;OFF-PA-10004888;14,15232
201409;Standard Class;West;OFF-ST-10000585;13,8768
201409;Standard Class;West;OFF-ST-10000736;11,3372
201409;Standard Class;West;OFF-ST-10000943;18,815664
201409;Standard Class;West;OFF-ST-10001713;7,376208
201409;Standard Class;West;OFF-ST-10003722;6,742818
201409;Standard Class;West;OFF-ST-10004963;1,380768
201409;Standard Class;West;TEC-AC-10001109;9,368876
201409;Standard Class;West;TEC-AC-10003628;20,585136
201409;Standard Class;West;TEC-AC-10004633;14,93064
201409;Standard Class;West;TEC-AC-10004859;33,84128
201409;Standard Class;West;TEC-MA-10000029;96,607197
201409;Standard Class;West;TEC-MA-10001127;-699,296004
201409;Standard Class;West;TEC-MA-10002073;-514,79604
201409;Standard Class;West;TEC-MA-10004086;-23,48115
201410;First Class;Central;FUR-CH-10003298;-6,09057
201410;First Class;Central;FUR-CH-10003761;-9,194796
201410;First Class;Central;OFF-PA-10002230;2,686212
201410;First Class;Central;TEC-PH-10001363;345,41394
201410;First Class;East;FUR-BO-10001337;-43,5528
201410;First Class;East;FUR-TA-10000617;-140,07978
201410;First Class;East;FUR-TA-10003008;-150,82281
201410;First Class;East;OFF-AP-10004708;12,742488
201410;First Class;East;OFF-BI-10002353;20,75136
201410;First Class;East;OFF-BI-10002432;7,49133
201410;First Class;East;OFF-BI-10004140;1,59395
201410;First Class;East;OFF-EN-10003160;17,99616
201410;First Class;East;OFF-ST-10000934;-25,57152
201410;First Class;East;OFF-ST-10003442;32,4513
201410;First Class;East;OFF-ST-10003641;7,37568
201410;First Class;East;OFF-SU-10000646;13,268424
201410;First Class;East;OFF-SU-10002301;0,048984
201410;First Class;East;TEC-AC-10001542;3,2718
201410;First Class;South;OFF-EN-10004846;3,332448
201410;First Class;South;OFF-FA-10000735;1,3432
201410;First Class;South;OFF-PA-10001838;2,89884
201410;First Class;South;OFF-SU-10003567;-2,41536
201410;First Class;South;TEC-AC-10003038;-0,10561
201410;First Class;South;TEC-PH-10001557;18,948426
201410;First Class;South;TEC-PH-10001760;105,3108
201410;First Class;West;FUR-CH-10000229;-45,52464
201410;First Class;West;FUR-CH-10000749;312,73344
201410;First Class;West;FUR-TA-10002903;373,9824
201410;First Class;West;OFF-AP-10000240;72,583056
201410;First Class;West;OFF-AR-10003190;3,128832
201410;First Class;West;OFF-ST-10000615;17,12942
201410;First Class;West;OFF-ST-10001932;63,282492
201410;First Class;West;OFF-ST-10002352;7,386288
201410;First Class;West;TEC-AC-10000865;29,7891
201410;First Class;West;TEC-AC-10001101;1,98506
201410;First Class;West;TEC-AC-10002800;32,89342
201410;Same Day;Central;OFF-AR-10000937;90,0592
201410;Same Day;Central;OFF-BI-10000136;3,566472
201410;Same Day;Central;OFF-BI-10002429;-11,250624
201410;Same Day;Central;TEC-AC-10003610;80,338608
201410;Same Day;Central;TEC-MA-10002694;-72,109758
201410;Same Day;South;OFF-AR-10004010;4,576692
201410;Same Day;South;OFF-EN-10004030;5,47344
201410;Same Day;South;OFF-FA-10002763;3,26112
201410;Same Day;South;TEC-AC-10003023;-3,847176
201410;Same Day;West;FUR-CH-10002774;12,801078
201410;Same Day;West;OFF-EN-10001219;6,73848
201410;Same Day;West;OFF-PA-10004519;7,046592
201410;Same Day;West;TEC-AC-10002331;4,439142
201410;Second Class;Central;FUR-CH-10002880;-66,599085
201410;Second Class;Central;FUR-FU-10000448;2,78052
201410;Second Class;Central;OFF-BI-10003476;11,111616
201410;Second Class;Central;OFF-BI-10004099;8,7552
201410;Second Class;Central;OFF-ST-10001469;11,3358
201410;Second Class;Central;OFF-ST-10001713;7,460992
201410;Second Class;Central;TEC-PH-10000486;81,007416
201410;Second Class;Central;TEC-PH-10000526;28,41304
201410;Second Class;East;FUR-CH-10002774;14,590476
201410;Second Class;East;FUR-CH-10003774;73,093332
201410;Second Class;East;FUR-TA-10001866;2,86864
201410;Second Class;East;OFF-BI-10003676;-12,24608
201410;Second Class;East;OFF-ST-10001522;12,915396
201410;Second Class;East;TEC-AC-10001314;-19,076184
201410;Second Class;East;TEC-PH-10002352;268,38838
201410;Second Class;South;FUR-CH-10002320;529,617
201410;Second Class;South;FUR-FU-10000023;7,852548
201410;Second Class;South;FUR-FU-10002364;4,49442
201410;Second Class;South;FUR-FU-10004586;-1,243008
201410;Second Class;South;FUR-TA-10003238;-67,274658
201410;Second Class;South;FUR-TA-10003954;-807,97904
201410;Second Class;South;OFF-AP-10002892;11,0304
201410;Second Class;South;OFF-AR-10001683;15,3463
201410;Second Class;South;OFF-BI-10004001;11,130528
201410;Second Class;South;OFF-PA-10002195;5,49148
201410;Second Class;West;FUR-CH-10002880;23,269708
201410;Second Class;West;OFF-BI-10000632;-11,06955
201410;Second Class;West;OFF-BI-10003196;1,16688
201410;Second Class;West;OFF-BI-10003727;7,584192
201410;Second Class;West;OFF-BI-10003784;0,503328
201410;Second Class;West;OFF-BI-10004738;8,9018
201410;Second Class;West;OFF-LA-10002787;8,73
201410;Second Class;West;OFF-LA-10003510;7,382154
201410;Second Class;West;OFF-PA-10000167;32,34312
201410;Second Class;West;OFF-PA-10002109;1,05196
201410;Second Class;West;OFF-PA-10003228;62,06679
201410;Second Class;West;OFF-PA-10003823;62,45568
201410;Second Class;West;OFF-ST-10003805;22,7394
201410;Second Class;West;TEC-AC-10001606;67,673232
201410;Second Class;West;TEC-PH-10001305;10,816992
201410;Second Class;West;TEC-PH-10003092;7,698726
201410;Standard Class;Central;FUR-CH-10004626;174,33792
201410;Standard Class;Central;FUR-FU-10000758;-16,015104
201410;Standard Class;Central;FUR-TA-10004607;115,721324
201410;Standard Class;Central;OFF-AP-10004052;-8,19072
201410;Standard Class;Central;OFF-AR-10001022;0,986048
201410;Standard Class;Central;OFF-AR-10002135;44,45004
201410;Standard Class;Central;OFF-BI-10000343;-3,791502
201410;Standard Class;Central;OFF-BI-10001460;12,885075
201410;Standard Class;Central;OFF-BI-10002609;-2,73564
201410;Standard Class;Central;OFF-BI-10004140;-1,587215
201410;Standard Class;Central;OFF-BI-10004817;-22,61824
201410;Standard Class;Central;OFF-EN-10002230;76,821129
201410;Standard Class;Central;OFF-FA-10000254;-3,12744
201410;Standard Class;Central;OFF-FA-10002676;0,6516
201410;Standard Class;Central;OFF-LA-10002271;1,2936
201410;Standard Class;Central;OFF-LA-10002475;16,49136
201410;Standard Class;Central;OFF-PA-10001184;4,994496
201410;Standard Class;Central;OFF-PA-10002581;82,5617
201410;Standard Class;Central;OFF-PA-10004071;31,690176
201410;Standard Class;Central;OFF-ST-10000642;-13,77337
201410;Standard Class;Central;OFF-ST-10003479;11,2926
201410;Standard Class;Central;OFF-ST-10003816;7,39998
201410;Standard Class;Central;TEC-CO-10002095;543,739125
201410;Standard Class;Central;TEC-PH-10001128;53,276448
201410;Standard Class;Central;TEC-PH-10001336;73,317916
201410;Standard Class;Central;TEC-PH-10002583;-2,15892
201410;Standard Class;Central;TEC-PH-10004667;56,223335
201410;Standard Class;Central;TEC-PH-10004922;17,68536
201410;Standard Class;East;FUR-FU-10000193;9,146368
201410;Standard Class;East;FUR-FU-10000222;19,42304
201410;Standard Class;East;FUR-FU-10000521;11,489544
201410;Standard Class;East;FUR-FU-10003724;3,058398
201410;Standard Class;East;FUR-FU-10004270;4,84596
201410;Standard Class;East;OFF-BI-10002764;3,119211
201410;Standard Class;East;OFF-EN-10001335;14,96592
201410;Standard Class;East;OFF-PA-10003016;2,669
201410;Standard Class;East;OFF-ST-10001228;7,5208
201410;Standard Class;East;OFF-ST-10003479;-26,2845
201410;Standard Class;East;OFF-SU-10000898;2,0016
201410;Standard Class;South;FUR-CH-10003833;-9,23847
201410;Standard Class;South;FUR-FU-10002107;4,356528
201410;Standard Class;South;OFF-AR-10001419;2,71341
201410;Standard Class;South;OFF-AR-10002335;0,4644
201410;Standard Class;South;OFF-BI-10000309;-7,19145
201410;Standard Class;South;OFF-BI-10002571;4,473036
201410;Standard Class;South;OFF-BI-10004209;7,0551
201410;Standard Class;South;OFF-EN-10001219;4,155396
201410;Standard Class;South;OFF-FA-10002975;5,2164
201410;Standard Class;South;OFF-LA-10000240;3,298272
201410;Standard Class;South;OFF-PA-10000477;21,29946
201410;Standard Class;South;OFF-PA-10000788;3,374784
201410;Standard Class;South;OFF-ST-10000532;4,940832
201410;Standard Class;South;OFF-ST-10001963;14,237964
201410;Standard Class;South;OFF-ST-10003996;21,29556
201410;Standard Class;South;TEC-AC-10001553;0,524991
201410;Standard Class;South;TEC-AC-10004568;34,461288
201410;Standard Class;West;FUR-FU-10001196;17,70813
201410;Standard Class;West;OFF-AR-10002053;3,79652
201410;Standard Class;West;OFF-BI-10002706;8,019648
201410;Standard Class;West;OFF-BI-10002867;32,950736
201410;Standard Class;West;OFF-LA-10004689;7,810225
201410;Standard Class;West;OFF-PA-10000349;3,267378
201410;Standard Class;West;OFF-PA-10000482;42,083048
201410;Standard Class;West;OFF-PA-10001166;4,245696
201410;Standard Class;West;OFF-ST-10002370;5,830914
201410;Standard Class;West;TEC-AC-10001445;1,488942
201410;Standard Class;West;TEC-AC-10002942;63,342
201410;Standard Class;West;TEC-AC-10003433;0,93555
201411;First Class;Central;FUR-BO-10004015;25,449879
201411;First Class;Central;OFF-FA-10000611;2,358528
201411;First Class;Central;OFF-PA-10000246;13,743972
201411;First Class;Central;OFF-PA-10004609;5,08032
201411;First Class;Central;OFF-ST-10000991;11,485503
201411;First Class;Central;TEC-PH-10004188;-19,972008
201411;First Class;East;OFF-AP-10001242;84,02112
201411;First Class;East;OFF-AP-10004859;13,326768
201411;First Class;East;OFF-AR-10004757;0,417872
201411;First Class;East;OFF-PA-10003395;384,00264
201411;First Class;East;TEC-AC-10001314;5,758848
201411;First Class;East;TEC-AC-10003447;24,48775
201411;First Class;South;FUR-BO-10003546;-25,14402
201411;First Class;South;FUR-FU-10001546;-7,32648
201411;First Class;South;FUR-FU-10002253;16,480372
201411;First Class;South;FUR-TA-10002533;-147,2184
201411;First Class;South;OFF-BI-10000494;-1,827
201411;First Class;South;OFF-BI-10001658;-21,53088
201411;First Class;South;OFF-BI-10001765;-12,304128
201411;First Class;South;OFF-BI-10004728;-4,965564
201411;First Class;South;OFF-ST-10000025;-55,44483
201411;First Class;West;FUR-CH-10000595;18,1184
201411;First Class;West;FUR-CH-10000863;-63,18513
201411;First Class;West;FUR-FU-10001602;32,77152
201411;First Class;West;FUR-FU-10002505;2,91168
201411;First Class;West;OFF-AP-10002892;5,10156
201411;First Class;West;OFF-BI-10000632;-37,63647
201411;First Class;West;OFF-BI-10003527;625,32708
201411;First Class;West;OFF-EN-10003160;9,015552
201411;First Class;West;OFF-EN-10004773;26,683074
201411;First Class;West;OFF-PA-10001752;4,001928
201411;First Class;West;OFF-SU-10002537;4,574856
201411;First Class;West;TEC-AC-10002718;13,634355
201411;First Class;West;TEC-AC-10003023;-1,056786
201411;First Class;West;TEC-AC-10003280;5,857047
201411;First Class;West;TEC-AC-10003832;107,141589
201411;Same Day;Central;FUR-CH-10000847;-34,568424
201411;Same Day;Central;OFF-BI-10001031;5,882544
201411;Same Day;Central;OFF-BI-10001078;4,91463
201411;Same Day;Central;OFF-LA-10001158;41,13504
201411;Same Day;Central;OFF-LA-10001613;5,306112
201411;Same Day;Central;TEC-PH-10000560;-212,09394
201411;Same Day;Central;TEC-PH-10002170;65,846592
201411;Same Day;East;FUR-BO-10000330;-5,08116
201411;Same Day;East;OFF-LA-10002043;14,904
201411;Same Day;East;OFF-ST-10001328;4,814304
201411;Same Day;East;OFF-SU-10001225;0,10304
201411;Same Day;South;FUR-CH-10004754;46,94868
201411;Same Day;South;OFF-AR-10001868;3,5952
201411;Second Class;Central;OFF-AP-10001626;2,22508
201411;Second Class;Central;OFF-AP-10004859;5,24888
201411;Second Class;Central;OFF-AR-10002240;8,60472
201411;Second Class;Central;OFF-FA-10000585;2,667756
201411;Second Class;Central;OFF-PA-10000304;9,61632
201411;Second Class;Central;OFF-PA-10001583;2,30202
201411;Second Class;Central;OFF-PA-10003625;57,43692
201411;Second Class;Central;TEC-AC-10001772;33,134556
201411;Second Class;Central;TEC-PH-10001425;67,383576
201411;Second Class;East;FUR-FU-10001095;18,313568
201411;Second Class;East;OFF-BI-10003460;22,49568
201411;Second Class;East;OFF-BI-10003676;6,157536
201411;Second Class;East;OFF-PA-10000357;86,282496
201411;Second Class;East;OFF-PA-10003016;11,27574
201411;Second Class;East;TEC-AC-10000023;14,796432
201411;Second Class;East;TEC-PH-10001079;221,55938
201411;Second Class;East;TEC-PH-10001750;4,711686
201411;Second Class;South;FUR-CH-10001714;-19,736412
201411;Second Class;South;FUR-FU-10001940;11,768064
201411;Second Class;South;FUR-FU-10003194;-10,1325
201411;Second Class;South;FUR-FU-10003773;38,48768
201411;Second Class;South;OFF-AP-10000240;91,194096
201411;Second Class;South;OFF-AR-10003651;0,6642
201411;Second Class;South;OFF-AR-10004757;3,03072
201411;Second Class;South;OFF-BI-10000309;16,108848
201411;Second Class;South;OFF-BI-10000546;3,132864
201411;Second Class;South;OFF-PA-10000575;10,093872
201411;Second Class;South;OFF-PA-10001363;37,169104
201411;Second Class;South;OFF-ST-10000885;19,641375
201411;Second Class;South;TEC-AC-10002345;6,67
201411;Second Class;South;TEC-PH-10003273;94,341312
201411;Second Class;South;TEC-PH-10004896;44,0853
201411;Second Class;West;FUR-BO-10001601;8,592288
201411;Second Class;West;FUR-BO-10002545;-253,046208
201411;Second Class;West;FUR-BO-10003159;-32,25189
201411;Second Class;West;FUR-CH-10000665;84,5488
201411;Second Class;West;FUR-CH-10001973;-33,382784
201411;Second Class;West;FUR-FU-10000409;7,633808
201411;Second Class;West;FUR-TA-10000849;-112,171032
201411;Second Class;West;OFF-AR-10000034;0,797544
201411;Second Class;West;OFF-BI-10001757;-10,131264
201411;Second Class;West;OFF-PA-10001509;27,66624
201411;Second Class;West;OFF-PA-10002259;8,77296
201411;Second Class;West;OFF-PA-10003465;43,2516
201411;Second Class;West;OFF-PA-10003591;18,5976
201411;Second Class;West;OFF-ST-10001321;29,726676
201411;Second Class;West;OFF-ST-10002743;3,034188
201411;Second Class;West;OFF-ST-10003470;48,62952
201411;Second Class;West;OFF-SU-10001574;2,66085
201411;Second Class;West;TEC-PH-10000560;63,278192
201411;Second Class;West;TEC-PH-10002680;74,7966
201411;Second Class;West;TEC-PH-10004875;-2,118948
201411;Standard Class;Central;FUR-BO-10002213;-60,1176
201411;Standard Class;Central;FUR-CH-10002335;62,56092
201411;Standard Class;Central;FUR-CH-10004997;82,33524
201411;Standard Class;Central;FUR-FU-10001473;6,279987
201411;Standard Class;Central;FUR-FU-10002045;56,2419
201411;Standard Class;Central;FUR-FU-10004587;-6,011874
201411;Standard Class;Central;OFF-AP-10000692;9,535008
201411;Standard Class;Central;OFF-AP-10001293;73,665648
201411;Standard Class;Central;OFF-AR-10000634;0,871836
201411;Standard Class;Central;OFF-AR-10000940;0,706482
201411;Standard Class;Central;OFF-AR-10001149;1,33848
201411;Standard Class;Central;OFF-AR-10001897;5,051592
201411;Standard Class;Central;OFF-AR-10004707;2,18736
201411;Standard Class;Central;OFF-BI-10001359;661,171329
201411;Standard Class;Central;OFF-BI-10001553;1,817032
201411;Standard Class;Central;OFF-BI-10002012;1,23984
201411;Standard Class;Central;OFF-BI-10003656;-46,91724
201411;Standard Class;Central;OFF-BI-10004656;-1,083456
201411;Standard Class;Central;OFF-BI-10004970;6,522096
201411;Standard Class;Central;OFF-EN-10001509;0,52326
201411;Standard Class;Central;OFF-EN-10003001;236,722824
201411;Standard Class;Central;OFF-EN-10003040;16,746183
201411;Standard Class;Central;OFF-EN-10003862;21,497916
201411;Standard Class;Central;OFF-FA-10003021;1,1703
201411;Standard Class;Central;OFF-FA-10003112;3,27435
201411;Standard Class;Central;OFF-LA-10001771;13,362336
201411;Standard Class;Central;OFF-LA-10003498;21,534
201411;Standard Class;Central;OFF-PA-10000130;5,89356
201411;Standard Class;Central;OFF-PA-10002262;14,7744
201411;Standard Class;Central;OFF-PA-10002479;7,4844
201411;Standard Class;Central;OFF-PA-10002586;5,336568
201411;Standard Class;Central;OFF-PA-10004947;8,0892
201411;Standard Class;Central;OFF-ST-10001490;125,28594
201411;Standard Class;Central;OFF-ST-10002214;6,16434
201411;Standard Class;Central;OFF-ST-10003656;-12,728274
201411;Standard Class;Central;OFF-ST-10004186;12,918072
201411;Standard Class;Central;OFF-ST-10004258;10,87911
201411;Standard Class;Central;OFF-ST-10004950;13,75239
201411;Standard Class;Central;TEC-AC-10002567;20,221472
201411;Standard Class;Central;TEC-AC-10004171;254,37456
201411;Standard Class;Central;TEC-PH-10001128;-117,712152
201411;Standard Class;Central;TEC-PH-10001580;46,29814
201411;Standard Class;Central;TEC-PH-10001795;193,43688
201411;Standard Class;Central;TEC-PH-10004434;93,601575
201411;Standard Class;Central;TEC-PH-10004922;13,06305
201411;Standard Class;East;FUR-CH-10001482;31,120848
201411;Standard Class;East;FUR-CH-10002602;28,505024
201411;Standard Class;East;FUR-CH-10002758;0
201411;Standard Class;East;FUR-CH-10004289;59,55559
201411;Standard Class;East;FUR-CH-10004997;-82,7112
201411;Standard Class;East;FUR-FU-10000221;-3,843528
201411;Standard Class;East;FUR-FU-10000320;9,787536
201411;Standard Class;East;FUR-FU-10001940;-2,012288
201411;Standard Class;East;FUR-FU-10003268;29,985
201411;Standard Class;East;FUR-FU-10003553;58,31696
201411;Standard Class;East;FUR-TA-10000577;-130,404645
201411;Standard Class;East;FUR-TA-10002041;-77,45328
201411;Standard Class;East;FUR-TA-10003008;79,73784
201411;Standard Class;East;OFF-AP-10004336;-93,249216
201411;Standard Class;East;OFF-AP-10004708;25,827516
201411;Standard Class;East;OFF-AR-10000380;52,86816
201411;Standard Class;East;OFF-AR-10001919;1,55382
201411;Standard Class;East;OFF-AR-10001954;4,594644
201411;Standard Class;East;OFF-AR-10003179;6,880783
201411;Standard Class;East;OFF-BI-10000201;-6,3099
201411;Standard Class;East;OFF-BI-10000546;4,177152
201411;Standard Class;East;OFF-BI-10000666;18,70272
201411;Standard Class;East;OFF-BI-10000756;5,5332
201411;Standard Class;East;OFF-BI-10001036;6,00498
201411;Standard Class;East;OFF-BI-10001634;14,696864
201411;Standard Class;East;OFF-BI-10003684;51,25869
201411;Standard Class;East;OFF-BI-10003712;2,933234
201411;Standard Class;East;OFF-EN-10002600;1,88328
201411;Standard Class;East;OFF-EN-10002621;10,21032
201411;Standard Class;East;OFF-EN-10004007;24,588144
201411;Standard Class;East;OFF-EN-10004483;37,56099
201411;Standard Class;East;OFF-FA-10003021;1,17124
201411;Standard Class;East;OFF-LA-10000248;1,69371
201411;Standard Class;East;OFF-LA-10000452;1,81692
201411;Standard Class;East;OFF-LA-10001045;2,209104
201411;Standard Class;East;OFF-LA-10001317;0,6615
201411;Standard Class;East;OFF-LA-10003930;96,3438
201411;Standard Class;East;OFF-PA-10000223;9,3312
201411;Standard Class;East;OFF-PA-10000955;5,050188
201411;Standard Class;East;OFF-PA-10001815;50,499648
201411;Standard Class;East;OFF-PA-10002137;3,112
201411;Standard Class;East;OFF-PA-10003270;14,11344
201411;Standard Class;East;OFF-PA-10004082;8,0598
201411;Standard Class;East;OFF-ST-10000464;18,686976
201411;Standard Class;East;OFF-ST-10000675;31,771875
201411;Standard Class;East;OFF-ST-10000877;67,276872
201411;Standard Class;East;OFF-ST-10002974;15,55449
201411;Standard Class;East;OFF-SU-10000157;-52,186194
201411;Standard Class;East;OFF-SU-10002522;4,016964
201411;Standard Class;East;OFF-SU-10004115;2,778594
201411;Standard Class;East;TEC-AC-10000892;145,152
201411;Standard Class;East;TEC-AC-10001635;0
201411;Standard Class;East;TEC-AC-10002550;16,2486
201411;Standard Class;East;TEC-AC-10003709;1,91268
201411;Standard Class;East;TEC-MA-10002927;1876,2306
201411;Standard Class;East;TEC-MA-10003246;120,3914
201411;Standard Class;East;TEC-MA-10004679;-189,7815
201411;Standard Class;East;TEC-PH-10000038;8,657136
201411;Standard Class;East;TEC-PH-10000984;223,898976
201411;Standard Class;East;TEC-PH-10001079;59,97096
201411;Standard Class;East;TEC-PH-10002103;60,792732
201411;Standard Class;East;TEC-PH-10002885;1007,106534
201411;Standard Class;East;TEC-PH-10002923;6,680394
201411;Standard Class;East;TEC-PH-10004093;56,01582
201411;Standard Class;South;FUR-CH-10000988;12,503928
201411;Standard Class;South;FUR-CH-10001797;13,89128
201411;Standard Class;South;FUR-FU-10001468;-66,6822
201411;Standard Class;South;FUR-FU-10004018;26,292762
201411;Standard Class;South;FUR-TA-10001768;-296,268786
201411;Standard Class;South;OFF-AR-10002833;1,40049
201411;Standard Class;South;OFF-AR-10003156;9,50976
201411;Standard Class;South;OFF-AR-10003582;5,94528
201411;Standard Class;South;OFF-BI-10001267;-2,211328
201411;Standard Class;South;OFF-BI-10001359;-1776,0402
201411;Standard Class;South;OFF-BI-10002571;-12,67959
201411;Standard Class;South;OFF-BI-10002982;-8,91429
201411;Standard Class;South;OFF-BI-10003669;3,44736
201411;Standard Class;South;OFF-BI-10003684;-6,1572
201411;Standard Class;South;OFF-EN-10002592;16,8489
201411;Standard Class;South;OFF-LA-10001569;16,83738
201411;Standard Class;South;OFF-PA-10000223;9,828864
201411;Standard Class;South;OFF-PA-10000533;6,070428
201411;Standard Class;South;OFF-PA-10001033;94,145832
201411;Standard Class;South;OFF-PA-10001609;2,239832
201411;Standard Class;South;OFF-PA-10003724;6,377535
201411;Standard Class;South;OFF-PA-10004359;268,75152
201411;Standard Class;South;OFF-PA-10004470;5,539136
201411;Standard Class;South;OFF-ST-10000046;-7,027425
201411;Standard Class;South;OFF-ST-10001128;-75,4664
201411;Standard Class;South;OFF-ST-10001511;9,600525
201411;Standard Class;South;OFF-ST-10001558;-1,28296
201411;Standard Class;South;OFF-ST-10003208;89,45978
201411;Standard Class;South;OFF-ST-10003716;-96,398568
201411;Standard Class;South;TEC-AC-10000474;20,51784
201411;Standard Class;South;TEC-AC-10001101;-7,15395
201411;Standard Class;South;TEC-AC-10004864;12,763896
201411;Standard Class;South;TEC-PH-10000673;42,035532
201411;Standard Class;South;TEC-PH-10001615;5,47911
201411;Standard Class;South;TEC-PH-10002923;8,089713
201411;Standard Class;South;TEC-PH-10003505;17,70624
201411;Standard Class;South;TEC-PH-10004447;214,656156
201411;Standard Class;South;TEC-PH-10004959;14,621295
201411;Standard Class;West;FUR-BO-10000362;188,76192
201411;Standard Class;West;FUR-BO-10004467;-11,69883
201411;Standard Class;West;FUR-CH-10002017;-1,246752
201411;Standard Class;West;FUR-CH-10003379;-55,28612
201411;Standard Class;West;FUR-FU-10000175;-6,37072
201411;Standard Class;West;FUR-FU-10000397;11,1664
201411;Standard Class;West;FUR-FU-10001867;16,98144
201411;Standard Class;West;FUR-FU-10002379;12,68982
201411;Standard Class;West;FUR-FU-10002960;9,381064
201411;Standard Class;West;FUR-FU-10003142;8,740512
201411;Standard Class;West;FUR-FU-10004091;24,054912
201411;Standard Class;West;FUR-FU-10004671;13,160616
201411;Standard Class;West;FUR-TA-10002356;28,622412
201411;Standard Class;West;OFF-AP-10002118;30,59952
201411;Standard Class;West;OFF-AP-10002518;182,714268
201411;Standard Class;West;OFF-AP-10002734;301,913664
201411;Standard Class;West;OFF-AR-10001315;0,555984
201411;Standard Class;West;OFF-AR-10003183;0,32064
201411;Standard Class;West;OFF-AR-10003752;25,23675
201411;Standard Class;West;OFF-BI-10000962;22,459108
201411;Standard Class;West;OFF-BI-10001071;114,42823
201411;Standard Class;West;OFF-BI-10001098;-14,546952
201411;Standard Class;West;OFF-BI-10001107;-18,15792
201411;Standard Class;West;OFF-BI-10002049;6,343308
201411;Standard Class;West;OFF-BI-10002429;109,437888
201411;Standard Class;West;OFF-BI-10003350;-4,639536
201411;Standard Class;West;OFF-BI-10004656;3,683232
201411;Standard Class;West;OFF-EN-10001990;4,645104
201411;Standard Class;West;OFF-EN-10004955;6,203106
201411;Standard Class;West;OFF-FA-10003495;10,944
201411;Standard Class;West;OFF-LA-10000407;15,57744
201411;Standard Class;West;OFF-LA-10001569;3,344568
201411;Standard Class;West;OFF-LA-10002762;10,129252
201411;Standard Class;West;OFF-LA-10002787;9,72
201411;Standard Class;West;OFF-LA-10003923;10,656
201411;Standard Class;West;OFF-PA-10000141;1,318464
201411;Standard Class;West;OFF-PA-10000587;24,321024
201411;Standard Class;West;OFF-PA-10000806;60,072138
201411;Standard Class;West;OFF-PA-10001019;54,863082
201411;Standard Class;West;OFF-PA-10001033;44,588922
201411;Standard Class;West;OFF-PA-10001166;5,279904
201411;Standard Class;West;OFF-PA-10001776;15,68484
201411;Standard Class;West;OFF-PA-10001800;13,188096
201411;Standard Class;West;OFF-PA-10001947;4,512508
201411;Standard Class;West;OFF-PA-10002137;28,27252
201411;Standard Class;West;OFF-PA-10002245;20,34396
201411;Standard Class;West;OFF-PA-10003309;6,283008
201411;Standard Class;West;OFF-PA-10004039;93,26268
201411;Standard Class;West;OFF-PA-10004100;9,398592
201411;Standard Class;West;OFF-ST-10000036;54,413532
201411;Standard Class;West;OFF-ST-10001097;-153,8884
201411;Standard Class;West;OFF-ST-10002011;736,810263
201411;Standard Class;West;OFF-ST-10002344;7,482552
201411;Standard Class;West;OFF-SU-10000432;-2,8107
201411;Standard Class;West;OFF-SU-10001574;1,9053
201411;Standard Class;West;OFF-SU-10001664;3,851358
201411;Standard Class;West;TEC-AC-10002550;-17,4447
201411;Standard Class;West;TEC-AC-10003280;17,382204
201411;Standard Class;West;TEC-AC-10003832;16,071363
201411;Standard Class;West;TEC-AC-10004209;3,514602
201411;Standard Class;West;TEC-PH-10000038;-81,530496
201411;Standard Class;West;TEC-PH-10001299;-75,59496
201411;Standard Class;West;TEC-PH-10001552;-11,452896
201411;Standard Class;West;TEC-PH-10002103;71,582784
201411;Standard Class;West;TEC-PH-10002584;-295,46728
201411;Standard Class;West;TEC-PH-10004447;18,013104
201411;Standard Class;West;TEC-PH-10004586;82,0686
201412;First Class;Central;FUR-CH-10002602;21,378768
201412;First Class;Central;FUR-CH-10004675;-23,11648
201412;First Class;Central;FUR-CH-10004860;-50,045688
201412;First Class;Central;FUR-FU-10001876;9,042432
201412;First Class;Central;FUR-FU-10002501;18,23952
201412;First Class;Central;FUR-FU-10004090;16,725852
201412;First Class;Central;OFF-EN-10000056;105,85323
201412;First Class;Central;OFF-FA-10004248;8,44272
201412;First Class;Central;OFF-LA-10001934;7,627254
201412;First Class;Central;OFF-PA-10000357;67,57464
201412;First Class;Central;OFF-PA-10003270;2,0328
201412;First Class;Central;OFF-ST-10001469;-32,949392
201412;First Class;Central;OFF-ST-10002554;-9,155952
201412;First Class;Central;TEC-AC-10000358;24,343992
201412;First Class;Central;TEC-AC-10001142;28,045
201412;First Class;Central;TEC-AC-10003628;17,490168
201412;First Class;Central;TEC-PH-10000169;-7,87158
201412;First Class;Central;TEC-PH-10001944;56,9205
201412;First Class;Central;TEC-PH-10002085;12,828456
201412;First Class;Central;TEC-PH-10004977;58,561812
201412;First Class;East;FUR-BO-10003272;-82,8675
201412;First Class;East;FUR-CH-10001854;626,709888
201412;First Class;East;FUR-FU-10002268;2,91654
201412;First Class;East;FUR-FU-10003096;8,815785
201412;First Class;East;FUR-FU-10003878;14,02704
201412;First Class;East;OFF-AP-10001469;53,705796
201412;First Class;East;OFF-AP-10004249;-6,3441
201412;First Class;East;OFF-AR-10000475;10,200168
201412;First Class;East;OFF-AR-10003373;9,888816
201412;First Class;East;OFF-BI-10000050;15,45264
201412;First Class;East;OFF-LA-10003148;9,73728
201412;First Class;East;OFF-ST-10001496;285,312846
201412;First Class;East;TEC-AC-10003614;12,392028
201412;First Class;East;TEC-AC-10003628;49,615456
201412;First Class;East;TEC-PH-10004434;94,6212
201412;First Class;South;FUR-TA-10000617;75,0915
201412;First Class;South;FUR-TA-10001932;503,661312
201412;First Class;South;OFF-AP-10003278;2,760472
201412;First Class;South;OFF-BI-10001658;-8,642256
201412;First Class;South;OFF-BI-10003982;31,921413
201412;First Class;South;OFF-PA-10001947;3,849924
201412;First Class;South;OFF-ST-10004337;0
201412;First Class;West;FUR-CH-10001891;20,760474
201412;First Class;West;FUR-FU-10002918;-19,160388
201412;First Class;West;FUR-FU-10004091;81,224976
201412;First Class;West;OFF-AR-10003190;1,862784
201412;First Class;West;OFF-BI-10002353;-13,75704
201412;First Class;West;OFF-BI-10004593;-66,024
201412;First Class;West;OFF-BI-10004600;377,55774
201412;First Class;West;OFF-FA-10004854;9,2988
201412;First Class;West;OFF-LA-10003720;2,08116
201412;First Class;West;OFF-PA-10000062;67,056696
201412;First Class;West;OFF-PA-10001804;2,693376
201412;First Class;West;OFF-ST-10000036;18,463851
201412;Same Day;South;TEC-PH-10004908;64,84737
201412;Same Day;West;OFF-BI-10003650;-235,63904
201412;Same Day;West;TEC-AC-10001539;77,942256
201412;Second Class;Central;FUR-CH-10000988;83,134224
201412;Second Class;Central;FUR-CH-10003746;-22,14762
201412;Second Class;Central;FUR-CH-10004063;-8,665194
201412;Second Class;Central;FUR-FU-10001706;-2,923536
201412;Second Class;Central;FUR-FU-10004904;-16,41168
201412;Second Class;Central;OFF-FA-10000490;0,616032
201412;Second Class;Central;OFF-PA-10001972;11,943936
201412;Second Class;Central;OFF-ST-10002790;-27,87099
201412;Second Class;Central;OFF-ST-10003455;1,3959
201412;Second Class;Central;TEC-AC-10004171;110,38896
201412;Second Class;Central;TEC-AC-10004659;85,069845
201412;Second Class;East;FUR-CH-10003774;-85,530298
201412;Second Class;East;FUR-CH-10004698;5,83056
201412;Second Class;East;FUR-TA-10003238;-124,686774
201412;Second Class;East;FUR-TA-10004575;-142,114632
201412;Second Class;East;OFF-AP-10003281;4,836
201412;Second Class;East;OFF-AR-10001868;0,38808
201412;Second Class;East;OFF-AR-10002952;9,86832
201412;Second Class;East;OFF-BI-10002160;-3,767328
201412;Second Class;East;OFF-EN-10004955;3,76536
201412;Second Class;East;OFF-PA-10001295;12,588492
201412;Second Class;East;OFF-ST-10000078;-12,409956
201412;Second Class;East;OFF-ST-10002205;5,095314
201412;Second Class;East;OFF-ST-10003123;6,551472
201412;Second Class;East;OFF-ST-10004950;-1,16439
201412;Second Class;East;OFF-SU-10001574;0,2555
201412;Second Class;East;TEC-AC-10003628;11,660112
201412;Second Class;East;TEC-PH-10000576;32,220048
201412;Second Class;East;TEC-PH-10002170;-39,306384
201412;Second Class;East;TEC-PH-10002468;22,84632
201412;Second Class;East;TEC-PH-10004897;-4,840155
201412;Second Class;South;FUR-CH-10000015;-57,1824
201412;Second Class;South;FUR-CH-10004875;41,021034
201412;Second Class;South;FUR-FU-10000221;1,408176
201412;Second Class;South;FUR-FU-10002759;-10,357632
201412;Second Class;South;OFF-AR-10001725;11,6831
201412;Second Class;South;OFF-AR-10004269;0,948248
201412;Second Class;South;OFF-BI-10003007;56,46368
201412;Second Class;South;OFF-BI-10004632;146,3952
201412;Second Class;South;OFF-PA-10001972;13,716864
201412;Second Class;South;TEC-CO-10001571;92,39832
201412;Second Class;West;FUR-BO-10002613;218,32146
201412;Second Class;West;FUR-BO-10004467;12,478752
201412;Second Class;West;FUR-CH-10000513;163,7874
201412;Second Class;West;FUR-CH-10002602;43,93518
201412;Second Class;West;FUR-FU-10001706;3,54816
201412;Second Class;West;FUR-FU-10002268;7,096914
201412;Second Class;West;FUR-FU-10003829;1,57696
201412;Second Class;West;FUR-FU-10004270;4,5144
201412;Second Class;West;FUR-TA-10003473;119,157984
201412;Second Class;West;FUR-TA-10004619;102,27702
201412;Second Class;West;OFF-BI-10001191;74,103876
201412;Second Class;West;OFF-BI-10004970;4,483941
201412;Second Class;West;OFF-LA-10004425;4,61822
201412;Second Class;West;OFF-PA-10001457;32,793216
201412;Second Class;West;OFF-PA-10001954;23,534336
201412;Second Class;West;OFF-ST-10000617;0,744702
201412;Second Class;West;OFF-SU-10004115;1,589949
201412;Second Class;West;TEC-AC-10001314;8,878224
201412;Standard Class;Central;FUR-CH-10004754;75,117888
201412;Standard Class;Central;FUR-FU-10001588;-25,54709
201412;Standard Class;Central;FUR-FU-10002759;-17,74224
201412;Standard Class;Central;FUR-FU-10003849;25,338456
201412;Standard Class;Central;FUR-TA-10001676;-20,135676
201412;Standard Class;Central;FUR-TA-10002645;-47,626215
201412;Standard Class;Central;OFF-AP-10002350;12,185712
201412;Standard Class;Central;OFF-AR-10000034;10,41768
201412;Standard Class;Central;OFF-AR-10000940;1,094856
201412;Standard Class;Central;OFF-AR-10003651;2,026056
201412;Standard Class;Central;OFF-AR-10003829;0,298152
201412;Standard Class;Central;OFF-BI-10000977;-17,36448
201412;Standard Class;Central;OFF-BI-10001249;-10,41216
201412;Standard Class;Central;OFF-BI-10002103;-12,55705
201412;Standard Class;Central;OFF-EN-10004773;13,4763
201412;Standard Class;Central;OFF-FA-10003059;0,343538
201412;Standard Class;Central;OFF-LA-10000634;8,428212
201412;Standard Class;Central;OFF-LA-10004409;5,9616
201412;Standard Class;Central;OFF-PA-10002195;5,873496
201412;Standard Class;Central;OFF-PA-10002923;80,751
201412;Standard Class;Central;OFF-ST-10000532;59,52856
201412;Standard Class;Central;OFF-ST-10000777;6,64576
201412;Standard Class;Central;OFF-ST-10002444;14,853888
201412;Standard Class;Central;OFF-ST-10004950;-1,44762
201412;Standard Class;Central;TEC-AC-10000199;0,97461
201412;Standard Class;Central;TEC-AC-10000290;12,12015
201412;Standard Class;Central;TEC-AC-10001267;40,2528
201412;Standard Class;Central;TEC-AC-10002718;-1,991535
201412;Standard Class;Central;TEC-AC-10003033;44,60924
201412;Standard Class;East;FUR-CH-10002439;16,06872
201412;Standard Class;East;FUR-FU-10001473;-21,946032
201412;Standard Class;East;FUR-FU-10001546;-8,2236
201412;Standard Class;East;FUR-FU-10001852;1,1136
201412;Standard Class;East;FUR-FU-10001861;25,95138
201412;Standard Class;East;FUR-FU-10002088;-4,073328
201412;Standard Class;East;FUR-FU-10002111;-3,891888
201412;Standard Class;East;FUR-FU-10002553;8,389185
201412;Standard Class;East;FUR-FU-10003975;3,98452
201412;Standard Class;East;FUR-TA-10004086;-86,66784
201412;Standard Class;East;OFF-AP-10001563;-38,650248
201412;Standard Class;East;OFF-AP-10002998;6,19476
201412;Standard Class;East;OFF-AP-10003287;-52,927248
201412;Standard Class;East;OFF-AP-10004036;-24,28272
201412;Standard Class;East;OFF-AP-10004136;31,04235
201412;Standard Class;East;OFF-BI-10000315;33,126156
201412;Standard Class;East;OFF-BI-10001132;-3,344208
201412;Standard Class;East;OFF-BI-10002103;-3,670656
201412;Standard Class;East;OFF-BI-10002954;-3,860736
201412;Standard Class;East;OFF-BI-10003429;14,13489
201412;Standard Class;East;OFF-BI-10003650;-756,780024
201412;Standard Class;East;OFF-BI-10004600;-331,191
201412;Standard Class;East;OFF-BI-10004965;-8,2915
201412;Standard Class;East;OFF-LA-10001569;9,244872
201412;Standard Class;East;OFF-LA-10003923;36,852
201412;Standard Class;East;OFF-LA-10004409;3,96864
201412;Standard Class;East;OFF-PA-10000143;2,897664
201412;Standard Class;East;OFF-PA-10000295;5,824224
201412;Standard Class;East;OFF-PA-10001569;2,576448
201412;Standard Class;East;OFF-PA-10003641;57,276256
201412;Standard Class;East;OFF-PA-10003845;18,352656
201412;Standard Class;East;OFF-PA-10004470;5,800416
201412;Standard Class;East;OFF-PA-10004569;5,917536
201412;Standard Class;East;OFF-ST-10000419;-6,656916
201412;Standard Class;East;OFF-ST-10000563;17,65296
201412;Standard Class;East;OFF-ST-10001031;2,139192
201412;Standard Class;East;OFF-ST-10001370;-35,77392
201412;Standard Class;East;OFF-ST-10002485;-8,3524
201412;Standard Class;East;OFF-ST-10002562;3,571904
201412;Standard Class;East;OFF-SU-10000432;-2,7066
201412;Standard Class;East;OFF-SU-10002189;0,116718
201412;Standard Class;East;TEC-AC-10004227;-16,91298
201412;Standard Class;East;TEC-AC-10004510;-8,9162
201412;Standard Class;East;TEC-AC-10004859;7,13184
201412;Standard Class;East;TEC-PH-10000307;-6,6576
201412;Standard Class;East;TEC-PH-10000673;47,416704
201412;Standard Class;East;TEC-PH-10001051;25,19748
201412;Standard Class;East;TEC-PH-10001644;7,773408
201412;Standard Class;East;TEC-PH-10002817;29,886786
201412;Standard Class;East;TEC-PH-10003095;23,11335
201412;Standard Class;East;TEC-PH-10003811;145,139904
201412;Standard Class;South;FUR-BO-10000362;66,85318
201412;Standard Class;South;FUR-CH-10001146;14,24826
201412;Standard Class;South;FUR-CH-10001854;62,47444
201412;Standard Class;South;FUR-CH-10004218;151,47
201412;Standard Class;South;FUR-CH-10004287;61,89642
201412;Standard Class;South;FUR-CH-10004477;113,37718
201412;Standard Class;South;FUR-FU-10000397;10,60808
201412;Standard Class;South;FUR-FU-10000550;7,06662
201412;Standard Class;South;FUR-FU-10000672;28,78848
201412;Standard Class;South;FUR-FU-10000758;26,596512
201412;Standard Class;South;FUR-FU-10003773;-24,476256
201412;Standard Class;South;OFF-AP-10002651;418,139226
201412;Standard Class;South;OFF-AP-10004868;3,655008
201412;Standard Class;South;OFF-AR-10003045;9,88281
201412;Standard Class;South;OFF-AR-10003394;3,556224
201412;Standard Class;South;OFF-BI-10000591;-0,616176
201412;Standard Class;South;OFF-BI-10000773;-3,910552
201412;Standard Class;South;OFF-BI-10003305;3,918096
201412;Standard Class;South;OFF-BI-10003719;-22,51488
201412;Standard Class;South;OFF-FA-10002280;6,624
201412;Standard Class;South;OFF-LA-10001474;99,851418
201412;Standard Class;South;OFF-PA-10000528;10,35936
201412;Standard Class;South;OFF-PA-10000595;40,97496
201412;Standard Class;South;OFF-PA-10001033;35,6613
201412;Standard Class;South;OFF-PA-10001363;24,24072
201412;Standard Class;South;OFF-PA-10002586;7,653762
201412;Standard Class;South;OFF-PA-10002689;7,7112
201412;Standard Class;South;OFF-PA-10003036;4,429152
201412;Standard Class;South;OFF-PA-10003228;100,226372
201412;Standard Class;South;OFF-PA-10003302;78,620096
201412;Standard Class;South;OFF-PA-10003641;12,894544
201412;Standard Class;South;OFF-ST-10000689;78,5943
201412;Standard Class;South;OFF-ST-10001128;32,661414
201412;Standard Class;South;OFF-ST-10003306;43,086576
201412;Standard Class;South;OFF-SU-10002537;9,97425
201412;Standard Class;South;TEC-AC-10002049;653,51616
201412;Standard Class;South;TEC-AC-10002600;-15,05385
201412;Standard Class;South;TEC-MA-10003183;215,9865
201412;Standard Class;South;TEC-PH-10001425;16,509936
201412;Standard Class;South;TEC-PH-10001809;-39,5868
201412;Standard Class;South;TEC-PH-10001870;-7,255755
201412;Standard Class;West;FUR-CH-10000595;27,5352
201412;Standard Class;West;FUR-CH-10001708;4,01793
201412;Standard Class;West;FUR-CH-10004287;150,63948
201412;Standard Class;West;FUR-CH-10004886;24,87024
201412;Standard Class;West;FUR-FU-10000193;-45,60192
201412;Standard Class;West;FUR-FU-10002116;-53,216346
201412;Standard Class;West;FUR-FU-10002554;4,193452
201412;Standard Class;West;FUR-FU-10003930;-48,86649
201412;Standard Class;West;OFF-AP-10000828;78,038576
201412;Standard Class;West;OFF-AP-10001366;3,527874
201412;Standard Class;West;OFF-AP-10002350;59,187744
201412;Standard Class;West;OFF-AR-10002257;1,256508
201412;Standard Class;West;OFF-AR-10002671;94,60704
201412;Standard Class;West;OFF-BI-10002353;10,28304
201412;Standard Class;West;OFF-BI-10002824;-28,1988
201412;Standard Class;West;OFF-BI-10003984;77,108031
201412;Standard Class;West;OFF-EN-10001099;5,416164
201412;Standard Class;West;OFF-EN-10002500;8,8182
201412;Standard Class;West;OFF-FA-10003485;3,97716
201412;Standard Class;West;OFF-LA-10002043;13,4136
201412;Standard Class;West;OFF-PA-10000019;9,95328
201412;Standard Class;West;OFF-PA-10000029;10,79568
201412;Standard Class;West;OFF-PA-10000223;1,397088
201412;Standard Class;West;OFF-PA-10001243;12,424048
201412;Standard Class;West;OFF-PA-10001289;53,95392
201412;Standard Class;West;OFF-PA-10002222;41,185088
201412;Standard Class;West;OFF-PA-10003657;6,81804
201412;Standard Class;West;OFF-ST-10000585;7,73136
201412;Standard Class;West;OFF-ST-10002301;0,17289
201412;Standard Class;West;OFF-ST-10004507;14,030415
201412;Standard Class;West;OFF-ST-10004946;61,32776
201412;Standard Class;West;TEC-AC-10001267;24,8585
201412;Standard Class;West;TEC-AC-10003198;217,4268
201412;Standard Class;West;TEC-AC-10004708;15,04629
201412;Standard Class;West;TEC-CO-10001766;118,437368
201412;Standard Class;West;TEC-MA-10001127;1635,190656
201412;Standard Class;West;TEC-PH-10000213;13,371512
201412;Standard Class;West;TEC-PH-10001530;36,315435
201412;Standard Class;West;TEC-PH-10002726;52,90992
201501;First Class;Central;FUR-CH-10002024;0
201501;Second Class;Central;FUR-FU-10003799;11,57478
201501;Second Class;Central;FUR-TA-10000198;-1731,950532
201501;Second Class;Central;OFF-BI-10002852;16,95792
201501;Second Class;Central;OFF-PA-10003177;4,97664
201501;Second Class;East;FUR-BO-10003272;-525,04848
201501;Second Class;East;FUR-CH-10000513;-49,682178
201501;Second Class;East;OFF-AR-10001246;0,55566
201501;Second Class;East;TEC-AC-10003198;85,5066
201501;Second Class;East;TEC-PH-10000895;-105,83412
201501;Second Class;East;TEC-PH-10002555;-31,17758
201501;Second Class;South;OFF-AR-10001473;2,709936
201501;Second Class;South;OFF-PA-10004285;9,811584
201501;Second Class;South;OFF-ST-10001837;15,56464
201501;Second Class;West;OFF-LA-10003223;4,041912
201501;Standard Class;Central;FUR-CH-10004875;-7,858272
201501;Standard Class;Central;FUR-FU-10002918;-234,04605
201501;Standard Class;Central;FUR-TA-10002855;-13,565718
201501;Standard Class;Central;OFF-AR-10001374;1,78848
201501;Standard Class;Central;OFF-LA-10003077;8,176966
201501;Standard Class;Central;OFF-PA-10001937;4,136832
201501;Standard Class;Central;OFF-PA-10002893;14,496768
201501;Standard Class;Central;OFF-PA-10003790;62,197888
201501;Standard Class;Central;TEC-AC-10000487;2,361062
201501;Standard Class;Central;TEC-PH-10000912;2,11008
201501;Standard Class;Central;TEC-PH-10002262;-23,994432
201501;Standard Class;Central;TEC-PH-10004977;-37,943664
201501;Standard Class;East;FUR-BO-10004695;-241,87977
201501;Standard Class;East;FUR-CH-10003396;-7,759584
201501;Standard Class;East;FUR-FU-10001473;78,887088
201501;Standard Class;East;OFF-AR-10001615;15,939456
201501;Standard Class;East;OFF-AR-10004757;2,00408
201501;Standard Class;East;OFF-BI-10002764;-1,3566
201501;Standard Class;East;OFF-BI-10004506;5,06968
201501;Standard Class;East;OFF-EN-10000461;9,201472
201501;Standard Class;East;OFF-LA-10004544;7,3704
201501;Standard Class;East;OFF-PA-10004041;7,8625
201501;Standard Class;East;OFF-SU-10000898;9,70776
201501;Standard Class;East;TEC-AC-10000109;5,106288
201501;Standard Class;East;TEC-MA-10000864;-978,912
201501;Standard Class;East;TEC-PH-10002844;-16,16538
201501;Standard Class;South;OFF-AP-10001205;54,91584
201501;Standard Class;South;OFF-AP-10004859;28,30464
201501;Standard Class;South;OFF-AR-10004691;10,672896
201501;Standard Class;South;OFF-BI-10001294;20,8845
201501;Standard Class;South;OFF-BI-10003676;16,920288
201501;Standard Class;South;OFF-PA-10000474;49,470696
201501;Standard Class;South;OFF-PA-10004082;20,349
201501;Standard Class;South;OFF-PA-10004996;19,86737
201501;Standard Class;South;OFF-ST-10002615;125,784672
201501;Standard Class;West;FUR-FU-10001861;41,8264
201501;Standard Class;West;FUR-FU-10001876;91,671552
201501;Standard Class;West;FUR-FU-10004845;108,7749
201501;Standard Class;West;FUR-TA-10001889;-384,503944
201501;Standard Class;West;OFF-AR-10003183;1,78356
201501;Standard Class;West;OFF-BI-10003364;21,072408
201501;Standard Class;West;OFF-PA-10004405;5,907552
201501;Standard Class;West;TEC-MA-10000488;196,557543
201502;First Class;Central;OFF-AR-10002257;1,565124
201502;First Class;Central;OFF-BI-10000343;-3,896085
201502;First Class;West;FUR-FU-10003347;8,08548
201502;First Class;West;FUR-FU-10004093;45,59436
201502;First Class;West;OFF-AR-10001149;1,48608
201502;First Class;West;OFF-FA-10000134;1,512924
201502;First Class;West;OFF-PA-10000791;4,89402
201502;First Class;West;OFF-PA-10002751;13,32045
201502;First Class;West;OFF-ST-10002554;3,52152
201502;First Class;West;TEC-AC-10004901;53,53929
201502;Second Class;Central;OFF-BI-10002432;3,360852
201502;Second Class;Central;OFF-ST-10000943;7,56952
201502;Second Class;Central;TEC-AC-10001266;5,655
201502;Second Class;Central;TEC-AC-10001908;104,38956
201502;Second Class;Central;TEC-AC-10002076;56,5866
201502;Second Class;South;OFF-AR-10001615;14,649856
201502;Second Class;West;FUR-FU-10001986;-30,89388
201502;Second Class;West;OFF-AP-10001391;150,736896
201502;Second Class;West;OFF-AR-10003903;80,530632
201502;Second Class;West;OFF-BI-10000546;3,46608
201502;Second Class;West;OFF-BI-10001628;13,950125
201502;Second Class;West;OFF-LA-10001074;10,013976
201502;Second Class;West;OFF-PA-10000249;21,470352
201502;Second Class;West;OFF-PA-10000477;7,93152
201502;Second Class;West;OFF-PA-10004285;5,835648
201502;Standard Class;Central;FUR-CH-10002774;27,07038
201502;Standard Class;Central;FUR-TA-10001676;-1,048548
201502;Standard Class;Central;OFF-AR-10004999;0,73554
201502;Standard Class;Central;OFF-BI-10001658;-13,875456
201502;Standard Class;Central;OFF-BI-10002049;-5,23719
201502;Standard Class;Central;OFF-BI-10002160;-1,324356
201502;Standard Class;Central;OFF-LA-10001641;1,27008
201502;Standard Class;Central;OFF-LA-10003510;23,593584
201502;Standard Class;Central;OFF-PA-10002377;8,28144
201502;Standard Class;Central;OFF-ST-10003470;-149,66154
201502;Standard Class;Central;TEC-AC-10003280;0,962679
201502;Standard Class;Central;TEC-AC-10003499;4,752432
201502;Standard Class;Central;TEC-AC-10004568;29,24955
201502;Standard Class;Central;TEC-PH-10000560;215,59384
201502;Standard Class;Central;TEC-PH-10001819;60,250608
201502;Standard Class;Central;TEC-PH-10002834;-56,69685
201502;Standard Class;East;OFF-AR-10001315;1,22496
201502;Standard Class;East;OFF-EN-10003286;25,918056
201502;Standard Class;East;OFF-PA-10002751;17,92206
201502;Standard Class;East;TEC-AC-10000927;2,45918
201502;Standard Class;East;TEC-PH-10003931;-28,07532
201502;Standard Class;South;FUR-CH-10004218;15,147
201502;Standard Class;South;FUR-CH-10004477;34,195824
201502;Standard Class;South;FUR-CH-10004860;-33,92928
201502;Standard Class;South;FUR-TA-10004152;-24,83712
201502;Standard Class;South;OFF-AP-10000804;5,5104
201502;Standard Class;South;OFF-BI-10002982;4,38564
201502;Standard Class;South;OFF-LA-10002762;35,040145
201502;Standard Class;South;OFF-PA-10001970;12,466656
201502;Standard Class;South;TEC-PH-10003800;1,27176
201502;Standard Class;West;FUR-BO-10002598;93,863952
201502;Standard Class;West;FUR-CH-10001708;213,16176
201502;Standard Class;West;OFF-AR-10001022;1,655152
201502;Standard Class;West;OFF-BI-10002897;8,046108
201502;Standard Class;West;OFF-BI-10003527;1474,3484
201502;Standard Class;West;OFF-EN-10000056;108,21797
201502;Standard Class;West;OFF-LA-10002271;4,923072
201502;Standard Class;West;OFF-PA-10003349;4,7628
201502;Standard Class;West;TEC-PH-10002584;153,99354
201503;First Class;Central;FUR-BO-10000362;-42,009786
201503;First Class;Central;FUR-BO-10001811;-34,672896
201503;First Class;Central;OFF-AR-10002399;1,07352
201503;First Class;Central;OFF-AR-10003696;4,481568
201503;First Class;Central;OFF-PA-10000061;17,667072
201503;First Class;Central;OFF-PA-10000659;98,980992
201503;First Class;Central;TEC-AC-10000736;63,064116
201503;First Class;Central;TEC-AC-10002473;30,99096
201503;First Class;Central;TEC-PH-10001809;25,416525
201503;First Class;East;OFF-FA-10001561;4,10058
201503;First Class;East;OFF-FA-10003112;14,62806
201503;First Class;East;OFF-PA-10004359;120,7872
201503;First Class;East;OFF-ST-10000142;373,792944
201503;First Class;East;OFF-ST-10002486;0,575152
201503;First Class;East;TEC-CO-10001766;1702,537165
201503;First Class;South;FUR-BO-10004409;42,133728
201503;First Class;South;OFF-BI-10003656;282,86336
201503;First Class;South;OFF-BI-10003982;13,627197
201503;First Class;South;OFF-EN-10004386;9,95585
201503;First Class;South;OFF-ST-10001172;18,932352
201503;First Class;South;TEC-PH-10002310;41,575842
201503;First Class;West;FUR-BO-10004218;-76,467552
201503;First Class;West;OFF-BI-10000309;16,258004
201503;First Class;West;OFF-BI-10001765;33,2544
201503;First Class;West;OFF-PA-10000675;24,011942
201503;First Class;West;TEC-AC-10004469;49,04262
201503;First Class;West;TEC-PH-10000376;1,1988
201503;First Class;West;TEC-PH-10001619;187,56243
201503;First Class;West;TEC-PH-10003215;39,60588
201503;Same Day;Central;OFF-BI-10004022;-1,776976
201503;Same Day;Central;OFF-ST-10002182;-28,088694
201503;Same Day;Central;OFF-ST-10002406;19,868184
201503;Same Day;Central;TEC-AC-10002567;105,714784
201503;Same Day;South;FUR-CH-10001146;75,44271
201503;Same Day;South;OFF-EN-10002621;13,7898
201503;Same Day;South;OFF-ST-10000689;66,25584
201503;Second Class;Central;FUR-FU-10000023;-1,903648
201503;Second Class;Central;FUR-FU-10004586;10,708992
201503;Second Class;Central;OFF-AP-10000828;-381,14388
201503;Second Class;Central;OFF-BI-10002854;-13,28622
201503;Second Class;Central;OFF-PA-10001609;4,676406
201503;Second Class;Central;OFF-PA-10001736;74,9556
201503;Second Class;Central;OFF-ST-10000777;4,652032
201503;Second Class;Central;TEC-AC-10003116;19,9368
201503;Second Class;East;FUR-CH-10004063;122,513832
201503;Second Class;East;FUR-FU-10001979;105,53872
201503;Second Class;East;FUR-FU-10003832;14,4452
201503;Second Class;East;FUR-TA-10001039;53,65152
201503;Second Class;East;OFF-AR-10001761;7,316352
201503;Second Class;East;OFF-BI-10004236;19,718176
201503;Second Class;East;OFF-EN-10004459;12,241572
201503;Second Class;East;OFF-PA-10001950;11,8845
201503;Second Class;East;OFF-ST-10004258;1,846152
201503;Second Class;East;TEC-AC-10004633;5,234112
201503;Second Class;South;FUR-CH-10002647;-7,38192
201503;Second Class;South;FUR-CH-10003396;-20,7846
201503;Second Class;South;FUR-CH-10004086;136,52964
201503;Second Class;South;FUR-FU-10003247;-4,36384
201503;Second Class;South;OFF-AP-10000595;4,022148
201503;Second Class;South;OFF-AR-10003732;1,329952
201503;Second Class;South;OFF-ST-10002615;200,368532
201503;Second Class;South;TEC-PH-10000376;0,887112
201503;Second Class;West;OFF-EN-10003845;3,56454
201503;Second Class;West;OFF-LA-10001175;1,269504
201503;Second Class;West;OFF-LA-10003930;190,279005
201503;Second Class;West;OFF-ST-10001291;7,30512
201503;Second Class;West;TEC-AC-10000387;2,514348
201503;Standard Class;Central;FUR-BO-10002916;97,4586
201503;Standard Class;Central;FUR-CH-10002084;214,027198
201503;Standard Class;Central;FUR-FU-10000308;98,49312
201503;Standard Class;Central;FUR-FU-10000747;17,97818
201503;Standard Class;Central;OFF-AR-10002704;4,31424
201503;Standard Class;Central;OFF-AR-10003156;2,11328
201503;Standard Class;Central;OFF-BI-10000285;-19,26288
201503;Standard Class;Central;OFF-BI-10003091;296,863092
201503;Standard Class;Central;OFF-EN-10001532;36,1674
201503;Standard Class;Central;OFF-LA-10004484;8,511104
201503;Standard Class;Central;OFF-PA-10000380;14,3448
201503;Standard Class;Central;OFF-PA-10001125;26,9526
201503;Standard Class;Central;OFF-PA-10001838;9,20808
201503;Standard Class;Central;OFF-PA-10003127;48,5392
201503;Standard Class;Central;OFF-ST-10000736;-24,877056
201503;Standard Class;Central;TEC-AC-10000171;3,965775
201503;Standard Class;Central;TEC-PH-10001527;2,01006
201503;Standard Class;Central;TEC-PH-10001795;139,49775
201503;Standard Class;Central;TEC-PH-10002890;13,70772
201503;Standard Class;Central;TEC-PH-10003012;205,42266
201503;Standard Class;East;FUR-CH-10003298;-78,116472
201503;Standard Class;East;FUR-FU-10000308;74,690616
201503;Standard Class;East;FUR-FU-10001085;-7,833
201503;Standard Class;East;OFF-AP-10002906;0,35076
201503;Standard Class;East;OFF-AP-10002945;173,53518
201503;Standard Class;East;OFF-BI-10000088;6,3684
201503;Standard Class;East;OFF-BI-10000948;-9,8463
201503;Standard Class;East;OFF-BI-10002706;-13,691664
201503;Standard Class;East;OFF-LA-10000240;4,947408
201503;Standard Class;East;OFF-PA-10000357;40,653882
201503;Standard Class;East;OFF-PA-10000533;1,904448
201503;Standard Class;East;OFF-PA-10002105;9,79776
201503;Standard Class;East;OFF-PA-10002254;95,062968
201503;Standard Class;East;OFF-PA-10002615;6,572664
201503;Standard Class;East;OFF-PA-10002749;14,554764
201503;Standard Class;East;OFF-PA-10003177;5,225472
201503;Standard Class;East;OFF-SU-10001165;9,10728
201503;Standard Class;East;TEC-CO-10003763;370,434708
201503;Standard Class;East;TEC-PH-10000149;2,80098
201503;Standard Class;East;TEC-PH-10004539;43,259811
201503;Standard Class;South;OFF-AP-10001947;17,213472
201503;Standard Class;South;OFF-AR-10001662;0,835974
201503;Standard Class;South;OFF-AR-10003217;4,983888
201503;Standard Class;South;OFF-AR-10003856;1,51788
201503;Standard Class;South;OFF-BI-10001308;-4,6158
201503;Standard Class;South;OFF-BI-10003527;3145,70025
201503;Standard Class;South;OFF-FA-10003485;6,989112
201503;Standard Class;South;OFF-LA-10001641;1,95804
201503;Standard Class;South;OFF-PA-10001560;5,332716
201503;Standard Class;South;OFF-PA-10001947;6,094816
201503;Standard Class;South;OFF-ST-10000636;3,78324
201503;Standard Class;South;OFF-ST-10001228;10,63335
201503;Standard Class;West;FUR-CH-10003396;-23,109396
201503;Standard Class;West;FUR-FU-10001215;17,571162
201503;Standard Class;West;FUR-FU-10001731;1,686906
201503;Standard Class;West;FUR-FU-10003194;2,7792
201503;Standard Class;West;FUR-TA-10001768;165,3813
201503;Standard Class;West;FUR-TA-10001889;543,667536
201503;Standard Class;West;OFF-AP-10002222;18,188793
201503;Standard Class;West;OFF-AP-10002287;0,430008
201503;Standard Class;West;OFF-BI-10003529;-1,771308
201503;Standard Class;West;OFF-EN-10004030;2,609658
201503;Standard Class;West;OFF-FA-10000611;2,013984
201503;Standard Class;West;OFF-PA-10000743;12,66528
201503;Standard Class;West;OFF-PA-10003848;10,73088
201503;Standard Class;West;TEC-AC-10001101;-1,0312
201503;Standard Class;West;TEC-AC-10002253;27,18024
201503;Standard Class;West;TEC-PH-10000011;32,1839
201503;Standard Class;West;TEC-PH-10000562;-109,080972
201503;Standard Class;West;TEC-PH-10001552;6,831552
201503;Standard Class;West;TEC-PH-10003356;1,576944
201504;First Class;East;FUR-BO-10001519;148,187232
201504;First Class;East;FUR-FU-10001468;96,94566
201504;First Class;East;OFF-AP-10002311;106,270164
201504;First Class;East;OFF-AP-10003779;29,87712
201504;First Class;East;OFF-BI-10001036;4,0216
201504;First Class;East;OFF-BI-10003527;2001,80925
201504;First Class;East;OFF-PA-10002262;11,446272
201504;First Class;East;OFF-ST-10002214;6,634004
201504;First Class;East;TEC-PH-10002033;173,284488
201504;First Class;South;OFF-PA-10000788;9,25344
201504;First Class;South;OFF-PA-10002968;20,131176
201504;First Class;South;OFF-ST-10000532;24,611808
201504;First Class;South;TEC-AC-10003116;42,3657
201504;First Class;West;OFF-AR-10001954;1,098783
201504;First Class;West;OFF-LA-10001569;7,691112
201504;Same Day;Central;OFF-AP-10003849;100,90524
201504;Same Day;Central;OFF-BI-10003350;5,047856
201504;Same Day;Central;OFF-FA-10000735;2,57544
201504;Same Day;Central;TEC-CO-10004202;205,79314
201504;Same Day;Central;TEC-PH-10000307;0,44676
201504;Same Day;East;OFF-AR-10002467;6,823008
201504;Same Day;East;TEC-AC-10001767;18,47538
201504;Second Class;Central;OFF-LA-10004093;10,513242
201504;Second Class;Central;OFF-ST-10000419;0,452214
201504;Second Class;Central;OFF-SU-10004498;0,355488
201504;Second Class;East;FUR-CH-10000225;-20,04255
201504;Second Class;East;FUR-TA-10002530;-17,3627
201504;Second Class;East;OFF-AR-10003373;6,83109
201504;Second Class;East;OFF-AR-10003481;0,867888
201504;Second Class;East;OFF-BI-10000320;-2,447946
201504;Second Class;East;OFF-BI-10003676;-7,175168
201504;Second Class;East;OFF-PA-10000483;25,65144
201504;Second Class;East;OFF-PA-10001526;3,119472
201504;Second Class;East;OFF-PA-10003127;26,69656
201504;Second Class;East;OFF-PA-10003936;3,919104
201504;Second Class;East;OFF-ST-10002756;6,819624
201504;Second Class;East;TEC-AC-10003590;8,781888
201504;Second Class;East;TEC-CO-10001943;207,349632
201504;Second Class;East;TEC-PH-10001494;36,95384
201504;Second Class;East;TEC-PH-10001870;6,67407
201504;Second Class;East;TEC-PH-10003357;20,315744
201504;Second Class;West;OFF-BI-10002071;3,806712
201504;Second Class;West;TEC-PH-10001530;-179,01975
201504;Standard Class;Central;FUR-CH-10000309;354,9084
201504;Standard Class;Central;FUR-CH-10001146;-17,35365
201504;Standard Class;Central;FUR-CH-10001891;60,121872
201504;Standard Class;Central;FUR-CH-10002017;6,71328
201504;Standard Class;Central;FUR-CH-10003061;16,927119
201504;Standard Class;Central;FUR-FU-10001706;2,927232
201504;Standard Class;Central;FUR-FU-10003394;25,332516
201504;Standard Class;Central;FUR-FU-10004973;14,876064
201504;Standard Class;Central;FUR-TA-10000577;-55,922526
201504;Standard Class;Central;OFF-AP-10000696;-22,568742
201504;Standard Class;Central;OFF-AP-10001205;78,56016
201504;Standard Class;Central;OFF-AP-10001242;-71,6272
201504;Standard Class;Central;OFF-AP-10004980;20,70432
201504;Standard Class;Central;OFF-AR-10000588;17,177472
201504;Standard Class;Central;OFF-AR-10000658;23,2848
201504;Standard Class;Central;OFF-AR-10001166;10,376262
201504;Standard Class;Central;OFF-AR-10002804;4,390731
201504;Standard Class;Central;OFF-AR-10004078;3,78432
201504;Standard Class;Central;OFF-AR-10004757;0,417872
201504;Standard Class;Central;OFF-BI-10000309;-14,909512
201504;Standard Class;Central;OFF-BI-10000773;3,551256
201504;Standard Class;Central;OFF-BI-10001524;15,684648
201504;Standard Class;Central;OFF-BI-10002215;10,7778
201504;Standard Class;Central;OFF-BI-10004209;-13,00068
201504;Standard Class;Central;OFF-BI-10004410;15,448524
201504;Standard Class;Central;OFF-BI-10004965;-14,12775
201504;Standard Class;Central;OFF-LA-10002762;33,214524
201504;Standard Class;Central;OFF-PA-10001526;3,03282
201504;Standard Class;Central;OFF-ST-10001476;34,899228
201504;Standard Class;Central;OFF-ST-10001505;2,256852
201504;Standard Class;Central;OFF-ST-10003327;1,87677
201504;Standard Class;Central;TEC-AC-10002550;4,951044
201504;Standard Class;Central;TEC-AC-10003038;-0,70168
201504;Standard Class;Central;TEC-AC-10003289;1,871064
201504;Standard Class;Central;TEC-MA-10003329;22,591467
201504;Standard Class;Central;TEC-MA-10004212;453,99368
201504;Standard Class;Central;TEC-PH-10000347;1,403325
201504;Standard Class;Central;TEC-PH-10002103;123,69084
201504;Standard Class;Central;TEC-PH-10003174;34,31736
201504;Standard Class;Central;TEC-PH-10003645;13,57524
201504;Standard Class;East;FUR-BO-10004218;-190,323
201504;Standard Class;East;FUR-FU-10001037;2,2515
201504;Standard Class;East;FUR-FU-10001468;-73,17944
201504;Standard Class;East;FUR-FU-10002937;351,2742
201504;Standard Class;East;FUR-FU-10004622;19,57704
201504;Standard Class;East;OFF-AP-10002350;3,888576
201504;Standard Class;East;OFF-AP-10002403;2,534976
201504;Standard Class;East;OFF-AP-10004036;14,16492
201504;Standard Class;East;OFF-AP-10004487;105,87864
201504;Standard Class;East;OFF-AR-10000614;2,171988
201504;Standard Class;East;OFF-AR-10000716;3,873636
201504;Standard Class;East;OFF-AR-10004691;13,34112
201504;Standard Class;East;OFF-AR-10004757;1,381536
201504;Standard Class;East;OFF-BI-10001900;21,235149
201504;Standard Class;East;OFF-BI-10002072;-6,04824
201504;Standard Class;East;OFF-BI-10002735;29,458566
201504;Standard Class;East;OFF-BI-10003529;2,96496
201504;Standard Class;East;OFF-BI-10004330;-34,66875
201504;Standard Class;East;OFF-EN-10003862;7,264136
201504;Standard Class;East;OFF-FA-10003059;0,195299
201504;Standard Class;East;OFF-FA-10004838;-1,54938
201504;Standard Class;East;OFF-PA-10001166;5,28768
201504;Standard Class;East;OFF-ST-10003816;22,411368
201504;Standard Class;East;TEC-AC-10002473;24,784254
201504;Standard Class;East;TEC-AC-10003198;39,43164
201504;Standard Class;East;TEC-AC-10004396;-4,753485
201504;Standard Class;East;TEC-CO-10001766;485,9892
201504;Standard Class;East;TEC-PH-10000347;-2,574
201504;Standard Class;East;TEC-PH-10001557;78,529419
201504;Standard Class;East;TEC-PH-10002115;-26,607168
201504;Standard Class;East;TEC-PH-10002844;-9,503284
201504;Standard Class;East;TEC-PH-10002923;8,000937
201504;Standard Class;East;TEC-PH-10003095;24,69375
201504;Standard Class;East;TEC-PH-10004531;8,549712
201504;Standard Class;South;FUR-CH-10000513;-84,649488
201504;Standard Class;South;FUR-CH-10003968;2,952768
201504;Standard Class;South;FUR-CH-10003973;64,240128
201504;Standard Class;South;FUR-FU-10003708;1,18874
201504;Standard Class;South;OFF-AP-10003971;2,45025
201504;Standard Class;South;OFF-BI-10003650;-90,258168
201504;Standard Class;South;OFF-FA-10001229;2,901912
201504;Standard Class;South;OFF-PA-10001019;17,478504
201504;Standard Class;South;OFF-ST-10004123;-19,65168
201504;Standard Class;South;OFF-SU-10001574;0,6716
201504;Standard Class;West;FUR-CH-10003535;-20,21487
201504;Standard Class;West;FUR-CH-10004086;-5,892946
201504;Standard Class;West;FUR-FU-10000087;12,739104
201504;Standard Class;West;FUR-FU-10001025;11,07594
201504;Standard Class;West;FUR-FU-10001290;8,5884
201504;Standard Class;West;FUR-FU-10002445;3,29904
201504;Standard Class;West;FUR-FU-10002960;14,63868
201504;Standard Class;West;FUR-TA-10000688;-134,80558
201504;Standard Class;West;FUR-TA-10002530;-51,63516
201504;Standard Class;West;FUR-TA-10002774;-13,039398
201504;Standard Class;West;FUR-TA-10003954;-99,694188
201504;Standard Class;West;OFF-AP-10000179;173,22552
201504;Standard Class;West;OFF-AP-10002578;-50,720256
201504;Standard Class;West;OFF-AP-10002651;-860,454207
201504;Standard Class;West;OFF-AR-10001044;8,667665
201504;Standard Class;West;OFF-AR-10003251;1,668
201504;Standard Class;West;OFF-BI-10002071;7,456554
201504;Standard Class;West;OFF-BI-10003707;-11,53656
201504;Standard Class;West;OFF-BI-10003925;-568,482948
201504;Standard Class;West;OFF-EN-10003296;74,91744
201504;Standard Class;West;OFF-PA-10001184;4,746924
201504;Standard Class;West;OFF-PA-10002377;43,60554
201504;Standard Class;West;OFF-PA-10002689;3,203712
201504;Standard Class;West;OFF-ST-10000344;0,870264
201504;Standard Class;West;OFF-ST-10002574;-53,04576
201504;Standard Class;West;TEC-AC-10002402;45,5943
201504;Standard Class;West;TEC-AC-10002800;81,88362
201504;Standard Class;West;TEC-AC-10003174;148,7502
201504;Standard Class;West;TEC-PH-10001061;13,678632
201504;Standard Class;West;TEC-PH-10001300;66,8724
201504;Standard Class;West;TEC-PH-10002310;63,10878
201505;First Class;Central;FUR-FU-10001940;-10,074176
201505;First Class;Central;OFF-PA-10000474;23,539248
201505;First Class;Central;OFF-PA-10002160;9,269386
201505;First Class;Central;OFF-SU-10002557;1,42596
201505;First Class;Central;TEC-AC-10003095;42,584724
201505;First Class;East;OFF-AP-10004540;45,338496
201505;First Class;East;OFF-AR-10001118;0,614688
201505;First Class;East;OFF-AR-10003373;13,0116
201505;First Class;East;OFF-BI-10001575;-10,2234
201505;First Class;East;OFF-BI-10001982;-2,673216
201505;First Class;East;OFF-BI-10004654;5,97195
201505;First Class;East;OFF-EN-10000927;49,617925
201505;First Class;East;OFF-LA-10002312;21,312
201505;First Class;East;OFF-LA-10003510;27,941056
201505;First Class;East;OFF-PA-10003465;20,396544
201505;First Class;East;TEC-PH-10001527;3,8655
201505;First Class;East;TEC-PH-10001795;2,87964
201505;First Class;West;FUR-CH-10000863;-83,476842
201505;First Class;West;FUR-FU-10002506;-3,865824
201505;First Class;West;OFF-AR-10001246;2,68569
201505;First Class;West;OFF-BI-10001575;18,042752
201505;First Class;West;OFF-BI-10002026;16,623936
201505;First Class;West;OFF-FA-10002988;3,08937
201505;First Class;West;OFF-PA-10001950;23,6439
201505;First Class;West;OFF-PA-10002254;57,761648
201505;First Class;West;OFF-ST-10001590;24,18312
201505;First Class;West;TEC-AC-10000844;128,50488
201505;Same Day;Central;OFF-AP-10002439;-157,12758
201505;Same Day;Central;OFF-AR-10004602;2,648448
201505;Same Day;East;TEC-AC-10002402;36,47544
201505;Same Day;West;OFF-AR-10003504;1,09782
201505;Second Class;Central;FUR-CH-10004540;12,261956
201505;Second Class;Central;FUR-FU-10001847;3,338496
201505;Second Class;Central;OFF-FA-10003472;0,27216
201505;Second Class;Central;OFF-PA-10002120;150,81024
201505;Second Class;Central;OFF-ST-10004340;15,277626
201505;Second Class;East;FUR-FU-10002268;5,784471
201505;Second Class;East;FUR-FU-10002671;9,90528
201505;Second Class;East;FUR-FU-10002703;-47,64144
201505;Second Class;East;FUR-FU-10003724;17,431362
201505;Second Class;East;OFF-AP-10001394;179,361
201505;Second Class;East;OFF-AR-10002445;8,394048
201505;Second Class;East;OFF-BI-10001718;62,546848
201505;Second Class;East;OFF-BI-10004364;-7,42203
201505;Second Class;East;OFF-EN-10004147;6,768762
201505;Second Class;East;OFF-LA-10000443;1,69371
201505;Second Class;East;OFF-PA-10001125;54,75715
201505;Second Class;East;OFF-ST-10004258;7,219773
201505;Second Class;West;FUR-CH-10000863;-28,399338
201505;Second Class;West;FUR-CH-10002880;-165,212467
201505;Second Class;West;FUR-CH-10004754;-5,30646
201505;Second Class;West;OFF-BI-10001249;-11,71368
201505;Second Class;West;OFF-EN-10004459;3,943768
201505;Second Class;West;OFF-FA-10002280;4,704
201505;Second Class;West;OFF-PA-10003134;61,337472
201505;Second Class;West;OFF-PA-10003790;4,216264
201505;Second Class;West;TEC-AC-10003628;52,90236
201505;Second Class;West;TEC-MA-10004679;-64,72548
201505;Second Class;West;TEC-PH-10001944;50,2068
201505;Second Class;West;TEC-PH-10004447;17,679528
201505;Standard Class;Central;FUR-TA-10001095;-29,489868
201505;Standard Class;Central;OFF-AR-10000411;14,77638
201505;Standard Class;Central;OFF-AR-10001897;40,54946
201505;Standard Class;Central;OFF-BI-10002082;-58,9056
201505;Standard Class;Central;OFF-LA-10000262;6,6033
201505;Standard Class;Central;OFF-LA-10004484;6,098358
201505;Standard Class;Central;OFF-PA-10000213;5,055696
201505;Standard Class;Central;OFF-PA-10001952;24,16472
201505;Standard Class;Central;OFF-PA-10002250;4,240488
201505;Standard Class;Central;OFF-ST-10001328;22,36542
201505;Standard Class;Central;OFF-ST-10001558;1,90008
201505;Standard Class;Central;OFF-ST-10002583;-7,691264
201505;Standard Class;Central;OFF-ST-10003470;59,80872
201505;Standard Class;Central;TEC-PH-10004348;10,5393
201505;Standard Class;East;FUR-FU-10001935;8,10078
201505;Standard Class;East;FUR-FU-10001986;17,74104
201505;Standard Class;East;OFF-BI-10000309;3,31035
201505;Standard Class;East;OFF-BI-10000605;1,769364
201505;Standard Class;East;OFF-BI-10001031;-4,716288
201505;Standard Class;East;OFF-BI-10002931;54,7317
201505;Standard Class;East;OFF-LA-10004484;4,17956
201505;Standard Class;East;OFF-PA-10004101;16,64064
201505;Standard Class;East;OFF-PA-10004255;21,555072
201505;Standard Class;East;OFF-ST-10000876;7,523712
201505;Standard Class;East;OFF-ST-10001490;159,01677
201505;Standard Class;East;OFF-ST-10001496;108,222114
201505;Standard Class;East;OFF-ST-10002406;25,233432
201505;Standard Class;East;OFF-SU-10002573;12,51642
201505;Standard Class;East;TEC-MA-10004002;264,253815
201505;Standard Class;East;TEC-PH-10002922;113,56128
201505;Standard Class;East;TEC-PH-10003645;61,08858
201505;Standard Class;East;TEC-PH-10004093;14,137326
201505;Standard Class;South;FUR-BO-10004015;31,497375
201505;Standard Class;South;FUR-CH-10003833;-6,7078
201505;Standard Class;South;FUR-CH-10004495;60,135804
201505;Standard Class;South;FUR-FU-10001852;1,114992
201505;Standard Class;South;FUR-FU-10001979;34,758948
201505;Standard Class;South;FUR-FU-10002298;108,671616
201505;Standard Class;South;OFF-AP-10000358;-45,544224
201505;Standard Class;South;OFF-BI-10002949;3,989088
201505;Standard Class;South;OFF-EN-10000056;65,808225
201505;Standard Class;South;OFF-PA-10003724;5,481042
201505;Standard Class;South;OFF-PA-10003893;5,83578
201505;Standard Class;South;OFF-PA-10004239;11,556
201505;Standard Class;West;FUR-BO-10004357;119,5831
201505;Standard Class;West;FUR-CH-10002320;701,02032
201505;Standard Class;West;FUR-CH-10002647;20,65518
201505;Standard Class;West;FUR-CH-10002965;-28,217592
201505;Standard Class;West;FUR-FU-10000175;-16,882408
201505;Standard Class;West;FUR-FU-10000723;10,487016
201505;Standard Class;West;FUR-FU-10001095;43,151808
201505;Standard Class;West;FUR-FU-10003849;5,9202
201505;Standard Class;West;OFF-AP-10003266;7,689352
201505;Standard Class;West;OFF-AP-10003622;2,08845
201505;Standard Class;West;OFF-AP-10004487;98,104448
201505;Standard Class;West;OFF-AP-10004708;12,057408
201505;Standard Class;West;OFF-AR-10000127;0,513648
201505;Standard Class;West;OFF-AR-10001468;11,950848
201505;Standard Class;West;OFF-AR-10001547;2,040714
201505;Standard Class;West;OFF-AR-10004022;12,4131
201505;Standard Class;West;OFF-BI-10000962;20,807703
201505;Standard Class;West;OFF-BI-10001036;-11,00456
201505;Standard Class;West;OFF-BI-10001597;-14,605272
201505;Standard Class;West;OFF-BI-10001636;8,679528
201505;Standard Class;West;OFF-BI-10003684;20,0109
201505;Standard Class;West;OFF-LA-10000443;2,421009
201505;Standard Class;West;OFF-LA-10003766;19,278
201505;Standard Class;West;OFF-PA-10001954;38,243296
201505;Standard Class;West;OFF-PA-10002230;2,686212
201505;Standard Class;West;OFF-PA-10003363;10,357632
201505;Standard Class;West;OFF-ST-10000046;52,18065
201505;Standard Class;West;OFF-ST-10000563;-10,16964
201505;Standard Class;West;OFF-ST-10004507;15,55848
201505;Standard Class;West;OFF-SU-10000157;5,154192
201505;Standard Class;West;OFF-SU-10000898;14,99532
201505;Standard Class;West;OFF-SU-10004261;5,492664
201505;Standard Class;West;TEC-AC-10000358;33,552768
201505;Standard Class;West;TEC-AC-10001542;-0,320292
201505;Standard Class;West;TEC-AC-10002718;-2,7721
201505;Standard Class;West;TEC-CO-10004115;801,833963
201505;Standard Class;West;TEC-PH-10000441;89,4529
201505;Standard Class;West;TEC-PH-10001336;68,958054
201505;Standard Class;West;TEC-PH-10001750;13,303584
201506;First Class;Central;FUR-CH-10002965;57,962632
201506;First Class;Central;FUR-CH-10003312;-131,49864
201506;First Class;Central;FUR-FU-10003464;6,278688
201506;First Class;Central;OFF-AR-10000380;6,15276
201506;First Class;Central;OFF-BI-10001308;-2,7632
201506;First Class;Central;OFF-BI-10002982;-4,090086
201506;First Class;Central;OFF-BI-10004593;-73,5696
201506;First Class;Central;OFF-PA-10001937;7,112448
201506;First Class;Central;OFF-ST-10001780;61,679128
201506;First Class;Central;OFF-ST-10003816;16,702812
201506;First Class;Central;TEC-AC-10002718;-0,81704
201506;First Class;Central;TEC-PH-10002496;35,56572
201506;First Class;East;FUR-CH-10001482;1,11333
201506;First Class;East;FUR-TA-10002645;-520,384095
201506;First Class;South;FUR-FU-10004587;-18,864846
201506;First Class;South;OFF-BI-10000201;-1,13652
201506;First Class;South;OFF-LA-10001613;1,804032
201506;First Class;South;OFF-PA-10001019;11,814174
201506;First Class;West;OFF-BI-10003527;1178,20773
201506;First Class;West;OFF-BI-10003707;9,75114
201506;First Class;West;TEC-PH-10002070;14,1687
201506;First Class;West;TEC-PH-10004922;24,45135
201506;Same Day;East;OFF-AR-10004685;3,483612
201506;Same Day;East;OFF-LA-10000443;3,12174
201506;Same Day;South;OFF-LA-10004677;2,251638
201506;Second Class;Central;OFF-FA-10000490;2,401136
201506;Second Class;Central;TEC-AC-10004708;8,44704
201506;Second Class;East;FUR-BO-10001918;-410,595588
201506;Second Class;East;OFF-AR-10000634;0,257656
201506;Second Class;East;OFF-PA-10003177;4,35456
201506;Second Class;South;FUR-FU-10000672;9,836064
201506;Second Class;South;FUR-FU-10002253;91,436436
201506;Second Class;South;OFF-PA-10004569;12,87612
201506;Second Class;South;TEC-AC-10001874;38,87352
201506;Second Class;South;TEC-AC-10003870;340,54968
201506;Second Class;South;TEC-PH-10002726;48,65823
201506;Second Class;West;FUR-FU-10003192;103,480832
201506;Second Class;West;OFF-BI-10004187;2,00032
201506;Second Class;West;TEC-AC-10001838;78,19609
201506;Second Class;West;TEC-PH-10004522;6,84333
201506;Second Class;West;TEC-PH-10004830;20,635524
201506;Standard Class;Central;FUR-CH-10003199;55,93392
201506;Standard Class;Central;FUR-FU-10001867;6,077568
201506;Standard Class;Central;FUR-FU-10001979;60,2259
201506;Standard Class;Central;OFF-BI-10001132;16,238992
201506;Standard Class;Central;OFF-BI-10001543;55,971648
201506;Standard Class;Central;OFF-PA-10000528;4,5144
201506;Standard Class;Central;OFF-ST-10001321;4,413204
201506;Standard Class;Central;TEC-PH-10001819;40,814928
201506;Standard Class;Central;TEC-PH-10004667;73,623546
201506;Standard Class;East;FUR-CH-10001708;-27,152748
201506;Standard Class;East;FUR-FU-10000794;6,619188
201506;Standard Class;East;FUR-FU-10001185;32,736312
201506;Standard Class;East;FUR-FU-10001473;1,565599
201506;Standard Class;East;FUR-FU-10003623;4,805856
201506;Standard Class;East;FUR-FU-10004666;8,415576
201506;Standard Class;East;OFF-AP-10003849;-342,43374
201506;Standard Class;East;OFF-AR-10000538;40,536
201506;Standard Class;East;OFF-AR-10001044;15,224942
201506;Standard Class;East;OFF-AR-10003183;1,18236
201506;Standard Class;East;OFF-AR-10003582;15,764
201506;Standard Class;East;OFF-AR-10003856;0,38364
201506;Standard Class;East;OFF-BI-10001670;60,5085
201506;Standard Class;East;OFF-BI-10002429;-11,652432
201506;Standard Class;East;OFF-BI-10002799;19,18154
201506;Standard Class;East;OFF-BI-10002867;60,49736
201506;Standard Class;East;OFF-BI-10003707;-14,40544
201506;Standard Class;East;OFF-BI-10004519;88,13538
201506;Standard Class;East;OFF-EN-10001028;7,288632
201506;Standard Class;East;OFF-LA-10001982;2,7405
201506;Standard Class;East;OFF-PA-10000552;7,43904
201506;Standard Class;East;OFF-PA-10001215;15,576
201506;Standard Class;East;OFF-PA-10001838;6,799632
201506;Standard Class;East;OFF-PA-10002581;48,7935
201506;Standard Class;East;OFF-PA-10003848;8,418816
201506;Standard Class;East;OFF-PA-10004040;11,70585
201506;Standard Class;East;OFF-PA-10004156;11,34567
201506;Standard Class;East;OFF-PA-10004451;13,06368
201506;Standard Class;East;OFF-ST-10000046;-6,84972
201506;Standard Class;East;TEC-AC-10001590;13,68
201506;Standard Class;East;TEC-AC-10003038;9,89691
201506;Standard Class;East;TEC-AC-10003433;0,527175
201506;Standard Class;South;OFF-AR-10004269;7,840392
201506;Standard Class;South;OFF-BI-10000545;351,57276
201506;Standard Class;South;OFF-BI-10001107;-11,085888
201506;Standard Class;South;OFF-BI-10001249;9,948972
201506;Standard Class;South;OFF-BI-10001890;-7,606784
201506;Standard Class;South;OFF-BI-10002824;12,89088
201506;Standard Class;South;OFF-BI-10004224;216,17064
201506;Standard Class;South;OFF-BI-10004970;3,571624
201506;Standard Class;South;OFF-FA-10003059;2,132361
201506;Standard Class;South;OFF-LA-10004178;15,426376
201506;Standard Class;South;OFF-PA-10000304;5,723136
201506;Standard Class;South;OFF-PA-10001870;3,73248
201506;Standard Class;South;OFF-PA-10002606;9,636
201506;Standard Class;South;OFF-PA-10003309;11,866176
201506;Standard Class;South;OFF-PA-10003363;15,08544
201506;Standard Class;South;OFF-ST-10002554;-14,96646
201506;Standard Class;South;OFF-ST-10003692;11,016775
201506;Standard Class;South;TEC-AC-10003657;10,768032
201506;Standard Class;South;TEC-CO-10004202;305,539815
201506;Standard Class;South;TEC-PH-10001299;84,834344
201506;Standard Class;South;TEC-PH-10001300;9,73756
201506;Standard Class;South;TEC-PH-10001578;84,189105
201506;Standard Class;South;TEC-PH-10002468;21,89439
201506;Standard Class;South;TEC-PH-10003931;6,388935
201506;Standard Class;West;FUR-CH-10004997;203,0184
201506;Standard Class;West;FUR-FU-10000732;4,662272
201506;Standard Class;West;FUR-FU-10002396;9,077728
201506;Standard Class;West;FUR-FU-10003464;18,49536
201506;Standard Class;West;FUR-FU-10004306;38,70456
201506;Standard Class;West;FUR-FU-10004904;-30,635136
201506;Standard Class;West;FUR-FU-10004973;16,99368
201506;Standard Class;West;OFF-AR-10002399;4,29408
201506;Standard Class;West;OFF-AR-10004062;6,1308
201506;Standard Class;West;OFF-BI-10002133;-25,6158
201506;Standard Class;West;OFF-BI-10003707;-6,28712
201506;Standard Class;West;OFF-BI-10003876;-31,672
201506;Standard Class;West;OFF-BI-10004002;18,93312
201506;Standard Class;West;OFF-BI-10004330;22,46535
201506;Standard Class;West;OFF-BI-10004656;-2,82744
201506;Standard Class;West;OFF-BI-10004826;14,423136
201506;Standard Class;West;OFF-EN-10000056;89,499186
201506;Standard Class;West;OFF-EN-10003072;1,759968
201506;Standard Class;West;OFF-LA-10000443;1,673784
201506;Standard Class;West;OFF-PA-10001661;3,336102
201506;Standard Class;West;OFF-PA-10002245;2,7508
201506;Standard Class;West;OFF-PA-10002870;8,53632
201506;Standard Class;West;OFF-PA-10004355;3,452544
201506;Standard Class;West;OFF-ST-10001505;4,32055
201506;Standard Class;West;OFF-ST-10001963;8,761824
201506;Standard Class;West;OFF-ST-10002444;5,020064
201506;Standard Class;West;OFF-ST-10003716;65,525824
201506;Standard Class;West;OFF-ST-10004804;-20,344896
201506;Standard Class;West;TEC-AC-10004396;-7,02405
201506;Standard Class;West;TEC-PH-10002103;21,204144
201506;Standard Class;West;TEC-PH-10002496;162,85356
201506;Standard Class;West;TEC-PH-10002844;3,443016
201507;First Class;East;FUR-CH-10003833;-76,10304
201507;First Class;East;FUR-FU-10000293;-28,891576
201507;First Class;East;FUR-FU-10003142;3,13632
201507;First Class;East;FUR-FU-10004460;41,867424
201507;First Class;East;FUR-FU-10004848;42,021
201507;First Class;East;FUR-TA-10001520;-43,792632
201507;First Class;East;OFF-AR-10003732;0,84234
201507;First Class;East;OFF-BI-10003669;-4,84704
201507;First Class;East;OFF-BI-10004022;-1,521216
201507;First Class;East;OFF-BI-10004492;88,31347
201507;First Class;East;OFF-PA-10001307;2,48472
201507;First Class;East;OFF-PA-10003797;10,26432
201507;First Class;East;TEC-PH-10001817;220,3848
201507;First Class;South;FUR-TA-10002356;-241,246044
201507;First Class;South;OFF-BI-10001765;-52,541952
201507;First Class;South;OFF-PA-10000501;35,271768
201507;First Class;South;TEC-AC-10001990;174,69088
201507;First Class;West;FUR-CH-10002304;33,1245
201507;First Class;West;FUR-FU-10000076;54,68526
201507;First Class;West;FUR-FU-10003274;2,485824
201507;First Class;West;OFF-AR-10003190;1,2096
201507;First Class;West;OFF-BI-10002557;3,0303
201507;First Class;West;OFF-BI-10004352;-1,3095
201507;First Class;West;OFF-BI-10004728;-2,383008
201507;First Class;West;OFF-PA-10002250;3,385816
201507;First Class;West;TEC-AC-10003628;80,361204
201507;First Class;West;TEC-PH-10003505;9,93888
201507;Same Day;Central;FUR-TA-10002903;-250,152672
201507;Same Day;Central;OFF-AP-10001293;-95,467008
201507;Same Day;Central;OFF-PA-10004621;9,424512
201507;Same Day;Central;TEC-AC-10003033;731,69712
201507;Same Day;South;OFF-PA-10003072;2,649024
201507;Same Day;West;FUR-CH-10003312;-262,99728
201507;Same Day;West;FUR-CH-10004086;76,404087
201507;Same Day;West;OFF-BI-10003196;-1,97472
201507;Same Day;West;OFF-PA-10004248;7,854
201507;Second Class;Central;OFF-BI-10003460;4,010328
201507;Second Class;East;FUR-BO-10003159;-10,900104
201507;Second Class;East;FUR-BO-10004709;4,52244
201507;Second Class;East;OFF-EN-10000483;57,9439
201507;Second Class;East;OFF-PA-10000528;9,8604
201507;Second Class;East;OFF-PA-10003129;53,791218
201507;Second Class;East;OFF-ST-10000464;10,414096
201507;Second Class;East;OFF-ST-10000943;5,87024
201507;Second Class;East;OFF-ST-10003442;42,37758
201507;Second Class;East;TEC-AC-10002253;114,7056
201507;Second Class;East;TEC-PH-10003072;31,587894
201507;Second Class;South;FUR-CH-10000595;325,0584
201507;Second Class;South;FUR-CH-10004477;-5,973309
201507;Second Class;South;FUR-FU-10001861;-1,8139
201507;Second Class;South;FUR-FU-10003829;0,768768
201507;Second Class;South;OFF-AR-10003190;0,580608
201507;Second Class;South;OFF-BI-10000320;3,509928
201507;Second Class;South;OFF-BI-10002706;8,093904
201507;Second Class;South;OFF-BI-10003314;-2,181532
201507;Second Class;South;OFF-BI-10004728;-4,74288
201507;Second Class;South;OFF-PA-10000019;14,183424
201507;Second Class;South;OFF-PA-10000349;3,27684
201507;Second Class;South;TEC-PH-10000526;44,616152
201507;Second Class;South;TEC-PH-10003505;16,03584
201507;Second Class;South;TEC-PH-10003963;43,010712
201507;Second Class;West;FUR-BO-10001608;-149,48388
201507;Second Class;West;FUR-BO-10002213;42,85792
201507;Second Class;West;FUR-CH-10001854;23,305072
201507;Second Class;West;FUR-CH-10004287;41,76144
201507;Second Class;West;FUR-FU-10002364;1,904778
201507;Second Class;West;OFF-BI-10001597;24,09624
201507;Second Class;West;OFF-BI-10004182;1,435616
201507;Second Class;West;OFF-FA-10004395;0,43332
201507;Second Class;West;OFF-PA-10001763;10,114875
201507;Second Class;West;OFF-PA-10001846;7,04004
201507;Second Class;West;OFF-PA-10004782;7,216128
201507;Second Class;West;OFF-ST-10002743;-77,72976
201507;Second Class;West;TEC-PH-10002468;33,04557
201507;Standard Class;Central;FUR-BO-10002545;-39,147
201507;Standard Class;Central;FUR-BO-10004690;-123,951968
201507;Standard Class;Central;FUR-CH-10003968;-16,694496
201507;Standard Class;Central;OFF-AR-10002067;18,0544
201507;Standard Class;Central;OFF-AR-10004817;5,117688
201507;Standard Class;Central;OFF-BI-10000546;-3,70512
201507;Standard Class;Central;OFF-BI-10000605;3,0861
201507;Standard Class;Central;OFF-BI-10003314;6,961044
201507;Standard Class;Central;OFF-PA-10000349;4,23549
201507;Standard Class;Central;OFF-PA-10003349;4,059072
201507;Standard Class;Central;TEC-AC-10003095;162,643488
201507;Standard Class;Central;TEC-PH-10001557;14,78246
201507;Standard Class;Central;TEC-PH-10004094;35,8777
201507;Standard Class;East;FUR-CH-10003199;10,387728
201507;Standard Class;East;FUR-CH-10004853;31,086782
201507;Standard Class;East;FUR-FU-10000965;72,830268
201507;Standard Class;East;FUR-FU-10002191;7,973952
201507;Standard Class;East;FUR-FU-10002253;54,761382
201507;Standard Class;East;FUR-FU-10002918;21,817004
201507;Standard Class;East;FUR-FU-10003829;0,5544
201507;Standard Class;East;OFF-AP-10002892;16,13196
201507;Standard Class;East;OFF-AR-10002987;27,331584
201507;Standard Class;East;OFF-BI-10001634;24,399648
201507;Standard Class;East;OFF-BI-10002854;36,9996
201507;Standard Class;East;OFF-BI-10003719;12,3253
201507;Standard Class;East;OFF-BI-10004001;74,778336
201507;Standard Class;East;OFF-EN-10000483;70,07985
201507;Standard Class;East;OFF-FA-10001332;5,793408
201507;Standard Class;East;OFF-FA-10002763;6,0672
201507;Standard Class;East;OFF-LA-10000476;5,813388
201507;Standard Class;East;OFF-LA-10003223;3,203775
201507;Standard Class;East;OFF-ST-10001526;164,25045
201507;Standard Class;East;OFF-ST-10001558;-2,6796
201507;Standard Class;East;OFF-ST-10003722;30,759372
201507;Standard Class;East;TEC-AC-10002345;2,523
201507;Standard Class;East;TEC-AC-10004469;97,03056
201507;Standard Class;East;TEC-MA-10002428;198,774675
201507;Standard Class;East;TEC-PH-10004188;2,22411
201507;Standard Class;South;FUR-BO-10002824;72,4704
201507;Standard Class;South;FUR-CH-10003774;-82,591644
201507;Standard Class;South;FUR-CH-10003956;5,316402
201507;Standard Class;South;FUR-CH-10004086;-6,41806
201507;Standard Class;South;FUR-FU-10001487;6,801312
201507;Standard Class;South;FUR-TA-10002041;33,52723
201507;Standard Class;South;OFF-AP-10002684;-126,4432
201507;Standard Class;South;OFF-AR-10003732;2,804464
201507;Standard Class;South;OFF-BI-10000069;94,24779
201507;Standard Class;South;OFF-BI-10001524;-20,677888
201507;Standard Class;South;OFF-BI-10001597;59,601312
201507;Standard Class;South;OFF-EN-10001335;43,8147
201507;Standard Class;South;OFF-FA-10004248;2,707804
201507;Standard Class;South;OFF-LA-10002368;1,791504
201507;Standard Class;South;OFF-LA-10003930;104,051304
201507;Standard Class;South;OFF-PA-10000659;3,58074
201507;Standard Class;South;OFF-PA-10001609;2,784656
201507;Standard Class;South;OFF-ST-10003208;38,705418
201507;Standard Class;South;OFF-ST-10004507;6,182575
201507;Standard Class;South;OFF-SU-10002573;13,72599
201507;Standard Class;South;TEC-AC-10003289;76,597682
201507;Standard Class;West;OFF-AR-10000657;0,897195
201507;Standard Class;West;OFF-BI-10003655;8,2156
201507;Standard Class;West;OFF-EN-10002230;66,271128
201507;Standard Class;West;TEC-PH-10000526;25,187776
201507;Standard Class;West;TEC-PH-10004165;288,849496
201507;Standard Class;West;TEC-PH-10004897;0,242757
201508;First Class;Central;OFF-AP-10001492;20,1708
201508;First Class;Central;OFF-PA-10004156;10,260432
201508;First Class;East;FUR-CH-10002335;44,88066
201508;First Class;East;OFF-PA-10000157;23,664312
201508;First Class;East;OFF-PA-10001947;10,783136
201508;First Class;East;OFF-PA-10003657;1,4445
201508;First Class;South;FUR-FU-10000305;29,300544
201508;First Class;South;FUR-FU-10001706;3,222912
201508;First Class;South;FUR-FU-10002157;16,51104
201508;First Class;South;FUR-TA-10002607;-117,904248
201508;First Class;South;OFF-AR-10002053;0,729504
201508;First Class;South;OFF-BI-10000545;474,85152
201508;First Class;South;OFF-BI-10002215;15,28488
201508;First Class;South;OFF-FA-10000992;5,40594
201508;First Class;South;OFF-PA-10001357;64,83744
201508;First Class;South;OFF-ST-10000642;2,408504
201508;First Class;South;TEC-AC-10002600;40,24272
201508;First Class;South;TEC-PH-10000984;249,69126
201508;First Class;South;TEC-PH-10003012;72,344502
201508;First Class;West;FUR-BO-10002545;148,706404
201508;First Class;West;OFF-AR-10001446;8,97435
201508;First Class;West;OFF-BI-10002735;44,46576
201508;First Class;West;OFF-BI-10003694;11,726208
201508;First Class;West;OFF-ST-10003816;18,552807
201508;First Class;West;TEC-AC-10004864;18,211188
201508;First Class;West;TEC-MA-10000597;94,760523
201508;Same Day;Central;FUR-CH-10000785;10,424448
201508;Same Day;Central;FUR-FU-10001473;-15,258936
201508;Same Day;Central;FUR-FU-10002240;-4,5704
201508;Same Day;Central;OFF-BI-10000315;-4,739904
201508;Same Day;Central;OFF-BI-10002557;2,9211
201508;Same Day;Central;OFF-BI-10004970;2,051784
201508;Same Day;East;FUR-FU-10001889;9,165024
201508;Same Day;East;OFF-AP-10000696;-10,84384
201508;Same Day;East;OFF-FA-10003021;2,34624
201508;Same Day;East;OFF-PA-10000809;3,556224
201508;Same Day;East;OFF-SU-10004231;2,99376
201508;Second Class;Central;FUR-CH-10001973;13,517364
201508;Second Class;Central;OFF-AP-10004336;31,054592
201508;Second Class;Central;OFF-AR-10004587;13,44474
201508;Second Class;Central;OFF-BI-10001718;248,383156
201508;Second Class;Central;OFF-PA-10001307;4,56876
201508;Second Class;Central;TEC-AC-10004571;84,831516
201508;Second Class;Central;TEC-PH-10001527;4,522635
201508;Second Class;East;OFF-BI-10003529;4,119136
201508;Second Class;West;FUR-BO-10004690;54,85452
201508;Second Class;West;FUR-FU-10000010;3,790122
201508;Second Class;West;OFF-LA-10003190;2,054592
201508;Second Class;West;OFF-LA-10004545;10,129252
201508;Second Class;West;OFF-ST-10003208;50,464026
201508;Second Class;West;TEC-PH-10000923;4,573449
201508;Second Class;West;TEC-PH-10003601;114,33807
201508;Standard Class;Central;FUR-BO-10003893;32,7693
201508;Standard Class;Central;FUR-FU-10004018;25,890732
201508;Standard Class;Central;FUR-TA-10003748;158,84924
201508;Standard Class;Central;OFF-AR-10001026;1,00672
201508;Standard Class;Central;OFF-AR-10001427;2,238912
201508;Standard Class;Central;OFF-AR-10001915;9,008496
201508;Standard Class;Central;OFF-AR-10003156;9,37768
201508;Standard Class;Central;OFF-BI-10001249;1,476332
201508;Standard Class;Central;OFF-BI-10004970;1,048194
201508;Standard Class;Central;OFF-LA-10000134;1,581888
201508;Standard Class;Central;OFF-LA-10002043;16,09632
201508;Standard Class;Central;OFF-LA-10002787;1,674
201508;Standard Class;Central;OFF-PA-10002968;43,60156
201508;Standard Class;Central;OFF-ST-10000736;2,494184
201508;Standard Class;Central;OFF-ST-10002485;0,228592
201508;Standard Class;Central;OFF-ST-10003638;14,037948
201508;Standard Class;Central;OFF-SU-10001218;9,315432
201508;Standard Class;Central;TEC-AC-10004510;10,53584
201508;Standard Class;Central;TEC-PH-10001750;37,41633
201508;Standard Class;Central;TEC-PH-10004614;25,875
201508;Standard Class;East;FUR-BO-10004695;31,273344
201508;Standard Class;East;FUR-FU-10001488;0
201508;Standard Class;East;FUR-FU-10002364;-9,95193
201508;Standard Class;East;FUR-FU-10003981;1,48512
201508;Standard Class;East;FUR-TA-10001768;-113,40432
201508;Standard Class;East;OFF-AP-10001469;11,862324
201508;Standard Class;East;OFF-AR-10000203;0,889812
201508;Standard Class;East;OFF-AR-10002255;0,204768
201508;Standard Class;East;OFF-BI-10001617;14,09859
201508;Standard Class;East;OFF-BI-10002003;1,977264
201508;Standard Class;East;OFF-BI-10002194;5,81742
201508;Standard Class;East;OFF-BI-10002982;-2,113824
201508;Standard Class;East;OFF-BI-10003727;-2,786388
201508;Standard Class;East;OFF-BI-10003981;-5,39352
201508;Standard Class;East;OFF-BI-10004187;1,89504
201508;Standard Class;East;OFF-LA-10000452;1,4112
201508;Standard Class;East;OFF-PA-10000130;2,889
201508;Standard Class;East;OFF-PA-10001878;81,347112
201508;Standard Class;East;OFF-PA-10001937;13,843872
201508;Standard Class;East;OFF-PA-10002787;3,302208
201508;Standard Class;East;OFF-PA-10003441;27,9936
201508;Standard Class;East;OFF-PA-10003883;5,85832
201508;Standard Class;East;OFF-ST-10000736;32,06808
201508;Standard Class;East;OFF-ST-10001490;286,62282
201508;Standard Class;East;OFF-ST-10001505;-1,431612
201508;Standard Class;East;OFF-ST-10001511;-146,6262
201508;Standard Class;East;OFF-SU-10003567;-3,57408
201508;Standard Class;East;TEC-AC-10001142;-37,92
201508;Standard Class;East;TEC-AC-10002217;-5,10608
201508;Standard Class;East;TEC-AC-10003289;14,160916
201508;Standard Class;East;TEC-AC-10004227;-5,510358
201508;Standard Class;East;TEC-CO-10001046;866,237625
201508;Standard Class;East;TEC-MA-10000864;1685,992
201508;Standard Class;East;TEC-MA-10001972;46,9056
201508;Standard Class;East;TEC-PH-10000576;28,7679
201508;Standard Class;East;TEC-PH-10001619;138,114153
201508;Standard Class;East;TEC-PH-10002624;245,33478
201508;Standard Class;East;TEC-PH-10003580;-101,35944
201508;Standard Class;East;TEC-PH-10003589;15,1116
201508;Standard Class;East;TEC-PH-10004188;-37,470006
201508;Standard Class;East;TEC-PH-10004447;48,78549
201508;Standard Class;South;FUR-FU-10004270;14,174433
201508;Standard Class;South;FUR-TA-10003469;-188,7
201508;Standard Class;South;OFF-BI-10004519;-83,8199
201508;Standard Class;South;OFF-PA-10003625;13,1665
201508;Standard Class;South;OFF-ST-10001837;146,75232
201508;Standard Class;South;OFF-ST-10002574;-175,71408
201508;Standard Class;South;OFF-SU-10001935;-0,648768
201508;Standard Class;South;TEC-AC-10000290;3,270064
201508;Standard Class;South;TEC-AC-10000736;22,461192
201508;Standard Class;West;FUR-BO-10000780;-172,199664
201508;Standard Class;West;FUR-BO-10003965;-94,634442
201508;Standard Class;West;FUR-CH-10002774;5,001138
201508;Standard Class;West;FUR-CH-10003379;-40,18218
201508;Standard Class;West;FUR-FU-10000193;-3,741696
201508;Standard Class;West;FUR-FU-10000320;3,703392
201508;Standard Class;West;FUR-TA-10001539;-81,896832
201508;Standard Class;West;FUR-TA-10003715;-144,214056
201508;Standard Class;West;FUR-TA-10004607;-12,521201
201508;Standard Class;West;OFF-AP-10000828;176,346912
201508;Standard Class;West;OFF-AP-10001492;6,925308
201508;Standard Class;West;OFF-AP-10002765;28,778736
201508;Standard Class;West;OFF-AR-10000390;7,447216
201508;Standard Class;West;OFF-AR-10001868;3,0576
201508;Standard Class;West;OFF-AR-10002053;9,51216
201508;Standard Class;West;OFF-AR-10002952;8,4372
201508;Standard Class;West;OFF-AR-10003602;9,716592
201508;Standard Class;West;OFF-BI-10001097;-8,11146
201508;Standard Class;West;OFF-BI-10001098;-9,42858
201508;Standard Class;West;OFF-BI-10002412;21,8457
201508;Standard Class;West;OFF-BI-10004632;24,184125
201508;Standard Class;West;OFF-LA-10001613;1,236096
201508;Standard Class;West;OFF-LA-10003190;4,910976
201508;Standard Class;West;OFF-LA-10004544;13,5864
201508;Standard Class;West;OFF-PA-10001815;73,328256
201508;Standard Class;West;OFF-PA-10002319;98,76048
201508;Standard Class;West;OFF-PA-10002499;52,8552
201508;Standard Class;West;OFF-PA-10003302;16,26696
201508;Standard Class;West;OFF-PA-10003893;8,3781
201508;Standard Class;West;OFF-ST-10000046;130,451625
201508;Standard Class;West;OFF-ST-10002352;2,815344
201508;Standard Class;West;TEC-AC-10001266;9,126
201508;Standard Class;West;TEC-AC-10004568;36,375804
201508;Standard Class;West;TEC-PH-10004165;64,34766
201509;First Class;Central;FUR-FU-10001706;-1,300992
201509;First Class;Central;OFF-AP-10002311;45,4146
201509;First Class;Central;TEC-AC-10004171;419,718024
201509;First Class;Central;TEC-AC-10004353;24,4188
201509;First Class;Central;TEC-PH-10002922;94,6344
201509;First Class;Central;TEC-PH-10004959;19,846775
201509;First Class;East;FUR-FU-10000073;4,8048
201509;First Class;East;OFF-ST-10004186;6,747584
201509;First Class;East;OFF-SU-10000898;6,255
201509;First Class;East;TEC-AC-10003832;-8,651664
201509;First Class;South;TEC-PH-10004120;209,430312
201509;First Class;West;FUR-CH-10000155;68,90112
201509;First Class;West;FUR-CH-10004997;0
201509;First Class;West;FUR-FU-10002379;19,9056
201509;First Class;West;FUR-FU-10003849;-10,83852
201509;First Class;West;FUR-FU-10004018;14,352471
201509;First Class;West;FUR-FU-10004973;61,482456
201509;First Class;West;OFF-AP-10000696;14,2758
201509;First Class;West;OFF-AP-10002082;16,0083
201509;First Class;West;OFF-BI-10001308;16,27776
201509;First Class;West;OFF-BI-10001628;16,8966
201509;First Class;West;OFF-BI-10001670;-21,0366
201509;First Class;West;OFF-FA-10002763;2,09824
201509;First Class;West;OFF-PA-10000994;105,6888
201509;First Class;West;OFF-PA-10002606;13,7808
201509;First Class;West;OFF-ST-10002486;0,778968
201509;First Class;West;TEC-AC-10003499;17,16156
201509;Same Day;Central;FUR-CH-10001545;6,975576
201509;Same Day;Central;OFF-PA-10002947;9,811584
201509;Same Day;East;FUR-FU-10002268;2,859584
201509;Same Day;East;FUR-FU-10003394;-2,182752
201509;Same Day;East;FUR-FU-10004006;13,19591
201509;Same Day;East;OFF-AR-10003504;2,15712
201509;Same Day;East;OFF-BI-10003196;-4,12896
201509;Same Day;East;OFF-BI-10003712;-1,773492
201509;Same Day;East;OFF-EN-10003068;5,76576
201509;Same Day;East;OFF-LA-10003510;8,33469
201509;Same Day;East;OFF-PA-10001937;6,205248
201509;Same Day;East;OFF-ST-10001172;1,980512
201509;Same Day;East;OFF-ST-10001321;2,309916
201509;Same Day;South;FUR-TA-10003837;-13,880622
201509;Same Day;South;OFF-ST-10002486;0,315496
201509;Same Day;West;FUR-FU-10004188;41,49288
201509;Second Class;Central;FUR-FU-10000277;56,630784
201509;Second Class;Central;OFF-AP-10004532;19,408896
201509;Second Class;Central;OFF-AR-10000634;0,455392
201509;Second Class;Central;OFF-AR-10000817;5,78816
201509;Second Class;Central;OFF-BI-10003314;4,95978
201509;Second Class;Central;OFF-BI-10004040;13,45246
201509;Second Class;Central;OFF-ST-10000025;13,398372
201509;Second Class;Central;OFF-ST-10001526;36,291528
201509;Second Class;Central;OFF-ST-10001932;115,747464
201509;Second Class;Central;OFF-ST-10003641;1,60752
201509;Second Class;Central;TEC-AC-10000109;7,592244
201509;Second Class;Central;TEC-AC-10001998;7,272362
201509;Second Class;Central;TEC-AC-10002006;22,80174
201509;Second Class;Central;TEC-PH-10002726;55,1145
201509;Second Class;East;FUR-BO-10004709;1,356732
201509;Second Class;East;FUR-FU-10002554;7,835134
201509;Second Class;East;OFF-AR-10001953;14,77728
201509;Second Class;East;OFF-AR-10002067;24,24448
201509;Second Class;East;OFF-BI-10002082;31,4496
201509;Second Class;East;OFF-BI-10004967;-3,50064
201509;Second Class;East;OFF-LA-10001982;3,312
201509;Second Class;East;OFF-PA-10001972;13,9968
201509;Second Class;East;OFF-PA-10002365;5,785344
201509;Second Class;East;OFF-PA-10002377;85,1556
201509;Second Class;East;OFF-PA-10003441;6,096384
201509;Second Class;East;OFF-PA-10004100;11,50848
201509;Second Class;East;OFF-ST-10001328;4,473084
201509;Second Class;East;OFF-ST-10003994;20,17116
201509;Second Class;East;TEC-AC-10003198;147,81636
201509;Second Class;East;TEC-AC-10004209;8,915088
201509;Second Class;East;TEC-PH-10001760;379,8711
201509;Second Class;South;FUR-BO-10003433;4,033596
201509;Second Class;South;FUR-TA-10001039;20,11932
201509;Second Class;South;OFF-ST-10001809;5,767086
201509;Second Class;South;TEC-PH-10003095;10,6677
201509;Second Class;West;FUR-CH-10003817;-12,148
201509;Second Class;West;OFF-AP-10002578;89,288784
201509;Second Class;West;OFF-AR-10000127;4,42308
201509;Second Class;West;OFF-AR-10001246;1,685502
201509;Second Class;West;OFF-AR-10003179;2,273856
201509;Second Class;West;OFF-AR-10004042;9,90698
201509;Second Class;West;OFF-BI-10001097;6,178914
201509;Second Class;West;OFF-BI-10001922;1,84437
201509;Second Class;West;OFF-BI-10003166;-3,03072
201509;Second Class;West;OFF-BI-10004140;5,0288
201509;Second Class;West;OFF-BI-10004224;-99,9108
201509;Second Class;West;OFF-EN-10002621;3,40344
201509;Second Class;West;OFF-PA-10001450;7,906248
201509;Second Class;West;OFF-PA-10003172;12,317184
201509;Second Class;West;OFF-PA-10004530;78,302784
201509;Second Class;West;OFF-SU-10001574;1,8615
201509;Second Class;West;TEC-AC-10002345;1,5515
201509;Second Class;West;TEC-CO-10001449;362,873952
201509;Second Class;West;TEC-PH-10000011;118,212864
201509;Second Class;West;TEC-PH-10003012;98,24562
201509;Second Class;West;TEC-PH-10003357;-6,42516
201509;Standard Class;Central;FUR-BO-10000468;22,385664
201509;Standard Class;Central;FUR-CH-10000665;69,4508
201509;Standard Class;Central;FUR-CH-10002372;-9,7176
201509;Standard Class;Central;FUR-FU-10003535;-11,669952
201509;Standard Class;Central;FUR-TA-10003008;135,26955
201509;Standard Class;Central;OFF-AP-10002495;45,7929
201509;Standard Class;Central;OFF-AR-10000380;62,21124
201509;Standard Class;Central;OFF-AR-10001044;7,084874
201509;Standard Class;Central;OFF-AR-10004602;10,557008
201509;Standard Class;Central;OFF-BI-10000088;-10,2114
201509;Standard Class;Central;OFF-BI-10000962;-0,172462
201509;Standard Class;Central;OFF-BI-10003274;2,235168
201509;Standard Class;Central;OFF-BI-10003708;-8,682975
201509;Standard Class;Central;OFF-BI-10004001;23,658336
201509;Standard Class;Central;OFF-EN-10001539;10,531008
201509;Standard Class;Central;OFF-LA-10001317;6,6528
201509;Standard Class;Central;OFF-ST-10004123;0
201509;Standard Class;Central;OFF-ST-10004950;8,052124
201509;Standard Class;Central;OFF-SU-10003567;-10,72224
201509;Standard Class;Central;OFF-SU-10004884;13,137696
201509;Standard Class;Central;TEC-AC-10000682;21,36792
201509;Standard Class;Central;TEC-AC-10001465;11,76768
201509;Standard Class;Central;TEC-AC-10001590;10,2
201509;Standard Class;Central;TEC-CO-10000971;55,19816
201509;Standard Class;Central;TEC-PH-10000730;118,297634
201509;Standard Class;Central;TEC-PH-10000895;294,82362
201509;Standard Class;Central;TEC-PH-10003555;-8,193636
201509;Standard Class;East;FUR-BO-10004695;95,73842
201509;Standard Class;East;FUR-BO-10004834;-1365,342804
201509;Standard Class;East;FUR-CH-10000309;447,8606
201509;Standard Class;East;FUR-CH-10000785;127,04796
201509;Standard Class;East;FUR-CH-10000988;465,23624
201509;Standard Class;East;FUR-CH-10003817;18,222
201509;Standard Class;East;FUR-CH-10003981;-2,158632
201509;Standard Class;East;FUR-FU-10000308;28,453568
201509;Standard Class;East;FUR-FU-10001591;11,37528
201509;Standard Class;East;FUR-FU-10001706;2,868096
201509;Standard Class;East;FUR-FU-10001731;8,279136
201509;Standard Class;East;FUR-FU-10002937;107,1684
201509;Standard Class;East;FUR-FU-10003464;22,38912
201509;Standard Class;East;FUR-FU-10004848;18,009
201509;Standard Class;East;FUR-TA-10002607;-6,295032
201509;Standard Class;East;OFF-AP-10003842;13,048776
201509;Standard Class;East;OFF-AR-10001315;0,272448
201509;Standard Class;East;OFF-AR-10001683;3,29778
201509;Standard Class;East;OFF-AR-10003602;6,148352
201509;Standard Class;East;OFF-AR-10004042;9,22374
201509;Standard Class;East;OFF-AR-10004648;45,536985
201509;Standard Class;East;OFF-BI-10000042;-1,9224
201509;Standard Class;East;OFF-BI-10000050;7,47958
201509;Standard Class;East;OFF-BI-10000088;30,663846
201509;Standard Class;East;OFF-BI-10000138;-4,897152
201509;Standard Class;East;OFF-BI-10000474;-5,2899
201509;Standard Class;East;OFF-BI-10000848;-3,662712
201509;Standard Class;East;OFF-BI-10001510;52,0857
201509;Standard Class;East;OFF-BI-10001525;0,8001
201509;Standard Class;East;OFF-BI-10002609;-3,14688
201509;Standard Class;East;OFF-BI-10002735;32,573914
201509;Standard Class;East;OFF-BI-10004781;-6,703488
201509;Standard Class;East;OFF-EN-10000056;52,64658
201509;Standard Class;East;OFF-EN-10001335;23,23656
201509;Standard Class;East;OFF-EN-10001453;68,78544
201509;Standard Class;East;OFF-EN-10001509;1,013472
201509;Standard Class;East;OFF-FA-10003059;1,000025
201509;Standard Class;East;OFF-FA-10004854;12,94944
201509;Standard Class;East;OFF-LA-10003190;4,86864
201509;Standard Class;East;OFF-LA-10003714;3,066
201509;Standard Class;East;OFF-PA-10000474;55,0206
201509;Standard Class;East;OFF-PA-10000477;6,881364
201509;Standard Class;East;OFF-PA-10001776;9,933732
201509;Standard Class;East;OFF-PA-10001801;14,06496
201509;Standard Class;East;OFF-PA-10001970;17,3148
201509;Standard Class;East;OFF-PA-10003039;90,33768
201509;Standard Class;East;OFF-PA-10004100;12,51936
201509;Standard Class;East;OFF-ST-10000563;6,65184
201509;Standard Class;East;OFF-ST-10001522;-20,60576
201509;Standard Class;East;OFF-ST-10002289;-3,3369
201509;Standard Class;East;OFF-ST-10002370;13,398696
201509;Standard Class;East;OFF-ST-10002444;27,197744
201509;Standard Class;East;OFF-ST-10003208;277,851552
201509;Standard Class;East;OFF-ST-10003716;-56,074984
201509;Standard Class;East;OFF-ST-10004186;19,710048
201509;Standard Class;East;OFF-ST-10004963;-7,63056
201509;Standard Class;East;OFF-SU-10002881;-122,922756
201509;Standard Class;East;OFF-SU-10004782;4,8165
201509;Standard Class;East;TEC-AC-10001956;51,3172
201509;Standard Class;East;TEC-MA-10002859;260,539048
201509;Standard Class;East;TEC-PH-10000369;186,96916
201509;Standard Class;East;TEC-PH-10002415;165,172
201509;Standard Class;East;TEC-PH-10002538;29,68353
201509;Standard Class;East;TEC-PH-10002680;-118,7946
201509;Standard Class;South;FUR-CH-10001270;136,62
201509;Standard Class;South;FUR-TA-10003569;-114,2793
201509;Standard Class;South;OFF-AR-10000817;2,335936
201509;Standard Class;South;OFF-AR-10004930;1,87935
201509;Standard Class;South;OFF-BI-10000014;-8,832736
201509;Standard Class;South;OFF-BI-10000545;-986,23008
201509;Standard Class;South;OFF-BI-10000605;2,36601
201509;Standard Class;South;OFF-BI-10000822;3,821952
201509;Standard Class;South;OFF-BI-10002012;5,03496
201509;Standard Class;South;OFF-BI-10002799;21,4452
201509;Standard Class;South;OFF-BI-10004040;13,549844
201509;Standard Class;South;OFF-BI-10004209;-1,407
201509;Standard Class;South;OFF-EN-10000461;6,57248
201509;Standard Class;South;OFF-EN-10000927;54,01445
201509;Standard Class;South;OFF-EN-10004459;7,262584
201509;Standard Class;South;OFF-FA-10003059;2,26974
201509;Standard Class;South;OFF-PA-10000141;2,397564
201509;Standard Class;South;OFF-PA-10001970;98,74872
201509;Standard Class;South;OFF-PA-10002222;17,86088
201509;Standard Class;South;OFF-ST-10000585;211,32384
201509;Standard Class;South;OFF-ST-10001522;-45,921408
201509;Standard Class;South;OFF-ST-10003638;22,76424
201509;Standard Class;South;TEC-AC-10002049;80,34552
201509;Standard Class;South;TEC-AC-10002305;19,278
201509;Standard Class;South;TEC-CO-10001571;339,89382
201509;Standard Class;West;FUR-BO-10000330;-4,306888
201509;Standard Class;West;FUR-BO-10002213;-23,04508
201509;Standard Class;West;FUR-BO-10003159;-22,973004
201509;Standard Class;West;FUR-BO-10004834;128,446884
201509;Standard Class;West;FUR-CH-10000015;433,6332
201509;Standard Class;West;FUR-CH-10000553;-2,219676
201509;Standard Class;West;FUR-CH-10001973;10,298944
201509;Standard Class;West;FUR-CH-10004289;-8,06232
201509;Standard Class;West;FUR-CH-10004853;285,035142
201509;Standard Class;West;FUR-FU-10000010;4,067448
201509;Standard Class;West;FUR-FU-10000820;11,865816
201509;Standard Class;West;FUR-FU-10002107;4,199536
201509;Standard Class;West;FUR-FU-10003799;30,094428
201509;Standard Class;West;FUR-FU-10003975;13,51272
201509;Standard Class;West;FUR-FU-10004748;79,298388
201509;Standard Class;West;FUR-TA-10000577;271,499337
201509;Standard Class;West;FUR-TA-10003569;184,4508
201509;Standard Class;West;FUR-TA-10004154;-87,7761
201509;Standard Class;West;OFF-AP-10001962;2,22335
201509;Standard Class;West;OFF-AP-10002651;235,09836
201509;Standard Class;West;OFF-AP-10003860;33,878304
201509;Standard Class;West;OFF-AP-10004980;11,959968
201509;Standard Class;West;OFF-AR-10001972;2,55528
201509;Standard Class;West;OFF-AR-10004685;3,51417
201509;Standard Class;West;OFF-BI-10000778;-40,64928
201509;Standard Class;West;OFF-BI-10001116;-3,94944
201509;Standard Class;West;OFF-BI-10001249;-6,063552
201509;Standard Class;West;OFF-BI-10001900;7,374888
201509;Standard Class;West;OFF-BI-10001982;-2,39904
201509;Standard Class;West;OFF-BI-10002012;-0,82368
201509;Standard Class;West;OFF-BI-10002160;2,1336
201509;Standard Class;West;OFF-BI-10002437;8,41928
201509;Standard Class;West;OFF-BI-10003984;-49,017393
201509;Standard Class;West;OFF-BI-10004506;-1,665752
201509;Standard Class;West;OFF-BI-10004593;103,16512
201509;Standard Class;West;OFF-EN-10002504;12,263616
201509;Standard Class;West;OFF-EN-10003055;12,5937
201509;Standard Class;West;OFF-EN-10004483;3,469338
201509;Standard Class;West;OFF-FA-10000490;0,687704
201509;Standard Class;West;OFF-FA-10003021;0,92214
201509;Standard Class;West;OFF-LA-10000414;17,43768
201509;Standard Class;West;OFF-LA-10002043;7,25328
201509;Standard Class;West;OFF-LA-10002762;35,864619
201509;Standard Class;West;OFF-LA-10002945;6,25968
201509;Standard Class;West;OFF-PA-10000501;30,960864
201509;Standard Class;West;OFF-PA-10000556;15,676416
201509;Standard Class;West;OFF-PA-10001125;82,2519
201509;Standard Class;West;OFF-PA-10001712;27,06291
201509;Standard Class;West;OFF-PA-10001970;27,12652
201509;Standard Class;West;OFF-PA-10002464;14,72744
201509;Standard Class;West;OFF-PA-10004071;43,141248
201509;Standard Class;West;OFF-PA-10004665;4,36885
201509;Standard Class;West;OFF-ST-10000617;0,94913
201509;Standard Class;West;OFF-ST-10000798;-1,72362
201509;Standard Class;West;OFF-ST-10001325;6,281712
201509;Standard Class;West;OFF-ST-10001713;3,137008
201509;Standard Class;West;OFF-ST-10002743;-99,32136
201509;Standard Class;West;OFF-ST-10003058;19,47814
201509;Standard Class;West;OFF-ST-10003123;34,994448
201509;Standard Class;West;OFF-ST-10003656;15,118425
201509;Standard Class;West;OFF-SU-10004498;1,251936
201509;Standard Class;West;TEC-AC-10001314;16,956608
201509;Standard Class;West;TEC-AC-10002402;181,41732
201509;Standard Class;West;TEC-AC-10002567;47,802024
201509;Standard Class;West;TEC-AC-10003033;241,72137
201509;Standard Class;West;TEC-AC-10003038;3,09491
201509;Standard Class;West;TEC-AC-10003590;48,00006
201509;Standard Class;West;TEC-PH-10000169;0,98988
201509;Standard Class;West;TEC-PH-10001750;16,398515
201509;Standard Class;West;TEC-PH-10002170;51,736608
201509;Standard Class;West;TEC-PH-10002496;404,32608
201509;Standard Class;West;TEC-PH-10002922;115,58916
201509;Standard Class;West;TEC-PH-10003187;0
201510;First Class;Central;FUR-CH-10003956;-70,12824
201510;First Class;Central;OFF-AP-10000026;45,087315
201510;First Class;Central;OFF-ST-10001590;7,219888
201510;First Class;East;FUR-BO-10002545;46,9764
201510;First Class;East;FUR-BO-10002613;128,12688
201510;First Class;East;FUR-FU-10000629;3,397856
201510;First Class;East;OFF-AR-10003514;7,28937
201510;First Class;East;OFF-BI-10001757;4,628736
201510;First Class;East;OFF-BI-10004828;15,146352
201510;First Class;East;OFF-PA-10000061;26,12736
201510;First Class;East;OFF-PA-10000249;12,235792
201510;First Class;East;OFF-PA-10003591;18,2532
201510;First Class;East;TEC-AC-10002323;-7,23996
201510;First Class;East;TEC-PH-10000369;45,3564
201510;First Class;East;TEC-PH-10001552;17,882592
201510;First Class;East;TEC-PH-10001817;44,6068
201510;First Class;South;OFF-PA-10004101;19,160064
201510;First Class;West;FUR-CH-10001714;-53,233992
201510;First Class;West;OFF-LA-10000414;14,00976
201510;First Class;West;OFF-PA-10004621;11,557728
201510;First Class;West;TEC-PH-10002103;13,684944
201510;Same Day;Central;FUR-BO-10002213;23,846648
201510;Same Day;Central;FUR-CH-10004218;15,95484
201510;Same Day;Central;OFF-AR-10004272;1,323
201510;Same Day;Central;OFF-BI-10004519;110,79165
201510;Same Day;Central;OFF-FA-10000585;6,66241
201510;Same Day;Central;OFF-PA-10000157;8,545446
201510;Same Day;Central;OFF-ST-10003638;15,049692
201510;Same Day;Central;OFF-SU-10004231;5,6133
201510;Same Day;Central;TEC-MA-10004552;266,61492
201510;Same Day;Central;TEC-PH-10001578;119,54124
201510;Same Day;East;FUR-CH-10000422;-26,787456
201510;Same Day;East;FUR-FU-10000719;5,183136
201510;Same Day;East;OFF-AR-10002656;1,748824
201510;Same Day;East;OFF-ST-10003479;2,84262
201510;Same Day;East;TEC-PH-10004897;-10,496493
201510;Same Day;East;TEC-PH-10004924;0,98287
201510;Same Day;South;FUR-CH-10002024;-301,4214
201510;Same Day;South;FUR-FU-10004952;-104,77236
201510;Same Day;South;OFF-PA-10003001;1,926512
201510;Same Day;South;TEC-AC-10004975;47,597355
201510;Second Class;Central;FUR-CH-10001854;45,908184
201510;Second Class;Central;FUR-CH-10004495;20,045268
201510;Second Class;Central;FUR-CH-10004540;14,613564
201510;Second Class;Central;OFF-EN-10002600;5,26752
201510;Second Class;Central;OFF-PA-10004971;4,191656
201510;Second Class;Central;OFF-ST-10000943;69,639584
201510;Second Class;Central;OFF-ST-10001328;24,10254
201510;Second Class;Central;TEC-AC-10000710;76,53312
201510;Second Class;East;FUR-BO-10004409;-14,990976
201510;Second Class;East;FUR-TA-10001307;-10,20394
201510;Second Class;East;OFF-AP-10003971;4,913568
201510;Second Class;East;OFF-AR-10000369;0,860132
201510;Second Class;East;OFF-AR-10001955;18,33216
201510;Second Class;East;OFF-BI-10000320;3,580038
201510;Second Class;East;OFF-BI-10001098;-24,91839
201510;Second Class;East;OFF-EN-10003055;41,3793
201510;Second Class;East;OFF-EN-10003286;32,68944
201510;Second Class;East;OFF-PA-10001870;11,19744
201510;Second Class;East;OFF-PA-10002245;8,28828
201510;Second Class;East;OFF-ST-10000876;0,835968
201510;Second Class;East;TEC-AC-10000057;0,701766
201510;Second Class;East;TEC-AC-10002049;98,20008
201510;Second Class;East;TEC-AC-10002167;-3,078
201510;Second Class;East;TEC-PH-10001527;-17,23154
201510;Second Class;East;TEC-PH-10001700;7,945196
201510;Second Class;East;TEC-PH-10001835;227,5056
201510;Second Class;East;TEC-PH-10003875;7,18794
201510;Second Class;East;TEC-PH-10004165;173,738682
201510;Second Class;South;FUR-CH-10001482;39,765528
201510;Second Class;South;OFF-BI-10000404;-2,838
201510;Second Class;South;OFF-BI-10000829;10,43027
201510;Second Class;South;TEC-AC-10002550;2,37069
201510;Second Class;South;TEC-PH-10001809;53,23225
201510;Second Class;South;TEC-PH-10002496;103,88934
201510;Second Class;West;FUR-FU-10003026;3,604832
201510;Second Class;West;OFF-BI-10001308;4,63464
201510;Second Class;West;OFF-BI-10002949;3,513024
201510;Second Class;West;OFF-BI-10003708;8,94
201510;Second Class;West;OFF-EN-10002600;8,142
201510;Second Class;West;OFF-LA-10003510;139,595372
201510;Second Class;West;TEC-CO-10001571;135,29754
201510;Second Class;West;TEC-MA-10000597;-41,39586
201510;Second Class;West;TEC-PH-10001750;84,097656
201510;Second Class;West;TEC-PH-10002890;30,699864
201510;Second Class;West;TEC-PH-10004531;34,48032
201510;Standard Class;Central;FUR-FU-10001731;5,113584
201510;Standard Class;Central;FUR-FU-10002505;3,202848
201510;Standard Class;Central;FUR-FU-10003623;5,390352
201510;Standard Class;Central;FUR-FU-10003708;-52,51077
201510;Standard Class;Central;FUR-TA-10001857;-22,78584
201510;Standard Class;Central;OFF-AR-10001761;5,6064
201510;Standard Class;Central;OFF-AR-10004648;17,62722
201510;Standard Class;Central;OFF-BI-10000145;-1,297296
201510;Standard Class;Central;OFF-BI-10001249;19,721856
201510;Standard Class;Central;OFF-BI-10002498;-6,705972
201510;Standard Class;Central;OFF-EN-10001434;87,81486
201510;Standard Class;Central;OFF-PA-10001184;6,944574
201510;Standard Class;Central;OFF-PA-10001293;8,273664
201510;Standard Class;Central;OFF-PA-10002986;13,78752
201510;Standard Class;Central;OFF-ST-10004459;-371,5866
201510;Standard Class;Central;OFF-SU-10002573;25,03284
201510;Standard Class;Central;TEC-AC-10000844;81,5904
201510;Standard Class;Central;TEC-AC-10002567;94,164228
201510;Standard Class;Central;TEC-PH-10002564;53,53215
201510;Standard Class;Central;TEC-PH-10004094;14,19509
201510;Standard Class;East;FUR-FU-10001588;45,79801
201510;Standard Class;East;FUR-TA-10002607;-60,440814
201510;Standard Class;East;OFF-AR-10000657;0,54782
201510;Standard Class;East;OFF-AR-10003183;1,03206
201510;Standard Class;East;OFF-BI-10001078;13,04919
201510;Standard Class;East;OFF-BI-10001757;-4,92492
201510;Standard Class;East;OFF-BI-10003196;-4,75728
201510;Standard Class;East;OFF-BI-10004140;1,043925
201510;Standard Class;East;OFF-BI-10004817;19,723872
201510;Standard Class;East;OFF-EN-10002500;26,68464
201510;Standard Class;East;OFF-PA-10001166;3,6288
201510;Standard Class;East;OFF-PA-10001295;37,78824
201510;Standard Class;East;OFF-PA-10003177;5,497632
201510;Standard Class;East;OFF-SU-10004290;1,110816
201510;Standard Class;East;TEC-AC-10000892;26,244
201510;Standard Class;East;TEC-AC-10003657;2,012208
201510;Standard Class;South;FUR-CH-10001891;62,972478
201510;Standard Class;South;FUR-CH-10002439;64,3331
201510;Standard Class;South;FUR-FU-10001918;11,62161
201510;Standard Class;South;FUR-FU-10002885;8,42536
201510;Standard Class;South;FUR-TA-10000577;-329,40666
201510;Standard Class;South;OFF-AP-10000275;335,35908
201510;Standard Class;South;OFF-AP-10000696;9,897888
201510;Standard Class;South;OFF-AR-10000658;14,74704
201510;Standard Class;South;OFF-BI-10000977;-11,98976
201510;Standard Class;South;OFF-EN-10003862;4,466462
201510;Standard Class;South;OFF-PA-10000069;23,983128
201510;Standard Class;South;OFF-ST-10000760;2,566728
201510;Standard Class;South;OFF-ST-10004258;8,802189
201510;Standard Class;South;TEC-AC-10000892;69,984
201510;Standard Class;South;TEC-CO-10001943;152,272386
201510;Standard Class;South;TEC-PH-10001552;21,09744
201510;Standard Class;South;TEC-PH-10004042;49,60488
201510;Standard Class;West;FUR-BO-10003660;-99,706176
201510;Standard Class;West;FUR-BO-10004409;14,025648
201510;Standard Class;West;FUR-CH-10000422;-14,849568
201510;Standard Class;West;FUR-CH-10000513;29,832705
201510;Standard Class;West;FUR-FU-10003424;18,899328
201510;Standard Class;West;FUR-TA-10001086;23,25447
201510;Standard Class;West;OFF-AP-10000026;-173,508426
201510;Standard Class;West;OFF-AP-10002191;49,66344
201510;Standard Class;West;OFF-AP-10003287;21,20352
201510;Standard Class;West;OFF-BI-10000301;-6,05592
201510;Standard Class;West;OFF-BI-10002813;-4,851
201510;Standard Class;West;OFF-BI-10002982;-12,375132
201510;Standard Class;West;OFF-BI-10004140;-5,40596
201510;Standard Class;West;OFF-EN-10001415;1,674
201510;Standard Class;West;OFF-EN-10001509;7,71834
201510;Standard Class;West;OFF-LA-10001474;43,340388
201510;Standard Class;West;OFF-LA-10004008;2,331648
201510;Standard Class;West;OFF-PA-10001497;54,98748
201510;Standard Class;West;OFF-ST-10000934;0
201510;Standard Class;West;OFF-ST-10001321;9,242748
201510;Standard Class;West;OFF-ST-10001809;-176,24646
201510;Standard Class;West;OFF-ST-10002562;1,665888
201510;Standard Class;West;OFF-ST-10002974;17,25372
201510;Standard Class;West;TEC-AC-10000521;2,73498
201510;Standard Class;West;TEC-AC-10000892;44,352
201510;Standard Class;West;TEC-AC-10003038;2,95887
201511;First Class;Central;OFF-BI-10000088;-15,112872
201511;First Class;Central;OFF-FA-10000304;2,15166
201511;First Class;Central;TEC-AC-10000358;3,692628
201511;First Class;Central;TEC-AC-10000397;7,788774
201511;First Class;Central;TEC-AC-10002800;33,59328
201511;First Class;Central;TEC-AC-10003038;-0,23628
201511;First Class;Central;TEC-PH-10002350;23,981832
201511;First Class;East;FUR-CH-10004983;246,94332
201511;First Class;East;FUR-FU-10000087;5,72544
201511;First Class;East;OFF-AP-10003099;52,039904
201511;First Class;East;OFF-AR-10001683;1,82619
201511;First Class;East;OFF-AR-10001955;26,42688
201511;First Class;East;OFF-BI-10000773;-5,312448
201511;First Class;East;OFF-BI-10003963;12,855024
201511;First Class;East;OFF-FA-10001135;-0,791208
201511;First Class;East;OFF-LA-10003148;7,56378
201511;First Class;East;OFF-ST-10003058;22,838805
201511;First Class;East;OFF-SU-10004661;1,6932
201511;First Class;East;TEC-AC-10002323;-2,44426
201511;First Class;South;OFF-AP-10003057;376,953993
201511;First Class;South;OFF-AP-10004655;14,779392
201511;First Class;South;OFF-BI-10002854;33,29964
201511;First Class;South;OFF-EN-10001532;14,9424
201511;First Class;South;OFF-LA-10002762;17,902864
201511;First Class;West;FUR-CH-10002073;636,39873
201511;First Class;West;FUR-FU-10000576;28,454304
201511;First Class;West;FUR-FU-10001546;0,801
201511;First Class;West;OFF-AP-10001293;11,605536
201511;First Class;West;OFF-AR-10003582;18,28624
201511;First Class;West;OFF-BI-10000546;-3,048192
201511;First Class;West;OFF-BI-10002049;-4,04892
201511;First Class;West;OFF-EN-10002600;1,90806
201511;First Class;West;OFF-PA-10003016;6,57045
201511;First Class;West;TEC-MA-10000423;-2,275965
201511;Same Day;Central;OFF-BI-10001078;1,32617
201511;Same Day;Central;OFF-BI-10002794;31,374288
201511;Same Day;East;FUR-CH-10003746;135,196776
201511;Same Day;East;FUR-FU-10001025;-7,510158
201511;Same Day;East;FUR-FU-10002240;5,57904
201511;Same Day;East;OFF-AP-10002311;55,213144
201511;Same Day;East;OFF-BI-10001890;3,711744
201511;Same Day;East;OFF-PA-10004000;3,868194
201511;Same Day;East;OFF-ST-10000885;19,80925
201511;Same Day;East;OFF-ST-10003282;108,930528
201511;Same Day;East;TEC-MA-10000045;1716,34848
201511;Same Day;East;TEC-PH-10004165;114,39584
201511;Same Day;West;OFF-ST-10000649;11,147
201511;Same Day;West;TEC-AC-10001552;36,954225
201511;Second Class;Central;FUR-BO-10002916;25,339236
201511;Second Class;Central;FUR-FU-10002506;4,068468
201511;Second Class;Central;FUR-TA-10004619;0
201511;Second Class;Central;OFF-EN-10000461;6,408168
201511;Second Class;Central;OFF-EN-10002831;37,84482
201511;Second Class;Central;OFF-PA-10000743;22,316544
201511;Second Class;Central;OFF-PA-10001019;25,918056
201511;Second Class;Central;OFF-PA-10003823;74,58435
201511;Second Class;Central;OFF-SU-10002537;3,13038
201511;Second Class;Central;TEC-AC-10003095;84,857472
201511;Second Class;East;FUR-FU-10002813;25,648128
201511;Second Class;East;OFF-AR-10003056;5,560576
201511;Second Class;East;OFF-BI-10004738;-17,38692
201511;Second Class;East;OFF-PA-10000176;19,12176
201511;Second Class;East;OFF-PA-10000300;25,918056
201511;Second Class;East;OFF-PA-10000327;17,334
201511;Second Class;East;OFF-PA-10003848;10,948608
201511;Second Class;East;OFF-ST-10000604;12,82644
201511;Second Class;East;OFF-ST-10004634;9,68544
201511;Second Class;East;OFF-SU-10001935;-1,6568
201511;Second Class;South;FUR-BO-10003965;-60,80928
201511;Second Class;South;FUR-CH-10004698;-8,276156
201511;Second Class;South;FUR-FU-10000305;22,7136
201511;Second Class;South;FUR-FU-10000308;41,859576
201511;Second Class;South;OFF-AP-10003266;21,086478
201511;Second Class;South;OFF-AR-10000122;7,533
201511;Second Class;South;OFF-AR-10000380;86,93622
201511;Second Class;South;OFF-FA-10004968;0,476476
201511;Second Class;South;OFF-LA-10000240;3,15792
201511;Second Class;South;OFF-PA-10001274;2,57325
201511;Second Class;South;OFF-ST-10003306;190,57524
201511;Second Class;South;OFF-SU-10002189;-4,5258
201511;Second Class;South;TEC-CO-10001571;164,997
201511;Second Class;South;TEC-PH-10002890;42,34464
201511;Second Class;West;FUR-BO-10002268;-255,232764
201511;Second Class;West;FUR-CH-10000422;20,527344
201511;Second Class;West;FUR-CH-10000595;137,3184
201511;Second Class;West;FUR-FU-10001185;63,913752
201511;Second Class;West;FUR-TA-10000688;84,43866
201511;Second Class;West;FUR-TA-10001520;32,394843
201511;Second Class;West;OFF-AP-10000275;830,587968
201511;Second Class;West;OFF-AP-10002867;23,079168
201511;Second Class;West;OFF-AP-10004052;4,4161
201511;Second Class;West;OFF-AR-10001940;5,698016
201511;Second Class;West;OFF-AR-10003759;4,07862
201511;Second Class;West;OFF-AR-10004999;4,7541
201511;Second Class;West;OFF-BI-10000301;-4,42548
201511;Second Class;West;OFF-BI-10001758;-6,558588
201511;Second Class;West;OFF-BI-10001982;-2,638944
201511;Second Class;West;OFF-EN-10001509;6,213024
201511;Second Class;West;OFF-EN-10003286;6,382224
201511;Second Class;West;OFF-FA-10002280;2,016
201511;Second Class;West;OFF-LA-10003121;5,9059
201511;Second Class;West;OFF-PA-10000157;92,96694
201511;Second Class;West;OFF-PA-10001583;22,38516
201511;Second Class;West;OFF-PA-10003441;16,79616
201511;Second Class;West;OFF-ST-10002554;4,84209
201511;Second Class;West;TEC-AC-10000990;133,882308
201511;Second Class;West;TEC-AC-10002018;6,071514
201511;Second Class;West;TEC-AC-10002049;74,319606
201511;Second Class;West;TEC-AC-10002637;37,7979
201511;Second Class;West;TEC-AC-10002718;-1,42982
201511;Second Class;West;TEC-AC-10004145;206,99172
201511;Second Class;West;TEC-MA-10002930;27,1836
201511;Second Class;West;TEC-PH-10003012;85,741632
201511;Standard Class;Central;FUR-BO-10001337;-43,5528
201511;Standard Class;Central;FUR-BO-10001608;37,05156
201511;Standard Class;Central;FUR-BO-10004467;63,263673
201511;Standard Class;Central;FUR-BO-10004834;1043,52081
201511;Standard Class;Central;FUR-CH-10001891;21,365148
201511;Standard Class;Central;FUR-CH-10002880;19,80139
201511;Standard Class;Central;FUR-CH-10004287;73,57968
201511;Standard Class;Central;FUR-CH-10004853;97,200924
201511;Standard Class;Central;FUR-FU-10000023;1,173288
201511;Standard Class;Central;FUR-FU-10000794;24,581116
201511;Standard Class;Central;FUR-FU-10001215;-15,992604
201511;Standard Class;Central;FUR-FU-10002505;-9,76626
201511;Standard Class;Central;FUR-FU-10004351;14,913888
201511;Standard Class;Central;OFF-AP-10000179;209,31417
201511;Standard Class;Central;OFF-AP-10002311;-137,48238
201511;Standard Class;Central;OFF-AP-10002457;108,783675
201511;Standard Class;Central;OFF-AP-10003849;164,5972
201511;Standard Class;Central;OFF-AP-10004136;-50,71275
201511;Standard Class;Central;OFF-AR-10002257;0,88176
201511;Standard Class;Central;OFF-AR-10003045;6,41655
201511;Standard Class;Central;OFF-AR-10004042;53,028414
201511;Standard Class;Central;OFF-BI-10000315;-32,16906
201511;Standard Class;Central;OFF-BI-10000756;-5,0244
201511;Standard Class;Central;OFF-BI-10001658;36,452976
201511;Standard Class;Central;OFF-BI-10001922;14,819112
201511;Standard Class;Central;OFF-BI-10002194;-13,56201
201511;Standard Class;Central;OFF-BI-10002706;33,563712
201511;Standard Class;Central;OFF-BI-10002813;0,9207
201511;Standard Class;Central;OFF-BI-10004593;-40,74624
201511;Standard Class;Central;OFF-BI-10004728;-4,80072
201511;Standard Class;Central;OFF-FA-10000624;8,50608
201511;Standard Class;Central;OFF-LA-10002945;1,34316
201511;Standard Class;Central;OFF-PA-10000349;7,396296
201511;Standard Class;Central;OFF-PA-10000482;48,14586
201511;Standard Class;Central;OFF-PA-10000675;173,535264
201511;Standard Class;Central;OFF-PA-10000726;31,279185
201511;Standard Class;Central;OFF-PA-10001560;20,070316
201511;Standard Class;Central;OFF-PA-10001667;7,42716
201511;Standard Class;Central;OFF-PA-10001790;51,191424
201511;Standard Class;Central;OFF-PA-10002005;9,424512
201511;Standard Class;Central;OFF-PA-10002659;11,42778
201511;Standard Class;Central;OFF-ST-10000060;54,5832
201511;Standard Class;Central;OFF-ST-10000078;170,398242
201511;Standard Class;Central;OFF-ST-10000344;1,837224
201511;Standard Class;Central;OFF-ST-10000918;1,20336
201511;Standard Class;Central;OFF-ST-10001272;115,1656
201511;Standard Class;Central;OFF-ST-10001526;41,15286
201511;Standard Class;Central;OFF-ST-10001590;3,39696
201511;Standard Class;Central;OFF-ST-10004804;-17,410536
201511;Standard Class;Central;TEC-AC-10000158;25,621281
201511;Standard Class;Central;TEC-CO-10001571;296,9946
201511;Standard Class;Central;TEC-PH-10000347;1,6038
201511;Standard Class;Central;TEC-PH-10001051;27,537246
201511;Standard Class;Central;TEC-PH-10001198;16,37253
201511;Standard Class;Central;TEC-PH-10001536;14,047332
201511;Standard Class;Central;TEC-PH-10001580;47,054028
201511;Standard Class;Central;TEC-PH-10001819;40,598976
201511;Standard Class;Central;TEC-PH-10002789;-146,00664
201511;Standard Class;Central;TEC-PH-10003691;92,60265
201511;Standard Class;Central;TEC-PH-10004908;44,61975
201511;Standard Class;East;FUR-BO-10001519;8,186112
201511;Standard Class;East;FUR-BO-10001811;-15,711156
201511;Standard Class;East;FUR-CH-10001270;18,88875
201511;Standard Class;East;FUR-CH-10001708;2,650424
201511;Standard Class;East;FUR-CH-10002073;456,87789
201511;Standard Class;East;FUR-CH-10003298;-72,039
201511;Standard Class;East;FUR-CH-10004477;12,987837
201511;Standard Class;East;FUR-FU-10001591;15,372
201511;Standard Class;East;FUR-FU-10002759;15,536448
201511;Standard Class;East;FUR-FU-10002813;31,768704
201511;Standard Class;East;FUR-FU-10003799;7,23646
201511;Standard Class;East;FUR-FU-10004017;18,6543
201511;Standard Class;East;FUR-TA-10004607;-30,571244
201511;Standard Class;East;OFF-AR-10001177;1,35792
201511;Standard Class;East;OFF-AR-10001246;1,5876
201511;Standard Class;East;OFF-AR-10001573;2,36495
201511;Standard Class;East;OFF-AR-10001915;11,135502
201511;Standard Class;East;OFF-AR-10002578;2,939904
201511;Standard Class;East;OFF-AR-10004441;2,503872
201511;Standard Class;East;OFF-AR-10004648;15,831855
201511;Standard Class;East;OFF-BI-10000343;7,753872
201511;Standard Class;East;OFF-BI-10001359;-949,01542
201511;Standard Class;East;OFF-BI-10002571;8,349268
201511;Standard Class;East;OFF-BI-10002799;-3,431232
201511;Standard Class;East;OFF-BI-10003291;-14,91084
201511;Standard Class;East;OFF-BI-10003305;-12,012624
201511;Standard Class;East;OFF-BI-10003656;-112,601376
201511;Standard Class;East;OFF-BI-10003707;28,3836
201511;Standard Class;East;OFF-EN-10001539;5,4849
201511;Standard Class;East;OFF-FA-10000053;-2,14326
201511;Standard Class;East;OFF-FA-10000490;1,28216
201511;Standard Class;East;OFF-FA-10003021;0,3948
201511;Standard Class;East;OFF-LA-10004484;6,378372
201511;Standard Class;East;OFF-PA-10000474;52,46892
201511;Standard Class;East;OFF-PA-10001274;4,992105
201511;Standard Class;East;OFF-PA-10001639;17,26272
201511;Standard Class;East;OFF-PA-10002586;7,653762
201511;Standard Class;East;OFF-PA-10003883;10,75641
201511;Standard Class;East;OFF-ST-10000129;56,036841
201511;Standard Class;East;OFF-ST-10001172;29,20416
201511;Standard Class;East;OFF-ST-10001418;5,67114
201511;Standard Class;East;OFF-ST-10002756;4,979408
201511;Standard Class;East;TEC-AC-10001090;-0,83972
201511;Standard Class;East;TEC-AC-10004127;-1,005216
201511;Standard Class;East;TEC-PH-10000441;11,59108
201511;Standard Class;East;TEC-PH-10002807;16,1364
201511;Standard Class;East;TEC-PH-10003174;53,55588
201511;Standard Class;South;FUR-FU-10000087;31,019616
201511;Standard Class;South;FUR-FU-10000965;122,44855
201511;Standard Class;South;FUR-FU-10001546;8,3304
201511;Standard Class;South;FUR-FU-10003930;211,377078
201511;Standard Class;South;FUR-TA-10000577;126,539514
201511;Standard Class;South;FUR-TA-10000617;-146,018835
201511;Standard Class;South;FUR-TA-10002855;200,061414
201511;Standard Class;South;OFF-AP-10000576;22,26032
201511;Standard Class;South;OFF-BI-10000145;2,59896
201511;Standard Class;South;OFF-BI-10001116;7,628544
201511;Standard Class;South;OFF-BI-10002393;7,604352
201511;Standard Class;South;OFF-BI-10002867;-29,674792
201511;Standard Class;South;OFF-BI-10003712;-2,433396
201511;Standard Class;South;OFF-EN-10000781;9,612252
201511;Standard Class;South;OFF-EN-10001137;1,997268
201511;Standard Class;South;OFF-EN-10001539;29,2528
201511;Standard Class;South;OFF-FA-10004854;15,993936
201511;Standard Class;South;OFF-PA-10000994;120,95496
201511;Standard Class;South;OFF-PA-10001790;39,142992
201511;Standard Class;South;OFF-PA-10002160;8,836464
201511;Standard Class;South;OFF-PA-10002659;6,094816
201511;Standard Class;South;OFF-PA-10003395;113,90904
201511;Standard Class;South;OFF-PA-10004041;17,316
201511;Standard Class;South;OFF-ST-10001291;2,035964
201511;Standard Class;South;TEC-AC-10001267;24,6788
201511;Standard Class;South;TEC-AC-10001838;704,304783
201511;Standard Class;South;TEC-AC-10001956;34,5312
201511;Standard Class;South;TEC-AC-10002217;2,12064
201511;Standard Class;South;TEC-AC-10002335;-1,186161
201511;Standard Class;South;TEC-CO-10002313;187,19688
201511;Standard Class;South;TEC-PH-10001254;21,486708
201511;Standard Class;South;TEC-PH-10001527;1,34004
201511;Standard Class;South;TEC-PH-10002597;95,7524
201511;Standard Class;South;TEC-PH-10003885;60,473236
201511;Standard Class;West;FUR-BO-10002598;47,755344
201511;Standard Class;West;FUR-BO-10004357;-66,12242
201511;Standard Class;West;FUR-CH-10000595;27,1776
201511;Standard Class;West;FUR-CH-10001545;11,899512
201511;Standard Class;West;FUR-CH-10002647;12,59895
201511;Standard Class;West;FUR-CH-10003535;9,476292
201511;Standard Class;West;FUR-FU-10000193;-74,31424
201511;Standard Class;West;FUR-FU-10000397;21,439488
201511;Standard Class;West;FUR-FU-10002364;5,521716
201511;Standard Class;West;FUR-FU-10002874;8,329032
201511;Standard Class;West;FUR-FU-10003347;17,61084
201511;Standard Class;West;FUR-FU-10004006;-3,91527
201511;Standard Class;West;FUR-FU-10004017;56,13066
201511;Standard Class;West;FUR-FU-10004090;25,969086
201511;Standard Class;West;FUR-FU-10004904;-191,4696
201511;Standard Class;West;FUR-FU-10004909;39,0264
201511;Standard Class;West;FUR-TA-10002530;46,65282
201511;Standard Class;West;FUR-TA-10002903;44,1507
201511;Standard Class;West;FUR-TA-10002958;-561,837744
201511;Standard Class;West;OFF-AP-10004868;6,125868
201511;Standard Class;West;OFF-AR-10001683;3,93606
201511;Standard Class;West;OFF-AR-10002067;34,354944
201511;Standard Class;West;OFF-AR-10003732;5,514964
201511;Standard Class;West;OFF-BI-10000474;-54,37376
201511;Standard Class;West;OFF-BI-10001078;7,395348
201511;Standard Class;West;OFF-BI-10001267;3,662512
201511;Standard Class;West;OFF-BI-10001510;32,661
201511;Standard Class;West;OFF-BI-10001524;-5,521936
201511;Standard Class;West;OFF-BI-10002133;-119,18088
201511;Standard Class;West;OFF-BI-10002225;26,815488
201511;Standard Class;West;OFF-BI-10002794;-27,624618
201511;Standard Class;West;OFF-BI-10003196;2,06448
201511;Standard Class;West;OFF-BI-10003355;4,852512
201511;Standard Class;West;OFF-BI-10003638;-8,73072
201511;Standard Class;West;OFF-BI-10004224;-118,0764
201511;Standard Class;West;OFF-BI-10004528;6,5772
201511;Standard Class;West;OFF-EN-10000483;9,0402
201511;Standard Class;West;OFF-EN-10003055;48,9755
201511;Standard Class;West;OFF-FA-10002701;0,165312
201511;Standard Class;West;OFF-PA-10001125;41,823
201511;Standard Class;West;OFF-PA-10001357;19,58152
201511;Standard Class;West;OFF-PA-10003349;5,750352
201511;Standard Class;West;OFF-PA-10003892;57,239373
201511;Standard Class;West;OFF-PA-10004610;11,72934
201511;Standard Class;West;OFF-ST-10000129;-29,156478
201511;Standard Class;West;OFF-ST-10001505;2,958306
201511;Standard Class;West;OFF-ST-10001713;-12,039328
201511;Standard Class;West;OFF-ST-10002344;-10,786536
201511;Standard Class;West;OFF-ST-10003572;6,18084
201511;Standard Class;West;OFF-ST-10003994;-19,64034
201511;Standard Class;West;TEC-AC-10001109;38,165274
201511;Standard Class;West;TEC-AC-10001552;-22,306914
201511;Standard Class;West;TEC-AC-10002018;6,973224
201511;Standard Class;West;TEC-AC-10004469;28,1248
201511;Standard Class;West;TEC-AC-10004568;-1,609425
201511;Standard Class;West;TEC-AC-10004633;4,859448
201511;Standard Class;West;TEC-MA-10000045;958,48032
201511;Standard Class;West;TEC-MA-10001016;36,612555
201511;Standard Class;West;TEC-MA-10002790;60,478488
201511;Standard Class;West;TEC-PH-10002200;274,25512
201511;Standard Class;West;TEC-PH-10002923;-28,8522
201511;Standard Class;West;TEC-PH-10003580;104,001716
201511;Standard Class;West;TEC-PH-10004774;-14,839776
201512;First Class;Central;OFF-AP-10001563;65,932776
201512;First Class;Central;OFF-PA-10003228;71,721624
201512;First Class;Central;OFF-PA-10004156;19,17027
201512;First Class;Central;OFF-PA-10004948;2,246976
201512;First Class;Central;TEC-PH-10002293;5,229384
201512;First Class;Central;TEC-PH-10004345;84,2049
201512;First Class;East;FUR-CH-10004477;9,31617
201512;First Class;East;FUR-FU-10000087;19,466496
201512;First Class;East;OFF-AR-10001958;2,010432
201512;First Class;East;OFF-AR-10003582;5,4048
201512;First Class;East;OFF-BI-10002437;7,08992
201512;First Class;East;OFF-BI-10002852;-16,196544
201512;First Class;East;OFF-FA-10000585;1,45184
201512;First Class;East;OFF-FA-10001229;3,07326
201512;First Class;East;OFF-PA-10004000;9,135522
201512;First Class;East;TEC-MA-10001148;-399,350016
201512;First Class;South;FUR-FU-10004091;69,0018
201512;First Class;South;OFF-BI-10000050;7,39125
201512;First Class;South;OFF-BI-10000666;58,828
201512;First Class;South;OFF-BI-10004965;7,3485
201512;First Class;South;OFF-LA-10003930;67,44066
201512;First Class;South;OFF-SU-10001225;0,422464
201512;First Class;South;TEC-AC-10001552;27,647235
201512;First Class;South;TEC-AC-10002049;625,83624
201512;First Class;South;TEC-AC-10002926;103,17936
201512;First Class;South;TEC-AC-10003399;13,089888
201512;First Class;South;TEC-AC-10004761;61,3305
201512;First Class;South;TEC-MA-10000418;-1900,793664
201512;First Class;South;TEC-PH-10001530;55,864488
201512;First Class;South;TEC-PH-10003691;24,56805
201512;First Class;South;TEC-PH-10004908;-19,71768
201512;First Class;West;FUR-CH-10001270;0
201512;First Class;West;OFF-AP-10000828;46,475664
201512;First Class;West;OFF-AP-10002906;0,4218
201512;First Class;West;OFF-AP-10003860;6,140512
201512;First Class;West;OFF-BI-10001031;6,41601
201512;First Class;West;OFF-BI-10002852;-11,524464
201512;First Class;West;OFF-BI-10003727;2,036496
201512;First Class;West;OFF-FA-10003467;0
201512;First Class;West;OFF-LA-10000634;1,344672
201512;First Class;West;OFF-LA-10002271;7,554624
201512;First Class;West;OFF-LA-10003190;2,906496
201512;First Class;West;OFF-PA-10000176;75,849648
201512;First Class;West;OFF-PA-10002365;6,905088
201512;First Class;West;OFF-ST-10001172;1,2588
201512;First Class;West;TEC-AC-10004353;15,8508
201512;First Class;West;TEC-PH-10001336;222,198174
201512;Same Day;Central;OFF-LA-10004093;3,263915
201512;Same Day;Central;OFF-PA-10002254;79,846984
201512;Same Day;Central;OFF-PA-10002713;13,29216
201512;Same Day;Central;OFF-ST-10000943;3,892896
201512;Same Day;Central;TEC-AC-10001606;26,9973
201512;Same Day;Central;TEC-CO-10002095;239,9952
201512;Same Day;East;FUR-CH-10004860;-29,08224
201512;Same Day;East;OFF-AR-10004078;3,504
201512;Same Day;East;OFF-PA-10003441;6,89472
201512;Same Day;East;TEC-AC-10002253;20,94624
201512;Same Day;East;TEC-PH-10001578;-87,30722
201512;Same Day;West;FUR-CH-10003817;161,2647
201512;Same Day;West;FUR-CH-10003846;44,592768
201512;Same Day;West;FUR-CH-10004875;43,818408
201512;Same Day;West;FUR-FU-10002116;16,482501
201512;Same Day;West;FUR-FU-10004270;-3,61152
201512;Same Day;West;OFF-BI-10000320;16,345224
201512;Same Day;West;OFF-PA-10003953;5,785344
201512;Second Class;Central;FUR-CH-10003535;26,593378
201512;Second Class;Central;FUR-TA-10003473;-119,007532
201512;Second Class;Central;OFF-AR-10001940;6,48784
201512;Second Class;Central;OFF-AR-10003903;63,9132
201512;Second Class;Central;OFF-BI-10002026;36,0801
201512;Second Class;Central;OFF-BI-10004187;1,71456
201512;Second Class;Central;OFF-EN-10004147;8,966412
201512;Second Class;Central;OFF-PA-10000100;141,218748
201512;Second Class;Central;OFF-PA-10001184;10,2557
201512;Second Class;Central;OFF-PA-10003656;92,588524
201512;Second Class;Central;TEC-AC-10004145;620,97516
201512;Second Class;Central;TEC-PH-10001817;144,3456
201512;Second Class;Central;TEC-PH-10004586;529,1265
201512;Second Class;Central;TEC-PH-10004908;16,1481
201512;Second Class;East;FUR-FU-10000747;51,58956
201512;Second Class;East;FUR-FU-10002111;9,6824
201512;Second Class;East;OFF-AR-10001919;0,240264
201512;Second Class;East;OFF-BI-10004139;37,7136
201512;Second Class;East;OFF-BI-10004492;60,11253
201512;Second Class;East;OFF-EN-10003296;107,49024
201512;Second Class;East;OFF-LA-10001771;5,03976
201512;Second Class;East;OFF-PA-10001307;6,4827
201512;Second Class;East;OFF-PA-10001667;7,10424
201512;Second Class;East;OFF-PA-10002036;17,14608
201512;Second Class;East;OFF-PA-10002377;37,6838
201512;Second Class;East;OFF-PA-10004947;6,5484
201512;Second Class;East;TEC-AC-10003657;1,441176
201512;Second Class;East;TEC-CO-10002095;454,49091
201512;Second Class;East;TEC-CO-10004202;193,49355
201512;Second Class;East;TEC-PH-10000193;6,455592
201512;Second Class;East;TEC-PH-10001051;30,956904
201512;Second Class;South;FUR-CH-10003535;9,348234
201512;Second Class;South;OFF-AR-10003752;13,8138
201512;Second Class;South;OFF-BI-10000545;-1129,29432
201512;Second Class;South;OFF-BI-10002026;63,53235
201512;Second Class;South;OFF-BI-10003094;2,613952
201512;Second Class;South;OFF-FA-10003472;0,183456
201512;Second Class;South;OFF-PA-10001289;54,698112
201512;Second Class;South;OFF-PA-10004156;13,002444
201512;Second Class;South;TEC-AC-10003063;8,295
201512;Second Class;South;TEC-AC-10003709;2,683296
201512;Second Class;South;TEC-PH-10001615;48,424896
201512;Second Class;South;TEC-PH-10004896;12,23592
201512;Second Class;West;FUR-CH-10001215;139,02195
201512;Second Class;West;FUR-FU-10003039;-37,341954
201512;Second Class;West;FUR-TA-10001705;305,37864
201512;Second Class;West;FUR-TA-10002622;12,002796
201512;Second Class;West;FUR-TA-10003748;327,558088
201512;Second Class;West;OFF-AR-10001468;16,076736
201512;Second Class;West;OFF-AR-10001547;0,495261
201512;Second Class;West;OFF-BI-10000948;10,518417
201512;Second Class;West;OFF-BI-10000977;154,38336
201512;Second Class;West;OFF-BI-10001072;29,28912
201512;Second Class;West;OFF-BI-10001107;-23,779056
201512;Second Class;West;OFF-BI-10001153;23,41812
201512;Second Class;West;OFF-BI-10003707;33,9535
201512;Second Class;West;OFF-BI-10004492;47,644746
201512;Second Class;West;OFF-EN-10003072;8,716032
201512;Second Class;West;OFF-PA-10000726;15,08616
201512;Second Class;West;OFF-PA-10002222;55,1586
201512;Second Class;West;OFF-PA-10003302;89,94672
201512;Second Class;West;OFF-PA-10004255;15,39648
201512;Second Class;West;OFF-PA-10004519;4,82944
201512;Second Class;West;OFF-PA-10004983;2,674944
201512;Second Class;West;OFF-ST-10002554;2,758524
201512;Second Class;West;TEC-AC-10003198;203,32344
201512;Second Class;West;TEC-AC-10003280;0,425858
201512;Second Class;West;TEC-MA-10004241;126,28288
201512;Second Class;West;TEC-PH-10001750;12,749268
201512;Standard Class;Central;FUR-BO-10002545;-54,962388
201512;Standard Class;Central;FUR-CH-10004218;-11,66319
201512;Standard Class;Central;FUR-FU-10000965;-21,513548
201512;Standard Class;Central;FUR-FU-10001468;-51,97792
201512;Standard Class;Central;FUR-FU-10002088;2,844864
201512;Standard Class;Central;FUR-FU-10002364;-10,63827
201512;Standard Class;Central;FUR-FU-10002759;34,52544
201512;Standard Class;Central;FUR-FU-10002885;1,336104
201512;Standard Class;Central;FUR-TA-10004086;-17,488332
201512;Standard Class;Central;OFF-AP-10001626;1,739608
201512;Standard Class;Central;OFF-AP-10002472;33,09852
201512;Standard Class;Central;OFF-AP-10003971;4,070682
201512;Standard Class;Central;OFF-AR-10000823;0,825552
201512;Standard Class;Central;OFF-AR-10003829;1,49076
201512;Standard Class;Central;OFF-BI-10001098;14,136456
201512;Standard Class;Central;OFF-BI-10001765;19,3984
201512;Standard Class;Central;OFF-BI-10002954;-6,72704
201512;Standard Class;Central;OFF-BI-10003718;214,888128
201512;Standard Class;Central;OFF-EN-10002986;35,76915
201512;Standard Class;Central;OFF-EN-10003068;2,99376
201512;Standard Class;Central;OFF-EN-10003296;139,24872
201512;Standard Class;Central;OFF-PA-10000595;23,324208
201512;Standard Class;Central;OFF-PA-10001295;38,668448
201512;Standard Class;Central;OFF-PA-10001776;7,755282
201512;Standard Class;Central;OFF-PA-10001826;9,891072
201512;Standard Class;Central;OFF-PA-10001970;39,593176
201512;Standard Class;Central;OFF-ST-10000798;15,235302
201512;Standard Class;Central;OFF-ST-10003716;-14,96383
201512;Standard Class;Central;TEC-AC-10004571;283,47165
201512;Standard Class;Central;TEC-MA-10004002;301,04865
201512;Standard Class;Central;TEC-PH-10000486;49,272552
201512;Standard Class;Central;TEC-PH-10002170;9,742608
201512;Standard Class;Central;TEC-PH-10004345;26,98875
201512;Standard Class;East;FUR-BO-10002613;-715,93704
201512;Standard Class;East;FUR-BO-10002853;9,17728
201512;Standard Class;East;FUR-CH-10000785;151,045908
201512;Standard Class;East;FUR-CH-10004289;30,675208
201512;Standard Class;East;FUR-FU-10001935;0,83139
201512;Standard Class;East;FUR-FU-10002030;16,0056
201512;Standard Class;East;FUR-FU-10002878;43,414912
201512;Standard Class;East;FUR-FU-10003026;2,755896
201512;Standard Class;East;FUR-FU-10003829;1,892352
201512;Standard Class;East;FUR-FU-10004597;25,1082
201512;Standard Class;East;FUR-TA-10003569;224,5488
201512;Standard Class;East;OFF-AP-10002518;114,583524
201512;Standard Class;East;OFF-AP-10003281;10,44576
201512;Standard Class;East;OFF-AP-10003779;143,1612
201512;Standard Class;East;OFF-AP-10004980;-76,18128
201512;Standard Class;East;OFF-AR-10000634;0,4494
201512;Standard Class;East;OFF-AR-10000817;7,069824
201512;Standard Class;East;OFF-AR-10001149;1,42974
201512;Standard Class;East;OFF-AR-10001662;1,819908
201512;Standard Class;East;OFF-AR-10001940;1,664272
201512;Standard Class;East;OFF-AR-10003405;1,658475
201512;Standard Class;East;OFF-AR-10003582;27,74464
201512;Standard Class;East;OFF-BI-10002813;-5,67567
201512;Standard Class;East;OFF-BI-10004230;38,297952
201512;Standard Class;East;OFF-BI-10004233;35,919936
201512;Standard Class;East;OFF-BI-10004528;3,4272
201512;Standard Class;East;OFF-EN-10004459;5,007256
201512;Standard Class;East;OFF-FA-10002815;7,40814
201512;Standard Class;East;OFF-LA-10000452;5,80608
201512;Standard Class;East;OFF-LA-10001045;1,344672
201512;Standard Class;East;OFF-LA-10003190;2,405376
201512;Standard Class;East;OFF-PA-10000143;12,79872
201512;Standard Class;East;OFF-PA-10000174;5,051592
201512;Standard Class;East;OFF-PA-10000605;16,00193
201512;Standard Class;East;OFF-PA-10001184;22,56254
201512;Standard Class;East;OFF-PA-10001509;15,43875
201512;Standard Class;East;OFF-PA-10002787;2,90304
201512;Standard Class;East;OFF-PA-10004071;30,891264
201512;Standard Class;East;OFF-PA-10004255;2,48832
201512;Standard Class;East;OFF-ST-10000046;52,18065
201512;Standard Class;East;OFF-ST-10001321;12,157128
201512;Standard Class;East;OFF-ST-10001496;105,879644
201512;Standard Class;East;OFF-ST-10001809;-157,166568
201512;Standard Class;East;OFF-ST-10002562;2,093616
201512;Standard Class;East;OFF-ST-10002957;-2,5344
201512;Standard Class;East;OFF-SU-10003936;0,064872
201512;Standard Class;East;TEC-AC-10000171;11,844448
201512;Standard Class;East;TEC-AC-10001266;15,6195
201512;Standard Class;East;TEC-AC-10002018;5,659104
201512;Standard Class;East;TEC-AC-10002370;0,56736
201512;Standard Class;East;TEC-AC-10002637;79,699572
201512;Standard Class;East;TEC-AC-10004227;-9,165744
201512;Standard Class;East;TEC-CO-10003763;1980,551706
201512;Standard Class;East;TEC-MA-10001681;-381,53094
201512;Standard Class;East;TEC-PH-10001433;23,69367
201512;Standard Class;East;TEC-PH-10003505;71,4096
201512;Standard Class;East;TEC-PH-10004667;43,372287
201512;Standard Class;South;FUR-CH-10002372;6,8833
201512;Standard Class;South;FUR-CH-10002647;51,8154
201512;Standard Class;South;FUR-CH-10002965;76,533184
201512;Standard Class;South;FUR-CH-10003973;190,043712
201512;Standard Class;South;FUR-FU-10002445;13,6512
201512;Standard Class;South;FUR-FU-10002963;5,69976
201512;Standard Class;South;OFF-AP-10001271;33,03504
201512;Standard Class;South;OFF-AR-10002952;24,89508
201512;Standard Class;South;OFF-AR-10003087;0,47348
201512;Standard Class;South;OFF-BI-10001553;-5,791104
201512;Standard Class;South;OFF-EN-10001434;46,49022
201512;Standard Class;South;OFF-EN-10003798;6,91335
201512;Standard Class;South;OFF-FA-10001561;0,572468
201512;Standard Class;South;OFF-LA-10004093;3,039498
201512;Standard Class;South;OFF-PA-10000520;14,556672
201512;Standard Class;South;OFF-PA-10001526;3,953124
201512;Standard Class;South;OFF-PA-10003883;11,90135
201512;Standard Class;South;OFF-ST-10000025;-21,910728
201512;Standard Class;South;OFF-ST-10004186;4,394808
201512;Standard Class;South;OFF-SU-10001225;-1,245312
201512;Standard Class;South;TEC-AC-10000865;31,2936
201512;Standard Class;South;TEC-AC-10001553;21,621474
201512;Standard Class;South;TEC-AC-10003237;14,628
201512;Standard Class;South;TEC-PH-10000376;7,7922
201512;Standard Class;South;TEC-PH-10000576;14,959308
201512;Standard Class;West;FUR-BO-10002213;-29,901858
201512;Standard Class;West;FUR-BO-10002613;40,46112
201512;Standard Class;West;FUR-BO-10003450;-149,542016
201512;Standard Class;West;FUR-BO-10003966;-53,140584
201512;Standard Class;West;FUR-BO-10004360;19,88103
201512;Standard Class;West;FUR-CH-10002044;-68,685912
201512;Standard Class;West;FUR-CH-10004287;105,39792
201512;Standard Class;West;FUR-CH-10004675;26,1696
201512;Standard Class;West;FUR-FU-10000221;3,41376
201512;Standard Class;West;FUR-FU-10000222;10,893792
201512;Standard Class;West;FUR-FU-10001473;8,89704
201512;Standard Class;West;FUR-FU-10002253;41,119344
201512;Standard Class;West;FUR-FU-10002456;15,82308
201512;Standard Class;West;FUR-FU-10004090;11,297286
201512;Standard Class;West;FUR-FU-10004270;8,216208
201512;Standard Class;West;FUR-FU-10004351;10,92828
201512;Standard Class;West;FUR-TA-10000849;-250,64766
201512;Standard Class;West;FUR-TA-10004154;-534,40155
201512;Standard Class;West;OFF-AP-10000240;36,911896
201512;Standard Class;West;OFF-AP-10003040;35,314448
201512;Standard Class;West;OFF-AR-10000203;3,47536
201512;Standard Class;West;OFF-AR-10001473;0,87248
201512;Standard Class;West;OFF-AR-10001545;0,503712
201512;Standard Class;West;OFF-AR-10002375;1,112904
201512;Standard Class;West;OFF-AR-10003251;5,0596
201512;Standard Class;West;OFF-AR-10003723;7,25348
201512;Standard Class;West;OFF-AR-10004042;7,476084
201512;Standard Class;West;OFF-AR-10004078;1,19136
201512;Standard Class;West;OFF-BI-10001097;5,636904
201512;Standard Class;West;OFF-BI-10001098;-8,440824
201512;Standard Class;West;OFF-BI-10001718;-62,54045
201512;Standard Class;West;OFF-BI-10002432;2,841696
201512;Standard Class;West;OFF-BI-10003166;-8,637552
201512;Standard Class;West;OFF-BI-10004632;120,47105
201512;Standard Class;West;OFF-BI-10004738;16,099
201512;Standard Class;West;OFF-EN-10000461;14,913936
201512;Standard Class;West;OFF-EN-10003286;6,03612
201512;Standard Class;West;OFF-FA-10004854;22,66152
201512;Standard Class;West;OFF-LA-10001613;2,25792
201512;Standard Class;West;OFF-LA-10002381;7,347648
201512;Standard Class;West;OFF-LA-10004008;5,630976
201512;Standard Class;West;OFF-LA-10004853;5,635368
201512;Standard Class;West;OFF-PA-10000048;2,426112
201512;Standard Class;West;OFF-PA-10000289;6,034176
201512;Standard Class;West;OFF-PA-10000533;5,1012
201512;Standard Class;West;OFF-PA-10001166;26,696952
201512;Standard Class;West;OFF-PA-10002160;9,941022
201512;Standard Class;West;OFF-PA-10002586;7,19361
201512;Standard Class;West;OFF-PA-10003039;55,764
201512;Standard Class;West;OFF-PA-10003256;6,882456
201512;Standard Class;West;OFF-PA-10004451;9,517824
201512;Standard Class;West;OFF-ST-10000078;279,22401
201512;Standard Class;West;OFF-ST-10000107;-2,2422
201512;Standard Class;West;OFF-ST-10004804;-63,382176
201512;Standard Class;West;OFF-ST-10004950;1,75263
201512;Standard Class;West;TEC-AC-10000736;60,408448
201512;Standard Class;West;TEC-AC-10002049;798,3294
201512;Standard Class;West;TEC-AC-10002550;5,12946
201512;Standard Class;West;TEC-AC-10004396;-6,534
201512;Standard Class;West;TEC-AC-10004761;4,82679
201512;Standard Class;West;TEC-PH-10001061;11,758824
201512;Standard Class;West;TEC-PH-10001700;9,515758
201512;Standard Class;West;TEC-PH-10002922;101,394
201512;Standard Class;West;TEC-PH-10002923;23,370282
201601;First Class;Central;OFF-PA-10001033;28,922544
201601;First Class;East;OFF-AR-10000315;1,726875
201601;First Class;East;OFF-BI-10004781;21,32928
201601;First Class;East;OFF-LA-10004689;11,613465
201601;First Class;East;OFF-PA-10000007;9,6876
201601;First Class;East;OFF-ST-10000675;70,914825
201601;First Class;West;OFF-ST-10003692;27,18425
201601;Same Day;Central;FUR-TA-10002903;-13,24521
201601;Second Class;Central;FUR-FU-10000010;7,54943
201601;Second Class;Central;OFF-EN-10003134;13,8992
201601;Second Class;East;FUR-BO-10000468;5,596416
201601;Second Class;East;FUR-CH-10000785;78,291948
201601;Second Class;East;FUR-CH-10001190;-56,84382
201601;Second Class;East;FUR-CH-10004289;-6,33468
201601;Second Class;East;FUR-FU-10000747;7,8166
201601;Second Class;East;FUR-FU-10002445;3,18528
201601;Second Class;East;FUR-TA-10001095;-74,508975
201601;Second Class;East;OFF-BI-10003676;12,22452
201601;Second Class;East;OFF-PA-10001166;3,919104
201601;Second Class;East;OFF-PA-10003656;15,020772
201601;Second Class;East;OFF-PA-10003936;5,4432
201601;Second Class;East;OFF-ST-10004337;0
201601;Second Class;East;TEC-PH-10000148;-9,773676
201601;Second Class;South;OFF-AR-10003958;0,625824
201601;Second Class;South;TEC-AC-10001714;43,535946
201601;Second Class;South;TEC-PH-10002923;5,69646
201601;Second Class;West;OFF-AR-10000588;11,86432
201601;Second Class;West;OFF-BI-10000285;15,3664
201601;Second Class;West;OFF-BI-10001634;4,85576
201601;Second Class;West;TEC-AC-10003027;12,127323
201601;Standard Class;Central;FUR-FU-10000076;27,49248
201601;Standard Class;Central;FUR-FU-10003374;24,630528
201601;Standard Class;Central;FUR-FU-10004017;49,03368
201601;Standard Class;Central;OFF-AR-10003696;8,624252
201601;Standard Class;Central;OFF-FA-10003472;0,223776
201601;Standard Class;Central;OFF-PA-10003892;45,427608
201601;Standard Class;Central;OFF-PA-10004039;27,922824
201601;Standard Class;Central;TEC-AC-10000420;139,21011
201601;Standard Class;Central;TEC-AC-10002049;74,989152
201601;Standard Class;Central;TEC-AC-10002335;12,365466
201601;Standard Class;Central;TEC-AC-10003628;11,084304
201601;Standard Class;Central;TEC-PH-10002726;155,8953
201601;Standard Class;East;FUR-BO-10002545;301,275312
201601;Standard Class;East;FUR-BO-10004709;36,35346
201601;Standard Class;East;FUR-FU-10000719;19,868688
201601;Standard Class;East;FUR-FU-10002268;9,472372
201601;Standard Class;East;OFF-BI-10001460;56,82159
201601;Standard Class;East;OFF-BI-10002225;19,418112
201601;Standard Class;East;OFF-BI-10004506;10,508064
201601;Standard Class;East;OFF-EN-10001137;8,055152
201601;Standard Class;East;OFF-PA-10002764;25,83819
201601;Standard Class;East;OFF-PA-10004285;27,703296
201601;Standard Class;East;TEC-AC-10002217;-6,00096
201601;Standard Class;East;TEC-AC-10002942;-6,0237
201601;Standard Class;East;TEC-PH-10000455;51,128392
201601;Standard Class;East;TEC-PH-10002890;10,31472
201601;Standard Class;East;TEC-PH-10004120;7,890624
201601;Standard Class;South;FUR-BO-10002213;-79,174368
201601;Standard Class;South;FUR-FU-10001475;36,61868
201601;Standard Class;South;FUR-FU-10002107;4,452864
201601;Standard Class;South;OFF-AP-10000692;7,199904
201601;Standard Class;South;OFF-AR-10003477;2,241552
201601;Standard Class;South;OFF-PA-10003953;7,278336
201601;Standard Class;South;OFF-ST-10001526;317,238012
201601;Standard Class;South;TEC-AC-10002926;35,252948
201601;Standard Class;West;FUR-FU-10004270;-7,891992
201601;Standard Class;West;FUR-TA-10000617;255,81171
201601;Standard Class;West;FUR-TA-10004256;-446,91018
201601;Standard Class;West;OFF-AR-10001573;1,067606
201601;Standard Class;West;OFF-AR-10001955;6,2496
201601;Standard Class;West;OFF-AR-10004078;0,60736
201601;Standard Class;West;OFF-BI-10000014;6,362712
201601;Standard Class;West;OFF-BI-10000546;-2,196288
201601;Standard Class;West;OFF-BI-10002026;-79,37622
201601;Standard Class;West;OFF-BI-10003527;654,55985
201601;Standard Class;West;OFF-BI-10004236;-22,19616
201601;Standard Class;West;OFF-BI-10004364;4,65102
201601;Standard Class;West;OFF-EN-10003040;20,171836
201601;Standard Class;West;OFF-EN-10004483;41,24344
201601;Standard Class;West;OFF-LA-10003498;15,54
201601;Standard Class;West;OFF-LA-10004484;7,88417
201601;Standard Class;West;OFF-PA-10004621;10,52352
201601;Standard Class;West;TEC-AC-10000171;11,738694
201601;Standard Class;West;TEC-AC-10000844;80,774496
201601;Standard Class;West;TEC-AC-10001142;35,392
201601;Standard Class;West;TEC-CO-10000971;87,59708
201601;Standard Class;West;TEC-PH-10004080;10,116912
201601;Standard Class;West;TEC-PH-10004093;-16,18848
201601;Standard Class;West;TEC-PH-10004241;165,59632
201602;First Class;Central;TEC-PH-10004897;0,510489
201602;First Class;East;OFF-AP-10004336;37,1664
201602;First Class;East;OFF-PA-10003465;10,835664
201602;First Class;East;OFF-ST-10002214;12,32868
201602;First Class;South;FUR-FU-10001861;78,51956
201602;First Class;West;FUR-FU-10003274;4,321152
201602;First Class;West;FUR-TA-10002356;-52,369578
201602;First Class;West;OFF-AR-10001770;2,0748
201602;First Class;West;OFF-BI-10003274;7,257928
201602;First Class;West;OFF-PA-10000791;1,652805
201602;First Class;West;OFF-ST-10003716;184,29138
201602;Same Day;Central;OFF-LA-10001045;2,953476
201602;Same Day;Central;TEC-AC-10003063;21
201602;Same Day;South;FUR-BO-10004015;42,23648
201602;Same Day;South;FUR-FU-10004091;7,373976
201602;Same Day;South;OFF-EN-10003001;89,992968
201602;Same Day;South;OFF-FA-10000053;0,20034
201602;Same Day;South;OFF-PA-10000357;71,101254
201602;Same Day;South;OFF-PA-10001289;198,280656
201602;Same Day;South;OFF-PA-10003892;152,868205
201602;Same Day;South;OFF-ST-10002344;1,166112
201602;Same Day;South;OFF-ST-10004804;1,451736
201602;Same Day;South;TEC-PH-10000215;22,6476
201602;Same Day;South;TEC-PH-10003645;113,45022
201602;Second Class;Central;OFF-BI-10000174;5,00192
201602;Second Class;Central;OFF-BI-10002309;9,952488
201602;Second Class;Central;OFF-PA-10001736;29,315968
201602;Second Class;Central;OFF-ST-10001809;10,51011
201602;Second Class;Central;TEC-AC-10004227;0,561168
201602;Second Class;East;FUR-FU-10001731;7,670376
201602;Second Class;East;OFF-BI-10002557;15,652
201602;Second Class;East;OFF-LA-10004425;4,237896
201602;Second Class;East;OFF-SU-10001664;4,67922
201602;Second Class;East;TEC-MA-10001127;3331,98096
201602;Second Class;South;OFF-EN-10003134;15,9432
201602;Second Class;South;TEC-PH-10002624;143,393949
201602;Second Class;West;OFF-BI-10004738;26,4213
201602;Second Class;West;TEC-PH-10004094;40,5574
201602;Standard Class;Central;FUR-CH-10001545;28,084672
201602;Standard Class;Central;FUR-CH-10001802;37,527996
201602;Standard Class;Central;FUR-FU-10000629;29,82777
201602;Standard Class;Central;FUR-FU-10003601;-73,59954
201602;Standard Class;Central;FUR-FU-10004090;13,498056
201602;Standard Class;Central;OFF-ST-10000036;83,220696
201602;Standard Class;Central;OFF-ST-10000736;9,328896
201602;Standard Class;Central;OFF-ST-10004180;2,60456
201602;Standard Class;Central;TEC-AC-10003628;36,815724
201602;Standard Class;Central;TEC-PH-10002583;2,13893
201602;Standard Class;Central;TEC-PH-10002890;25,642032
201602;Standard Class;East;FUR-CH-10001270;0
201602;Standard Class;East;FUR-FU-10002088;3,279496
201602;Standard Class;East;FUR-TA-10001095;5,646996
201602;Standard Class;East;OFF-FA-10003495;21,888
201602;Standard Class;East;OFF-LA-10003223;8,66124
201602;Standard Class;East;OFF-ST-10004340;37,270692
201602;Standard Class;East;TEC-AC-10003628;27,71076
201602;Standard Class;East;TEC-AC-10004761;11,26251
201602;Standard Class;East;TEC-PH-10001448;-31,9936
201602;Standard Class;South;FUR-CH-10004754;-2,779146
201602;Standard Class;South;OFF-AP-10004233;-254,879184
201602;Standard Class;South;OFF-BI-10002026;-28,0623
201602;Standard Class;South;OFF-BI-10003727;-3,17262
201602;Standard Class;South;OFF-FA-10000304;1,941072
201602;Standard Class;South;OFF-PA-10000809;1,959552
201602;Standard Class;South;OFF-PA-10002254;36,4044
201602;Standard Class;South;OFF-ST-10001496;31,136832
201602;Standard Class;West;FUR-CH-10000015;207,24288
201602;Standard Class;West;FUR-FU-10000723;-12,72656
201602;Standard Class;West;FUR-FU-10003773;25,191936
201602;Standard Class;West;FUR-FU-10004053;-6,606336
201602;Standard Class;West;OFF-AP-10001205;163,374624
201602;Standard Class;West;OFF-AR-10001615;6,499584
201602;Standard Class;West;OFF-AR-10002240;76,929216
201602;Standard Class;West;OFF-BI-10002412;2,2446
201602;Standard Class;West;OFF-BI-10004519;126,9747
201602;Standard Class;West;OFF-EN-10004386;15,54552
201602;Standard Class;West;OFF-FA-10000304;3,5752
201602;Standard Class;West;OFF-FA-10000992;5,20572
201602;Standard Class;West;OFF-PA-10004092;65,3349
201602;Standard Class;West;OFF-PA-10004996;5,84577
201602;Standard Class;West;OFF-ST-10003994;5,07228
201602;Standard Class;West;TEC-AC-10003399;11,263392
201602;Standard Class;West;TEC-PH-10002398;62,99185
201603;First Class;Central;FUR-CH-10000309;68,44662
201603;First Class;Central;FUR-CH-10002880;-26,123076
201603;First Class;Central;OFF-BI-10003291;6,893208
201603;First Class;Central;OFF-BI-10003529;1,680144
201603;First Class;Central;OFF-ST-10001291;6,451165
201603;First Class;Central;TEC-AC-10000171;17,991974
201603;First Class;Central;TEC-AC-10001314;-15,116976
201603;First Class;East;FUR-CH-10004983;-39,4401
201603;First Class;East;OFF-PA-10001892;15,5092
201603;First Class;East;OFF-PA-10004156;4,889808
201603;First Class;East;TEC-AC-10003038;4,948455
201603;First Class;East;TEC-MA-10000984;400,3938
201603;First Class;South;OFF-PA-10001994;10,651024
201603;First Class;South;OFF-ST-10000649;6,8295
201603;First Class;West;FUR-BO-10004409;-13,20228
201603;First Class;West;FUR-CH-10002647;76,3035
201603;First Class;West;OFF-AP-10000326;17,766
201603;First Class;West;OFF-AR-10001044;18,829755
201603;First Class;West;OFF-BI-10004632;23,5431
201603;First Class;West;OFF-PA-10001801;7,647822
201603;First Class;West;OFF-PA-10001934;1,747656
201603;First Class;West;OFF-PA-10004405;5,364
201603;First Class;West;OFF-ST-10004634;2,82492
201603;First Class;West;TEC-AC-10001013;19,718028
201603;First Class;West;TEC-PH-10001254;14,629248
201603;First Class;West;TEC-PH-10002885;316,597176
201603;Same Day;Central;FUR-FU-10004306;247,5382
201603;Same Day;Central;OFF-AP-10002945;279,78489
201603;Same Day;Central;OFF-EN-10003055;105,24735
201603;Same Day;East;FUR-FU-10000672;10,315872
201603;Same Day;East;FUR-FU-10001037;8,532
201603;Same Day;East;OFF-BI-10000962;18,33629
201603;Same Day;East;OFF-SU-10004782;8,9739
201603;Same Day;East;TEC-AC-10003832;176,12316
201603;Same Day;East;TEC-PH-10000673;62,3904
201603;Same Day;South;FUR-CH-10004754;16,453024
201603;Same Day;West;OFF-BI-10003676;-6,474468
201603;Second Class;Central;OFF-PA-10001243;3,36973
201603;Second Class;Central;OFF-ST-10002485;1,002288
201603;Second Class;Central;TEC-AC-10003289;1,391304
201603;Second Class;Central;TEC-PH-10000004;0,962358
201603;Second Class;Central;TEC-PH-10002789;-65,702988
201603;Second Class;Central;TEC-PH-10003800;-23,962078
201603;Second Class;East;FUR-CH-10003746;59,317104
201603;Second Class;East;FUR-FU-10000221;6,632448
201603;Second Class;East;FUR-FU-10000409;7,166432
201603;Second Class;East;FUR-FU-10003691;30,05002
201603;Second Class;East;FUR-FU-10004712;5,367544
201603;Second Class;East;OFF-AP-10003842;43,49592
201603;Second Class;East;OFF-EN-10001099;11,336976
201603;Second Class;East;OFF-EN-10004459;17,819536
201603;Second Class;East;OFF-LA-10001641;3,77496
201603;Second Class;East;OFF-ST-10001272;6,478065
201603;Second Class;East;OFF-ST-10002756;6,562535
201603;Second Class;East;OFF-SU-10000151;159,167916
201603;Second Class;East;TEC-PH-10003171;43,4217
201603;Second Class;South;FUR-BO-10004357;-221,88192
201603;Second Class;South;FUR-CH-10002965;-41,60286
201603;Second Class;South;FUR-CH-10004287;-6,24212
201603;Second Class;South;FUR-TA-10001857;-113,9292
201603;Second Class;South;OFF-AR-10000475;1,599752
201603;Second Class;South;OFF-BI-10002215;4,37502
201603;Second Class;South;OFF-BI-10002353;-13,5872
201603;Second Class;South;OFF-BI-10004318;-36,950664
201603;Second Class;South;OFF-PA-10001295;16,73154
201603;Second Class;South;OFF-PA-10001838;8,902908
201603;Second Class;South;OFF-PA-10004996;13,500945
201603;Second Class;South;OFF-ST-10002574;-102,2236
201603;Second Class;South;OFF-ST-10003641;-20,70864
201603;Second Class;South;TEC-AC-10000474;53,1944
201603;Second Class;South;TEC-MA-10001148;-566,4648
201603;Second Class;South;TEC-PH-10001254;61,564752
201603;Second Class;South;TEC-PH-10001494;-116,9805
201603;Second Class;West;FUR-BO-10002202;-69,16126
201603;Second Class;West;OFF-AP-10003590;103,7442
201603;Second Class;West;OFF-AR-10001955;20,71296
201603;Standard Class;Central;FUR-BO-10004015;-144,46796
201603;Standard Class;Central;FUR-CH-10000863;-117,61342
201603;Standard Class;Central;FUR-FU-10003731;12,29536
201603;Standard Class;Central;FUR-FU-10004053;8,181008
201603;Standard Class;Central;FUR-TA-10001095;159,579924
201603;Standard Class;Central;FUR-TA-10004767;-1,220856
201603;Standard Class;Central;FUR-TA-10004915;-94,408608
201603;Standard Class;Central;OFF-AR-10001868;0,42336
201603;Standard Class;Central;OFF-BI-10000962;15,466262
201603;Standard Class;Central;OFF-BI-10004233;-27,221376
201603;Standard Class;Central;OFF-EN-10000056;44,357544
201603;Standard Class;Central;OFF-EN-10000483;10,58655
201603;Standard Class;Central;OFF-FA-10001332;0,793152
201603;Standard Class;Central;OFF-ST-10001558;-0,91756
201603;Standard Class;Central;OFF-SU-10000151;-730,993392
201603;Standard Class;Central;TEC-AC-10002800;7,273545
201603;Standard Class;Central;TEC-AC-10002857;5,105485
201603;Standard Class;Central;TEC-AC-10004469;61,523
201603;Standard Class;Central;TEC-AC-10004855;-13,919022
201603;Standard Class;Central;TEC-MA-10001016;33,925395
201603;Standard Class;Central;TEC-PH-10000141;-31,780784
201603;Standard Class;Central;TEC-PH-10000895;28,186434
201603;Standard Class;Central;TEC-PH-10003535;14,978502
201603;Standard Class;Central;TEC-PH-10003691;24,94602
201603;Standard Class;East;FUR-FU-10003347;35,4432
201603;Standard Class;East;FUR-FU-10003724;4,3524
201603;Standard Class;East;FUR-FU-10004020;4,592065
201603;Standard Class;East;FUR-FU-10004864;38,87552
201603;Standard Class;East;FUR-TA-10001095;-30,117312
201603;Standard Class;East;OFF-AP-10004540;31,42272
201603;Standard Class;East;OFF-AR-10003727;5,616894
201603;Standard Class;East;OFF-BI-10000632;20,993076
201603;Standard Class;East;OFF-BI-10001036;22,45698
201603;Standard Class;East;OFF-BI-10001153;-19,6878
201603;Standard Class;East;OFF-BI-10001757;-16,720128
201603;Standard Class;East;OFF-BI-10004965;16,767
201603;Standard Class;East;OFF-EN-10001453;48,899862
201603;Standard Class;East;OFF-PA-10001934;7,493472
201603;Standard Class;East;OFF-PA-10001954;173,145472
201603;Standard Class;East;OFF-ST-10001522;18,76596
201603;Standard Class;East;TEC-AC-10004633;7,63308
201603;Standard Class;East;TEC-PH-10002365;1,485576
201603;Standard Class;South;FUR-CH-10003817;43,18614
201603;Standard Class;South;FUR-FU-10004270;24,599016
201603;Standard Class;South;FUR-FU-10004848;110,538
201603;Standard Class;South;FUR-TA-10001095;-262,271592
201603;Standard Class;South;OFF-AR-10000588;11,967488
201603;Standard Class;South;OFF-BI-10000320;13,932702
201603;Standard Class;South;OFF-BI-10002982;-1,258488
201603;Standard Class;South;OFF-BI-10003708;8,846875
201603;Standard Class;South;OFF-PA-10000466;6,6726
201603;Standard Class;South;OFF-PA-10003127;8,858404
201603;Standard Class;South;OFF-PA-10003953;5,536512
201603;Standard Class;South;OFF-ST-10001526;126,394632
201603;Standard Class;South;OFF-ST-10003208;125,243692
201603;Standard Class;South;TEC-MA-10003979;2136,859473
201603;Standard Class;South;TEC-PH-10002538;-8,882313
201603;Standard Class;South;TEC-PH-10004586;-59,0318
201603;Standard Class;West;FUR-BO-10003272;-26,07564
201603;Standard Class;West;FUR-CH-10000665;0
201603;Standard Class;West;FUR-FU-10003773;-155,8592
201603;Standard Class;West;FUR-FU-10004006;-3,68496
201603;Standard Class;West;FUR-TA-10000849;-111,178368
201603;Standard Class;West;FUR-TA-10004619;0
201603;Standard Class;West;OFF-AP-10001626;-6,994998
201603;Standard Class;West;OFF-AP-10004233;54,133632
201603;Standard Class;West;OFF-AR-10002766;2,6271
201603;Standard Class;West;OFF-AR-10004956;1,73259
201603;Standard Class;West;OFF-BI-10001071;254,563624
201603;Standard Class;West;OFF-BI-10002498;-15,346359
201603;Standard Class;West;OFF-BI-10003291;9,89982
201603;Standard Class;West;OFF-BI-10003876;75,756
201603;Standard Class;West;OFF-BI-10004141;-1,686672
201603;Standard Class;West;OFF-BI-10004465;-4,65696
201603;Standard Class;West;OFF-BI-10004656;-2,433024
201603;Standard Class;West;OFF-FA-10004968;-1,3464
201603;Standard Class;West;OFF-PA-10000659;23,05632
201603;Standard Class;West;OFF-PA-10001977;63,114048
201603;Standard Class;West;OFF-PA-10002005;5,225472
201603;Standard Class;West;OFF-PA-10004022;8,00199
201603;Standard Class;West;OFF-PA-10004101;3,011904
201603;Standard Class;West;TEC-AC-10002567;55,865016
201603;Standard Class;West;TEC-PH-10001530;97,18215
201603;Standard Class;West;TEC-PH-10001557;90,71055
201603;Standard Class;West;TEC-PH-10002890;-20,26752
201603;Standard Class;West;TEC-PH-10003800;-21,948458
201604;First Class;Central;FUR-BO-10001608;99,372
201604;First Class;Central;OFF-BI-10003355;1,003968
201604;First Class;Central;OFF-LA-10004345;6,663852
201604;First Class;Central;TEC-PH-10003012;36,172251
201604;First Class;East;OFF-BI-10004716;-7,313152
201604;First Class;South;OFF-BI-10002414;11,542636
201604;First Class;South;OFF-PA-10001776;13,462821
201604;First Class;South;OFF-PA-10004243;16,936416
201604;First Class;South;TEC-PH-10001448;4,979004
201604;First Class;West;FUR-CH-10000225;-26,60193
201604;First Class;West;OFF-BI-10003707;11,26188
201604;First Class;West;OFF-BI-10004967;2,2464
201604;First Class;West;OFF-EN-10001509;2,905164
201604;First Class;West;OFF-PA-10000809;11,19744
201604;First Class;West;OFF-PA-10002421;45,50112
201604;First Class;West;OFF-PA-10002923;23,78484
201604;First Class;West;OFF-ST-10000760;4,46661
201604;First Class;West;TEC-CO-10002095;348,743025
201604;Same Day;East;OFF-AR-10004817;5,072796
201604;Same Day;East;OFF-PA-10003797;27,37152
201604;Same Day;East;OFF-PA-10003893;2,6964
201604;Same Day;West;FUR-CH-10004086;109,223712
201604;Same Day;West;OFF-ST-10001228;3,695936
201604;Second Class;Central;FUR-FU-10001602;-33,45426
201604;Second Class;Central;FUR-FU-10001889;9,89406
201604;Second Class;Central;OFF-BI-10000831;2,744544
201604;Second Class;Central;OFF-PA-10004327;73,80432
201604;Second Class;Central;OFF-ST-10003442;11,362904
201604;Second Class;Central;TEC-AC-10003174;73,08162
201604;Second Class;Central;TEC-PH-10002555;122,53514
201604;Second Class;East;OFF-AR-10000588;13,15392
201604;Second Class;East;OFF-AR-10001953;79,797312
201604;Second Class;East;OFF-AR-10003156;7,687056
201604;Second Class;East;OFF-AR-10004974;2,767992
201604;Second Class;East;OFF-BI-10001153;-10,22384
201604;Second Class;East;OFF-BI-10001982;-2,844576
201604;Second Class;East;OFF-ST-10001469;8,550432
201604;Second Class;East;OFF-SU-10003567;0,80352
201604;Second Class;East;TEC-PH-10002365;8,126768
201604;Second Class;East;TEC-PH-10004614;-16,146
201604;Second Class;South;FUR-CH-10000847;287,48824
201604;Second Class;South;FUR-FU-10003274;3,438336
201604;Second Class;West;FUR-CH-10002024;0
201604;Second Class;West;FUR-FU-10000206;5,468472
201604;Second Class;West;FUR-FU-10000723;6,619464
201604;Second Class;West;OFF-AR-10000823;1,177176
201604;Second Class;West;OFF-AR-10004456;21,65256
201604;Second Class;West;OFF-BI-10000050;1,49796
201604;Second Class;West;OFF-BI-10000591;2,679432
201604;Second Class;West;OFF-PA-10002377;8,07696
201604;Second Class;West;OFF-ST-10001558;12,6672
201604;Second Class;West;OFF-ST-10003455;7,742592
201604;Second Class;West;TEC-AC-10001109;36,275904
201604;Second Class;West;TEC-PH-10003092;4,428837
201604;Second Class;West;TEC-PH-10004700;9,35064
201604;Standard Class;Central;FUR-BO-10001798;5,30469
201604;Standard Class;Central;FUR-CH-10000454;175,6656
201604;Standard Class;Central;FUR-CH-10001545;-27,765528
201604;Standard Class;Central;FUR-CH-10004287;104,4036
201604;Standard Class;Central;FUR-TA-10002622;-58,714532
201604;Standard Class;Central;OFF-AR-10000034;3,2224
201604;Standard Class;Central;OFF-AR-10001221;6,973876
201604;Standard Class;Central;OFF-AR-10001573;1,479783
201604;Standard Class;Central;OFF-BI-10002764;7,21259
201604;Standard Class;Central;OFF-BI-10003305;5,503992
201604;Standard Class;Central;OFF-BI-10004040;-2,567208
201604;Standard Class;Central;OFF-BI-10004224;-113,0304
201604;Standard Class;Central;OFF-BI-10004330;-78,2127
201604;Standard Class;Central;OFF-BI-10004826;5,038852
201604;Standard Class;Central;OFF-EN-10002312;3,376905
201604;Standard Class;Central;OFF-EN-10004386;33,8259
201604;Standard Class;Central;OFF-FA-10000134;6,66407
201604;Standard Class;Central;OFF-FA-10002988;3,118515
201604;Standard Class;Central;OFF-LA-10001297;7,452
201604;Standard Class;Central;OFF-PA-10000019;4,478976
201604;Standard Class;Central;OFF-PA-10000418;126,2394
201604;Standard Class;Central;OFF-PA-10000807;3,64014
201604;Standard Class;Central;OFF-PA-10001560;3,294216
201604;Standard Class;Central;OFF-PA-10002947;9,234432
201604;Standard Class;Central;OFF-PA-10003022;46,404176
201604;Standard Class;Central;OFF-PA-10003441;5,062176
201604;Standard Class;Central;OFF-ST-10000060;-4,990464
201604;Standard Class;Central;OFF-ST-10001469;-23,578464
201604;Standard Class;Central;OFF-ST-10002406;2,011968
201604;Standard Class;Central;OFF-ST-10002583;2,494464
201604;Standard Class;Central;OFF-ST-10003656;-38,674371
201604;Standard Class;Central;OFF-SU-10001574;3,5478
201604;Standard Class;Central;OFF-SU-10004290;1,588248
201604;Standard Class;Central;TEC-AC-10004209;9,60526
201604;Standard Class;Central;TEC-PH-10000148;0,29877
201604;Standard Class;East;FUR-BO-10002268;-5,441856
201604;Standard Class;East;FUR-BO-10003441;29,08224
201604;Standard Class;East;FUR-CH-10002880;-69,169576
201604;Standard Class;East;FUR-CH-10004983;48,970116
201604;Standard Class;East;FUR-FU-10000550;2,530836
201604;Standard Class;East;FUR-FU-10002597;11,82636
201604;Standard Class;East;FUR-FU-10003975;9,44158
201604;Standard Class;East;FUR-FU-10004748;-77,87892
201604;Standard Class;East;FUR-TA-10004086;86,255136
201604;Standard Class;East;OFF-AP-10001271;66,07008
201604;Standard Class;East;OFF-AP-10004487;-135,739344
201604;Standard Class;East;OFF-AP-10004980;38,598768
201604;Standard Class;East;OFF-AR-10002399;6,706944
201604;Standard Class;East;OFF-BI-10000069;15,298192
201604;Standard Class;East;OFF-BI-10000174;8,6072
201604;Standard Class;East;OFF-BI-10002432;9,15607
201604;Standard Class;East;OFF-BI-10002854;-69,29016
201604;Standard Class;East;OFF-EN-10001137;4,293548
201604;Standard Class;East;OFF-EN-10002500;21,8538
201604;Standard Class;East;OFF-PA-10000100;14,662123
201604;Standard Class;East;OFF-PA-10002713;11,868
201604;Standard Class;East;OFF-PA-10002787;4,914432
201604;Standard Class;East;OFF-ST-10000563;-11,76864
201604;Standard Class;East;OFF-ST-10000636;7,171416
201604;Standard Class;East;OFF-ST-10001780;62,974908
201604;Standard Class;East;OFF-ST-10001932;63,282492
201604;Standard Class;East;TEC-MA-10001047;2176,703256
201604;Standard Class;East;TEC-PH-10002555;319,80325
201604;Standard Class;East;TEC-PH-10004924;6,145524
201604;Standard Class;South;FUR-FU-10003798;15,2306
201604;Standard Class;South;OFF-AP-10003278;1,88595
201604;Standard Class;South;OFF-AR-10003056;3,239532
201604;Standard Class;South;OFF-BI-10004584;-130,81572
201604;Standard Class;South;OFF-BI-10004600;165,5955
201604;Standard Class;South;OFF-PA-10002666;8,49375
201604;Standard Class;South;OFF-ST-10000617;-0,867776
201604;Standard Class;South;OFF-ST-10001627;3,013008
201604;Standard Class;South;TEC-AC-10004659;118,2438
201604;Standard Class;West;FUR-CH-10000454;330,83688
201604;Standard Class;West;FUR-CH-10002304;1,89654
201604;Standard Class;West;FUR-CH-10004540;-4,442688
201604;Standard Class;West;FUR-CH-10004886;32,623
201604;Standard Class;West;FUR-FU-10000023;5,08896
201604;Standard Class;West;FUR-FU-10002759;22,601376
201604;Standard Class;West;FUR-FU-10003268;30,06496
201604;Standard Class;West;FUR-FU-10003799;17,63776
201604;Standard Class;West;FUR-FU-10004973;-8,444088
201604;Standard Class;West;FUR-TA-10001889;-684,165888
201604;Standard Class;West;OFF-AP-10002350;3,526848
201604;Standard Class;West;OFF-AP-10002578;6,222624
201604;Standard Class;West;OFF-AR-10000614;6,599502
201604;Standard Class;West;OFF-AR-10002833;0,697788
201604;Standard Class;West;OFF-AR-10002956;18,999032
201604;Standard Class;West;OFF-AR-10003190;0,88704
201604;Standard Class;West;OFF-AR-10004022;17,4503
201604;Standard Class;West;OFF-AR-10004582;1,66788
201604;Standard Class;West;OFF-BI-10000174;3,4104
201604;Standard Class;West;OFF-BI-10000315;-21,30678
201604;Standard Class;West;OFF-BI-10003314;2,23648
201604;Standard Class;West;OFF-BI-10003712;12,430647
201604;Standard Class;West;OFF-BI-10004140;1,347
201604;Standard Class;West;OFF-BI-10004593;81,744
201604;Standard Class;West;OFF-BI-10004995;-1425,228728
201604;Standard Class;West;OFF-EN-10002973;7,139328
201604;Standard Class;West;OFF-FA-10002280;11,808
201604;Standard Class;West;OFF-FA-10003112;11,144625
201604;Standard Class;West;OFF-PA-10001934;14,351904
201604;Standard Class;West;OFF-PA-10001970;10,245204
201604;Standard Class;West;OFF-ST-10000991;12,278796
201604;Standard Class;West;OFF-SU-10000646;-150,375472
201604;Standard Class;West;OFF-SU-10000946;20,550096
201604;Standard Class;West;OFF-SU-10001218;16,44804
201604;Standard Class;West;OFF-SU-10002522;2,115376
201604;Standard Class;West;OFF-SU-10003505;-32,32494
201604;Standard Class;West;TEC-AC-10001908;30,446955
201604;Standard Class;West;TEC-AC-10001990;57,662388
201604;Standard Class;West;TEC-PH-10000141;-30,764538
201604;Standard Class;West;TEC-PH-10000673;122,285184
201604;Standard Class;West;TEC-PH-10004774;0,93528
201605;First Class;Central;FUR-TA-10004534;-117,91893
201605;First Class;Central;OFF-BI-10002954;-1,970584
201605;First Class;Central;OFF-BI-10003638;-37,3842
201605;First Class;Central;OFF-LA-10001569;1,126476
201605;First Class;Central;OFF-PA-10002751;6,37767
201605;First Class;East;FUR-FU-10001876;12,160512
201605;First Class;East;OFF-LA-10000081;1,617
201605;First Class;East;OFF-PA-10000565;51,568776
201605;First Class;East;OFF-ST-10002554;-30,8133
201605;First Class;East;TEC-AC-10002637;-58,964724
201605;First Class;East;TEC-AC-10003832;31,655715
201605;First Class;East;TEC-CO-10001046;62,9991
201605;First Class;East;TEC-MA-10003589;-171,551952
201605;First Class;South;OFF-BI-10000848;-2,75688
201605;First Class;South;OFF-PA-10003641;30,94374
201605;First Class;South;OFF-PA-10003971;4,16208
201605;First Class;West;FUR-FU-10003975;14,55216
201605;First Class;West;FUR-FU-10004973;-9,054504
201605;First Class;West;FUR-TA-10003392;281,879136
201605;First Class;West;FUR-TA-10003748;6,647766
201605;First Class;West;OFF-BI-10000279;-4,434705
201605;First Class;West;OFF-BI-10001890;1,90456
201605;First Class;West;OFF-BI-10003784;2,5872
201605;First Class;West;OFF-FA-10000936;1,751925
201605;First Class;West;OFF-LA-10002475;6,321688
201605;First Class;West;OFF-PA-10000791;9,6354
201605;First Class;West;OFF-PA-10002751;2,71791
201605;First Class;West;OFF-SU-10000381;21,167216
201605;First Class;West;TEC-AC-10003832;30,154926
201605;First Class;West;TEC-PH-10003555;-12,042162
201605;Same Day;Central;OFF-PA-10002986;3,36672
201605;Same Day;Central;OFF-PA-10004327;84,61056
201605;Same Day;Central;OFF-PA-10004451;3,411072
201605;Same Day;Central;OFF-ST-10000649;1,1932
201605;Same Day;Central;OFF-ST-10002011;88,910199
201605;Same Day;Central;OFF-SU-10000898;21,3643
201605;Same Day;Central;TEC-AC-10001465;7,11872
201605;Same Day;Central;TEC-AC-10003832;50,649144
201605;Same Day;East;OFF-BI-10000315;18,663372
201605;Same Day;East;OFF-ST-10001580;11,95404
201605;Same Day;East;OFF-SU-10001218;17,52408
201605;Same Day;South;TEC-PH-10001530;90,36235
201605;Same Day;West;FUR-CH-10001973;-63,92448
201605;Same Day;West;FUR-FU-10002937;22,32675
201605;Same Day;West;OFF-LA-10004345;5,413275
201605;Same Day;West;OFF-PA-10004040;4,058028
201605;Same Day;West;OFF-PA-10004621;4,318272
201605;Same Day;West;TEC-AC-10000109;10,86206
201605;Same Day;West;TEC-AC-10000580;-8,63892
201605;Same Day;West;TEC-PH-10002293;7,27636
201605;Second Class;Central;FUR-CH-10002024;546,7644
201605;Second Class;Central;OFF-AP-10001205;14,796768
201605;Second Class;Central;OFF-AR-10000716;4,874688
201605;Second Class;Central;OFF-BI-10000301;-5,33128
201605;Second Class;Central;OFF-PA-10000697;4,803792
201605;Second Class;Central;OFF-PA-10000994;150,984
201605;Second Class;Central;OFF-PA-10001497;50,090544
201605;Second Class;Central;OFF-PA-10001790;60,876288
201605;Second Class;Central;OFF-PA-10003936;9,704448
201605;Second Class;Central;TEC-PH-10001795;-91,75852
201605;Second Class;East;FUR-FU-10001488;43,23984
201605;Second Class;East;FUR-TA-10001676;-1,315128
201605;Second Class;East;OFF-ST-10000532;11,08224
201605;Second Class;East;TEC-AC-10001267;9,7038
201605;Second Class;South;OFF-BI-10002557;9,21375
201605;Second Class;South;OFF-PA-10004971;8,07177
201605;Second Class;South;TEC-PH-10000984;235,97196
201605;Second Class;West;FUR-FU-10002116;21,976668
201605;Second Class;West;OFF-AR-10003514;9,1938
201605;Second Class;West;OFF-LA-10002195;14,503104
201605;Standard Class;Central;FUR-CH-10000422;-29,426166
201605;Standard Class;Central;FUR-CH-10003298;-89,118792
201605;Standard Class;Central;FUR-FU-10000576;291,88744
201605;Standard Class;Central;FUR-FU-10001379;-13,082112
201605;Standard Class;Central;FUR-FU-10002088;13,464612
201605;Standard Class;Central;FUR-FU-10004848;9,882355
201605;Standard Class;Central;FUR-TA-10003748;-18,723296
201605;Standard Class;Central;OFF-AP-10000891;94,4064
201605;Standard Class;Central;OFF-AP-10002082;4,70448
201605;Standard Class;Central;OFF-AP-10003217;179,231936
201605;Standard Class;Central;OFF-AR-10000462;3,784
201605;Standard Class;Central;OFF-AR-10001860;2,4984
201605;Standard Class;Central;OFF-AR-10001919;0,189504
201605;Standard Class;Central;OFF-AR-10003056;4,53038
201605;Standard Class;Central;OFF-AR-10003856;2,558712
201605;Standard Class;Central;OFF-AR-10004022;6,15258
201605;Standard Class;Central;OFF-AR-10004602;20,341552
201605;Standard Class;Central;OFF-BI-10000069;-25,072704
201605;Standard Class;Central;OFF-BI-10000773;-3,916968
201605;Standard Class;Central;OFF-BI-10001718;281,460816
201605;Standard Class;Central;OFF-BI-10001757;-1,775136
201605;Standard Class;Central;OFF-BI-10002215;5,24264
201605;Standard Class;Central;OFF-BI-10002393;3,402672
201605;Standard Class;Central;OFF-BI-10004140;-2,3348
201605;Standard Class;Central;OFF-BI-10004728;4,661904
201605;Standard Class;Central;OFF-BI-10004817;3,387944
201605;Standard Class;Central;OFF-EN-10002973;9,547776
201605;Standard Class;Central;OFF-FA-10004248;1,233936
201605;Standard Class;Central;OFF-PA-10000575;6,524088
201605;Standard Class;Central;OFF-PA-10001001;30,527064
201605;Standard Class;Central;OFF-PA-10001846;6,03432
201605;Standard Class;Central;OFF-PA-10002581;17,3488
201605;Standard Class;Central;OFF-PA-10003790;59,676352
201605;Standard Class;Central;OFF-PA-10004621;3,701376
201605;Standard Class;Central;TEC-AC-10002217;9,00144
201605;Standard Class;Central;TEC-AC-10002399;36,21408
201605;Standard Class;Central;TEC-AC-10004510;-2,84664
201605;Standard Class;Central;TEC-MA-10000112;143,784
201605;Standard Class;Central;TEC-MA-10001972;42,7176
201605;Standard Class;Central;TEC-PH-10001198;14,974875
201605;Standard Class;Central;TEC-PH-10001336;63,59207
201605;Standard Class;Central;TEC-PH-10001918;20,904096
201605;Standard Class;Central;TEC-PH-10004165;106,916112
201605;Standard Class;Central;TEC-PH-10004614;94,875
201605;Standard Class;East;FUR-CH-10002304;9,23589
201605;Standard Class;East;FUR-FU-10000320;3,703392
201605;Standard Class;East;FUR-FU-10000629;15,116598
201605;Standard Class;East;FUR-FU-10000732;4,260352
201605;Standard Class;East;FUR-FU-10001085;11,78307
201605;Standard Class;East;FUR-FU-10001617;10,46656
201605;Standard Class;East;FUR-FU-10002191;-1,658448
201605;Standard Class;East;FUR-FU-10002253;98,80494
201605;Standard Class;East;FUR-FU-10002396;8,468856
201605;Standard Class;East;FUR-FU-10003247;-23,554246
201605;Standard Class;East;FUR-TA-10002645;433,2552
201605;Standard Class;East;OFF-AP-10000390;-98,7876
201605;Standard Class;East;OFF-AP-10001366;23,242464
201605;Standard Class;East;OFF-AP-10002222;2,411127
201605;Standard Class;East;OFF-AP-10002403;-60,60177
201605;Standard Class;East;OFF-AR-10001955;7,1424
201605;Standard Class;East;OFF-AR-10002467;0,463092
201605;Standard Class;East;OFF-AR-10003217;2,519328
201605;Standard Class;East;OFF-AR-10003732;0,36696
201605;Standard Class;East;OFF-BI-10000014;-3,924327
201605;Standard Class;East;OFF-BI-10001670;39,0195
201605;Standard Class;East;OFF-BI-10001718;-51,651054
201605;Standard Class;East;OFF-BI-10002309;-11,097504
201605;Standard Class;East;OFF-BI-10002353;-23,90112
201605;Standard Class;East;OFF-BI-10002414;-8,126958
201605;Standard Class;East;OFF-BI-10002852;-18,596032
201605;Standard Class;East;OFF-BI-10004002;-5,93736
201605;Standard Class;East;OFF-BI-10004728;4,523088
201605;Standard Class;East;OFF-EN-10001535;1,90944
201605;Standard Class;East;OFF-EN-10003134;4,16976
201605;Standard Class;East;OFF-LA-10001297;21,46176
201605;Standard Class;East;OFF-PA-10000533;5,535456
201605;Standard Class;East;OFF-PA-10001526;2,830632
201605;Standard Class;East;OFF-PA-10002689;8,491392
201605;Standard Class;East;OFF-PA-10004327;29,5064
201605;Standard Class;East;OFF-PA-10004675;6,25094
201605;Standard Class;East;OFF-PA-10004983;12,845952
201605;Standard Class;East;OFF-ST-10001490;82,45314
201605;Standard Class;East;OFF-ST-10001496;98,275626
201605;Standard Class;East;OFF-ST-10002574;0
201605;Standard Class;East;OFF-ST-10004804;-22,692384
201605;Standard Class;East;TEC-AC-10003033;738,23013
201605;Standard Class;East;TEC-AC-10004518;44,46
201605;Standard Class;East;TEC-PH-10001552;1,550016
201605;Standard Class;East;TEC-PH-10001835;239,639232
201605;Standard Class;East;TEC-PH-10003988;3,1392
201605;Standard Class;South;FUR-FU-10000755;6,0528
201605;Standard Class;South;OFF-AR-10001662;3,432672
201605;Standard Class;South;OFF-AR-10003373;38,644452
201605;Standard Class;South;OFF-BI-10004308;-3,60856
201605;Standard Class;South;OFF-EN-10001141;19,09971
201605;Standard Class;South;OFF-LA-10000973;1,44648
201605;Standard Class;South;OFF-PA-10000029;3,846528
201605;Standard Class;South;OFF-PA-10002893;10,315008
201605;Standard Class;South;OFF-PA-10003971;6,036212
201605;Standard Class;South;OFF-ST-10000321;-2,916144
201605;Standard Class;South;OFF-ST-10000689;158,20272
201605;Standard Class;South;OFF-ST-10002957;-3,73824
201605;Standard Class;South;TEC-CO-10004722;1343,99616
201605;Standard Class;South;TEC-PH-10004080;-17,13348
201605;Standard Class;West;FUR-CH-10001215;56,10976
201605;Standard Class;West;FUR-CH-10002084;60,806256
201605;Standard Class;West;FUR-CH-10003746;206,71112
201605;Standard Class;West;FUR-CH-10003833;-20,24536
201605;Standard Class;West;FUR-CH-10004860;-96,698448
201605;Standard Class;West;FUR-FU-10000010;12,572112
201605;Standard Class;West;FUR-FU-10001037;21,9699
201605;Standard Class;West;FUR-FU-10001940;26,61824
201605;Standard Class;West;FUR-FU-10002088;14,030352
201605;Standard Class;West;FUR-FU-10003691;17,1171
201605;Standard Class;West;FUR-FU-10004270;3,31056
201605;Standard Class;West;OFF-AP-10001563;57,05721
201605;Standard Class;West;OFF-AP-10002684;97,38558
201605;Standard Class;West;OFF-AP-10003842;7,34226
201605;Standard Class;West;OFF-AR-10000940;4,40559
201605;Standard Class;West;OFF-AR-10003732;1,619072
201605;Standard Class;West;OFF-BI-10000309;32,132464
201605;Standard Class;West;OFF-BI-10000343;-3,88872
201605;Standard Class;West;OFF-BI-10000831;-1,672704
201605;Standard Class;West;OFF-BI-10001658;-14,234304
201605;Standard Class;West;OFF-BI-10001670;-15,834
201605;Standard Class;West;OFF-BI-10002609;1,7433
201605;Standard Class;West;OFF-BI-10002824;15,2184
201605;Standard Class;West;OFF-BI-10003429;-4,944996
201605;Standard Class;West;OFF-EN-10002600;9,04824
201605;Standard Class;West;OFF-FA-10003467;0
201605;Standard Class;West;OFF-LA-10003923;16,872
201605;Standard Class;West;OFF-PA-10000357;8,558712
201605;Standard Class;West;OFF-PA-10000994;214,39728
201605;Standard Class;West;OFF-PA-10001260;16,72488
201605;Standard Class;West;OFF-PA-10001293;17,853696
201605;Standard Class;West;OFF-PA-10001667;14,18755
201605;Standard Class;West;OFF-PA-10003591;27,8964
201605;Standard Class;West;OFF-PA-10004040;8,263164
201605;Standard Class;West;OFF-PA-10004782;16,236288
201605;Standard Class;West;OFF-PA-10004888;19,813248
201605;Standard Class;West;OFF-ST-10000604;28,9377
201605;Standard Class;West;OFF-ST-10000876;16,71936
201605;Standard Class;West;OFF-ST-10001505;0,823446
201605;Standard Class;West;OFF-ST-10004123;0
201605;Standard Class;West;TEC-AC-10000109;30,637728
201605;Standard Class;West;TEC-AC-10000991;14,604492
201605;Standard Class;West;TEC-AC-10001767;17,815545
201605;Standard Class;West;TEC-MA-10000488;1322,38347
201605;Standard Class;West;TEC-MA-10002428;88,3443
201605;Standard Class;West;TEC-PH-10000441;30,691164
201605;Standard Class;West;TEC-PH-10001433;15,293187
201605;Standard Class;West;TEC-PH-10001817;24,8094
201605;Standard Class;West;TEC-PH-10003215;96,8583
201605;Standard Class;West;TEC-PH-10003885;22,56858
201606;First Class;Central;FUR-CH-10003846;-6,0588
201606;First Class;Central;OFF-AP-10003971;4,586868
201606;First Class;Central;OFF-BI-10000320;5,714334
201606;First Class;Central;OFF-LA-10003720;8,209512
201606;First Class;Central;OFF-PA-10000483;49,8778
201606;First Class;Central;OFF-PA-10002986;18,404736
201606;First Class;Central;OFF-ST-10001469;7,384464
201606;First Class;East;FUR-BO-10004218;12,54722
201606;First Class;East;FUR-CH-10003968;8,1627
201606;First Class;East;FUR-FU-10002157;14,859936
201606;First Class;East;OFF-AP-10004859;12,422592
201606;First Class;East;OFF-AR-10001868;0,714
201606;First Class;East;OFF-BI-10000591;4,2012
201606;First Class;East;OFF-BI-10000829;5,043168
201606;First Class;East;OFF-BI-10001460;12,59874
201606;First Class;East;OFF-BI-10001721;24,937632
201606;First Class;East;OFF-BI-10002082;-24,76032
201606;First Class;East;OFF-BI-10003910;11,37996
201606;First Class;East;OFF-EN-10002500;38,81925
201606;First Class;East;OFF-LA-10000081;7,884
201606;First Class;East;OFF-PA-10000157;29,58039
201606;First Class;East;OFF-PA-10000587;4,962048
201606;First Class;East;OFF-PA-10001497;90,486144
201606;First Class;East;OFF-PA-10001534;5,660928
201606;First Class;East;OFF-PA-10001569;11,81952
201606;First Class;East;OFF-ST-10000604;40,1478
201606;First Class;East;OFF-ST-10000777;71,049216
201606;First Class;East;TEC-AC-10000521;2,0772
201606;First Class;East;TEC-AC-10001109;59,704092
201606;First Class;East;TEC-AC-10002167;3,069
201606;First Class;East;TEC-AC-10003038;5,050485
201606;First Class;East;TEC-AC-10003174;94,42404
201606;First Class;East;TEC-PH-10003875;19,928916
201606;First Class;South;OFF-AP-10002118;50,020848
201606;First Class;South;OFF-BI-10002309;7,312032
201606;First Class;South;OFF-PA-10000482;38,516688
201606;First Class;West;FUR-CH-10004853;41,851656
201606;First Class;West;FUR-FU-10000206;4,841658
201606;First Class;West;FUR-FU-10002298;-13,450776
201606;First Class;West;OFF-AR-10001545;1,592448
201606;First Class;West;OFF-AR-10002255;2,906496
201606;First Class;West;OFF-PA-10000350;8,529184
201606;First Class;West;OFF-PA-10003134;23,943136
201606;First Class;West;OFF-PA-10003441;16,01856
201606;First Class;West;OFF-ST-10000736;-13,086368
201606;First Class;West;OFF-ST-10003306;188,50377
201606;First Class;West;TEC-AC-10001013;7,539246
201606;First Class;West;TEC-MA-10002178;-20,871
201606;Same Day;East;FUR-BO-10000362;4,257402
201606;Same Day;East;FUR-FU-10003878;24,105728
201606;Same Day;East;FUR-TA-10001771;59,82382
201606;Same Day;East;OFF-FA-10000624;7,2495
201606;Same Day;East;OFF-PA-10000349;7,162236
201606;Same Day;East;OFF-PA-10002870;5,616
201606;Same Day;East;OFF-SU-10003505;10,19568
201606;Same Day;East;TEC-MA-10003356;255,12165
201606;Same Day;South;OFF-BI-10001524;8,576624
201606;Same Day;South;OFF-BI-10002764;2,107575
201606;Same Day;West;FUR-BO-10004218;34,18765
201606;Same Day;West;OFF-BI-10000773;4,52328
201606;Same Day;West;OFF-PA-10000357;171,727605
201606;Same Day;West;OFF-ST-10001837;32,018688
201606;Second Class;Central;FUR-BO-10004695;314,688024
201606;Second Class;Central;FUR-CH-10000229;-122,808136
201606;Second Class;Central;FUR-CH-10001146;-4,99298
201606;Second Class;Central;FUR-FU-10000576;-370,99712
201606;Second Class;Central;FUR-FU-10001424;-5,22054
201606;Second Class;Central;FUR-FU-10002505;-2,97234
201606;Second Class;Central;FUR-FU-10003919;-28,78656
201606;Second Class;Central;FUR-FU-10004351;-4,254432
201606;Second Class;Central;FUR-TA-10002607;-92,79501
201606;Second Class;Central;OFF-AP-10001242;-148,0832
201606;Second Class;Central;OFF-AR-10003469;3,824128
201606;Second Class;Central;OFF-AR-10004344;8,934948
201606;Second Class;Central;OFF-AR-10004685;1,26399
201606;Second Class;Central;OFF-BI-10001525;-2,08026
201606;Second Class;Central;OFF-BI-10001989;12,92368
201606;Second Class;Central;OFF-PA-10000232;5,806728
201606;Second Class;Central;OFF-PA-10001970;84,093156
201606;Second Class;Central;OFF-PA-10003349;10,61748
201606;Second Class;Central;OFF-PA-10003656;43,199888
201606;Second Class;Central;OFF-ST-10002562;7,293888
201606;Second Class;Central;TEC-MA-10002937;50,974938
201606;Second Class;Central;TEC-PH-10000011;12,649672
201606;Second Class;Central;TEC-PH-10001299;30,237984
201606;Second Class;Central;TEC-PH-10003484;10,58316
201606;Second Class;East;FUR-TA-10001676;-1,7772
201606;Second Class;East;OFF-LA-10003720;9,226476
201606;Second Class;East;OFF-ST-10000563;16,69356
201606;Second Class;East;TEC-AC-10003133;3,359748
201606;Second Class;East;TEC-PH-10003484;103,94175
201606;Second Class;South;FUR-CH-10003535;17,208556
201606;Second Class;South;OFF-AP-10000595;2,317848
201606;Second Class;South;OFF-AP-10001394;65,3184
201606;Second Class;South;OFF-AP-10002311;85,984976
201606;Second Class;South;OFF-BI-10002003;2,61884
201606;Second Class;South;OFF-BI-10003910;-3,084
201606;Second Class;South;OFF-PA-10003039;28,71846
201606;Second Class;South;OFF-PA-10004610;1,9474
201606;Second Class;South;TEC-MA-10003493;-1,664845
201606;Second Class;West;OFF-AP-10001242;52,15104
201606;Second Class;West;OFF-AR-10002335;1,422096
201606;Second Class;West;OFF-LA-10000240;7,764682
201606;Second Class;West;OFF-LA-10001934;8,761035
201606;Second Class;West;OFF-PA-10000418;46,80504
201606;Second Class;West;OFF-PA-10001019;10,141848
201606;Second Class;West;OFF-PA-10001776;20,695275
201606;Second Class;West;OFF-PA-10001870;15,676416
201606;Second Class;West;OFF-ST-10000419;0,423696
201606;Second Class;West;OFF-ST-10003638;29,846448
201606;Second Class;West;TEC-AC-10002402;56,87289
201606;Second Class;West;TEC-AC-10003038;-0,53879
201606;Second Class;West;TEC-MA-10000984;438,1668
201606;Second Class;West;TEC-PH-10003012;86,342193
201606;Standard Class;Central;FUR-CH-10002774;10,185804
201606;Standard Class;Central;OFF-AR-10000122;2,1204
201606;Standard Class;Central;OFF-AR-10001547;0,348075
201606;Standard Class;Central;OFF-BI-10003727;-1,110208
201606;Standard Class;Central;OFF-FA-10002988;2,62305
201606;Standard Class;Central;OFF-LA-10000407;6,460056
201606;Standard Class;Central;OFF-LA-10000973;2,3814
201606;Standard Class;Central;OFF-ST-10001496;109,627596
201606;Standard Class;Central;OFF-ST-10003479;-18,45756
201606;Standard Class;Central;OFF-SU-10002537;16,277976
201606;Standard Class;Central;TEC-PH-10001305;119,751156
201606;Standard Class;Central;TEC-PH-10001433;26,996424
201606;Standard Class;East;FUR-CH-10002965;-16,27938
201606;Standard Class;East;FUR-FU-10004270;21,760668
201606;Standard Class;East;FUR-TA-10003473;39,945006
201606;Standard Class;East;OFF-AP-10001058;24,175584
201606;Standard Class;East;OFF-AP-10004036;14,34888
201606;Standard Class;East;OFF-AR-10003045;7,73955
201606;Standard Class;East;OFF-AR-10003829;3,053352
201606;Standard Class;East;OFF-BI-10000138;4,12776
201606;Standard Class;East;OFF-BI-10001078;14,790696
201606;Standard Class;East;OFF-BI-10002003;3,666376
201606;Standard Class;East;OFF-BI-10004728;20,527416
201606;Standard Class;East;OFF-BI-10004781;-26,53464
201606;Standard Class;East;OFF-BI-10004826;-19,178016
201606;Standard Class;East;OFF-LA-10004093;6,046832
201606;Standard Class;East;OFF-PA-10000241;44,75061
201606;Standard Class;East;OFF-PA-10000246;10,134444
201606;Standard Class;East;OFF-PA-10001745;17,031168
201606;Standard Class;East;OFF-PA-10001870;5,388768
201606;Standard Class;East;OFF-PA-10002160;9,97339
201606;Standard Class;East;OFF-ST-10000617;1,08472
201606;Standard Class;East;OFF-ST-10000689;98,0316
201606;Standard Class;East;OFF-ST-10001713;-47,818176
201606;Standard Class;East;OFF-SU-10000157;13,36272
201606;Standard Class;East;TEC-AC-10002167;3,5145
201606;Standard Class;East;TEC-AC-10003095;131,263902
201606;Standard Class;East;TEC-AC-10004877;0,59616
201606;Standard Class;East;TEC-PH-10003988;4,33384
201606;Standard Class;East;TEC-PH-10004539;110,218968
201606;Standard Class;South;FUR-BO-10003272;-46,4058
201606;Standard Class;South;FUR-CH-10003981;-5,39658
201606;Standard Class;South;FUR-FU-10004306;30,77712
201606;Standard Class;South;FUR-FU-10004845;0
201606;Standard Class;South;FUR-TA-10003715;-149,49018
201606;Standard Class;South;OFF-AP-10000692;20,091624
201606;Standard Class;South;OFF-AP-10002082;-23,5224
201606;Standard Class;South;OFF-BI-10001553;11,77232
201606;Standard Class;South;OFF-BI-10003007;68,361384
201606;Standard Class;South;OFF-LA-10000452;12,38328
201606;Standard Class;South;OFF-PA-10000210;39,91005
201606;Standard Class;South;OFF-PA-10000241;98,70228
201606;Standard Class;South;OFF-PA-10000575;9,862398
201606;Standard Class;South;OFF-PA-10000809;3,120768
201606;Standard Class;South;OFF-PA-10004782;5,412096
201606;Standard Class;South;TEC-AC-10001109;19,7934
201606;Standard Class;South;TEC-AC-10002134;3,283728
201606;Standard Class;South;TEC-PH-10001459;269,885574
201606;Standard Class;South;TEC-PH-10001760;120,8925
201606;Standard Class;West;FUR-FU-10002364;5,329098
201606;Standard Class;West;FUR-FU-10003976;12,959916
201606;Standard Class;West;FUR-FU-10004415;-9,458176
201606;Standard Class;West;FUR-TA-10001771;122,99685
201606;Standard Class;West;FUR-TA-10003392;-83,788236
201606;Standard Class;West;FUR-TA-10004256;-199,68416
201606;Standard Class;West;FUR-TA-10004619;371,35161
201606;Standard Class;West;OFF-BI-10001617;-10,646064
201606;Standard Class;West;OFF-BI-10003305;1,772472
201606;Standard Class;West;OFF-BI-10003784;-2,171904
201606;Standard Class;West;OFF-FA-10004076;1,597068
201606;Standard Class;West;OFF-LA-10000248;9,278505
201606;Standard Class;West;OFF-LA-10001297;11,12832
201606;Standard Class;West;OFF-LA-10001641;3,49272
201606;Standard Class;West;OFF-LA-10003148;7,47684
201606;Standard Class;West;OFF-LA-10003510;56,736952
201606;Standard Class;West;OFF-PA-10000806;42,242508
201606;Standard Class;West;OFF-PA-10003129;66,204576
201606;Standard Class;West;OFF-PA-10003441;13,06368
201606;Standard Class;West;OFF-PA-10004000;2,619001
201606;Standard Class;West;OFF-ST-10000060;30,80052
201606;Standard Class;West;TEC-AC-10000397;7,739788
201606;Standard Class;West;TEC-AC-10002018;6,402141
201606;Standard Class;West;TEC-PH-10001198;22,162815
201606;Standard Class;West;TEC-PH-10004434;46,916345
201606;Standard Class;West;TEC-PH-10004833;-7,9348
201607;First Class;Central;OFF-AP-10003849;211,1138
201607;First Class;Central;OFF-FA-10001135;0,066528
201607;First Class;Central;OFF-PA-10000552;5,59872
201607;First Class;East;FUR-BO-10001811;162,5292
201607;First Class;East;FUR-FU-10000221;10,19048
201607;First Class;East;OFF-BI-10000145;0,922896
201607;First Class;East;OFF-EN-10003567;24,586828
201607;First Class;East;OFF-ST-10002486;0,47464
201607;First Class;East;OFF-SU-10004115;0,81424
201607;First Class;East;TEC-CO-10001449;159,357344
201607;First Class;South;FUR-CH-10000665;0
201607;First Class;South;OFF-BI-10003694;4,994496
201607;First Class;South;OFF-PA-10000520;14,660352
201607;First Class;South;TEC-AC-10003095;129,938004
201607;First Class;South;TEC-PH-10002070;4,90282
201607;First Class;South;TEC-PH-10002262;38,467264
201607;First Class;West;FUR-BO-10004409;-78,85878
201607;First Class;West;OFF-AP-10004052;0,58302
201607;First Class;West;OFF-AR-10004456;19,52976
201607;First Class;West;OFF-BI-10000201;-1,66788
201607;First Class;West;OFF-BI-10000545;-876,64896
201607;First Class;West;TEC-CO-10000971;364,48785
201607;First Class;West;TEC-PH-10004100;12,204416
201607;Same Day;Central;FUR-FU-10000221;7,59968
201607;Same Day;Central;OFF-BI-10002215;7,57712
201607;Same Day;Central;OFF-BI-10003364;24,362784
201607;Same Day;Central;OFF-PA-10000788;5,163264
201607;Same Day;Central;TEC-PH-10001198;13,97655
201607;Same Day;Central;TEC-PH-10002564;7,91736
201607;Same Day;East;OFF-AR-10000914;1,021416
201607;Same Day;East;OFF-BI-10001116;-5,773152
201607;Same Day;East;OFF-BI-10001658;-41,26752
201607;Same Day;East;OFF-PA-10000167;46,08275
201607;Same Day;East;OFF-ST-10002276;4,83488
201607;Same Day;East;OFF-ST-10004340;9,749824
201607;Same Day;South;OFF-LA-10001474;13,34161
201607;Same Day;South;OFF-PA-10001950;37,49247
201607;Same Day;South;TEC-AC-10001635;6,7848
201607;Same Day;South;TEC-AC-10002345;7,105
201607;Same Day;South;TEC-MA-10000904;-315,999684
201607;Same Day;West;OFF-AR-10001419;11,82006
201607;Same Day;West;OFF-PA-10004965;3,54645
201607;Same Day;West;TEC-PH-10002824;44,28785
201607;Second Class;Central;FUR-CH-10000785;-14,767968
201607;Second Class;Central;FUR-FU-10004973;-29,84256
201607;Second Class;Central;OFF-AR-10000588;2,85696
201607;Second Class;Central;OFF-FA-10000624;10,74
201607;Second Class;Central;OFF-FA-10000936;13,72259
201607;Second Class;Central;OFF-PA-10001609;6,851754
201607;Second Class;Central;TEC-PH-10004345;117,67095
201607;Second Class;East;FUR-BO-10004695;16,722552
201607;Second Class;East;FUR-CH-10002126;13,858064
201607;Second Class;East;FUR-FU-10001847;5,276016
201607;Second Class;East;FUR-FU-10004164;12,8502
201607;Second Class;East;OFF-AR-10003338;5,4126
201607;Second Class;East;OFF-AR-10004999;12,1394
201607;Second Class;East;OFF-BI-10000042;4,331808
201607;Second Class;East;OFF-BI-10000301;-1,53986
201607;Second Class;East;OFF-BI-10001031;3,344976
201607;Second Class;East;OFF-BI-10002160;3,552444
201607;Second Class;East;OFF-BI-10002764;2,469012
201607;Second Class;East;OFF-BI-10004728;7,87106
201607;Second Class;East;OFF-EN-10001509;5,0337
201607;Second Class;East;OFF-FA-10002988;6,963243
201607;Second Class;East;OFF-LA-10001074;47,819492
201607;Second Class;East;OFF-PA-10001461;24,240384
201607;Second Class;East;OFF-ST-10000604;20,6822
201607;Second Class;East;OFF-ST-10004634;4,0356
201607;Second Class;East;TEC-AC-10000358;16,229328
201607;Second Class;East;TEC-AC-10000487;2,31693
201607;Second Class;East;TEC-AC-10004595;62,9748
201607;Second Class;East;TEC-PH-10000148;-5,518152
201607;Second Class;East;TEC-PH-10003437;54,59272
201607;Second Class;South;FUR-CH-10003061;-3,23964
201607;Second Class;South;FUR-FU-10001940;-2,789184
201607;Second Class;South;OFF-PA-10002923;25,4488
201607;Second Class;South;TEC-CO-10003763;850,48785
201607;Second Class;West;FUR-CH-10001708;32,56638
201607;Second Class;West;FUR-CH-10004626;83,294784
201607;Second Class;West;FUR-FU-10001756;23,4668
201607;Second Class;West;OFF-LA-10003766;2,32848
201607;Second Class;West;OFF-PA-10001497;86,86428
201607;Second Class;West;OFF-PA-10004996;10,369798
201607;Second Class;West;TEC-AC-10003116;48,942075
201607;Second Class;West;TEC-PH-10002262;64,98492
201607;Second Class;West;TEC-PH-10003589;30,2232
201607;Standard Class;Central;FUR-BO-10003546;121,176
201607;Standard Class;Central;FUR-CH-10002961;0
201607;Standard Class;Central;FUR-FU-10001185;69,239898
201607;Standard Class;Central;FUR-FU-10002918;27,621528
201607;Standard Class;Central;FUR-FU-10003039;76,25384
201607;Standard Class;Central;OFF-AP-10001005;68,01652
201607;Standard Class;Central;OFF-AP-10003266;5,669268
201607;Standard Class;Central;OFF-AR-10002956;3,063792
201607;Standard Class;Central;OFF-BI-10000404;4,00158
201607;Standard Class;Central;OFF-BI-10000948;-21,285132
201607;Standard Class;Central;OFF-BI-10001308;-6,751
201607;Standard Class;Central;OFF-BI-10001525;-4,333875
201607;Standard Class;Central;OFF-BI-10003007;38,175032
201607;Standard Class;Central;OFF-BI-10004094;4,41438
201607;Standard Class;Central;OFF-BI-10004209;4,7034
201607;Standard Class;Central;OFF-EN-10003040;6,712605
201607;Standard Class;Central;OFF-LA-10000262;1,689714
201607;Standard Class;Central;OFF-LA-10002945;3,57084
201607;Standard Class;Central;OFF-LA-10004345;6,26516
201607;Standard Class;Central;OFF-PA-10001033;115,690176
201607;Standard Class;Central;OFF-PA-10001950;4,6287
201607;Standard Class;Central;OFF-ST-10001328;3,759624
201607;Standard Class;Central;OFF-ST-10002485;1,028664
201607;Standard Class;Central;TEC-MA-10004002;-117,074475
201607;Standard Class;Central;TEC-PH-10001079;26,986932
201607;Standard Class;Central;TEC-PH-10001580;8,409254
201607;Standard Class;Central;TEC-PH-10001924;3,91944
201607;Standard Class;Central;TEC-PH-10002310;-10,788921
201607;Standard Class;Central;TEC-PH-10004042;148,81464
201607;Standard Class;East;FUR-CH-10002331;8,00955
201607;Standard Class;East;FUR-CH-10002335;81,6012
201607;Standard Class;East;FUR-FU-10000073;7,72464
201607;Standard Class;East;FUR-FU-10000723;13,833936
201607;Standard Class;East;FUR-FU-10000794;6,52596
201607;Standard Class;East;FUR-TA-10002774;-29,13057
201607;Standard Class;East;OFF-AP-10000026;30,454515
201607;Standard Class;East;OFF-AP-10000938;184,066344
201607;Standard Class;East;OFF-AP-10002350;7,701792
201607;Standard Class;East;OFF-AP-10002998;48,533562
201607;Standard Class;East;OFF-AP-10004487;46,905376
201607;Standard Class;East;OFF-AR-10001216;0,320256
201607;Standard Class;East;OFF-AR-10001761;7,56864
201607;Standard Class;East;OFF-AR-10001953;12,46833
201607;Standard Class;East;OFF-AR-10003986;3,59898
201607;Standard Class;East;OFF-BI-10002012;2,8512
201607;Standard Class;East;OFF-BI-10004364;-8,48232
201607;Standard Class;East;OFF-BI-10004967;-1,377792
201607;Standard Class;East;OFF-LA-10003663;3,183624
201607;Standard Class;East;OFF-PA-10000289;5,28768
201607;Standard Class;East;OFF-PA-10002262;18,04032
201607;Standard Class;East;OFF-PA-10004071;20,505408
201607;Standard Class;East;OFF-PA-10004100;24,634368
201607;Standard Class;East;OFF-PA-10004355;1,941408
201607;Standard Class;East;OFF-ST-10000689;-33,12792
201607;Standard Class;East;OFF-ST-10001713;-20,34816
201607;Standard Class;East;OFF-ST-10001780;52,349512
201607;Standard Class;East;OFF-ST-10001932;112,23177
201607;Standard Class;East;OFF-ST-10002292;0
201607;Standard Class;East;OFF-SU-10000952;12,68064
201607;Standard Class;East;OFF-SU-10001165;0,970776
201607;Standard Class;East;OFF-SU-10001574;0,7519
201607;Standard Class;East;OFF-SU-10004782;4,18275
201607;Standard Class;East;TEC-AC-10004975;42,81453
201607;Standard Class;East;TEC-PH-10001425;-30,23622
201607;Standard Class;East;TEC-PH-10001760;244,1133
201607;Standard Class;East;TEC-PH-10003963;-88,822888
201607;Standard Class;East;TEC-PH-10004093;11,423916
201607;Standard Class;South;FUR-CH-10000988;42,975212
201607;Standard Class;South;FUR-CH-10004886;23,71884
201607;Standard Class;South;FUR-FU-10004848;16,92225
201607;Standard Class;South;OFF-BI-10002429;-14,665992
201607;Standard Class;South;OFF-BI-10003963;20,35852
201607;Standard Class;South;OFF-FA-10000735;8,2782
201607;Standard Class;South;OFF-LA-10000305;10,08504
201607;Standard Class;South;OFF-PA-10001471;12,004482
201607;Standard Class;South;OFF-PA-10001892;3,032316
201607;Standard Class;South;OFF-PA-10001934;22,353408
201607;Standard Class;South;OFF-PA-10002120;46,858896
201607;Standard Class;South;OFF-PA-10003641;30,52166
201607;Standard Class;South;OFF-ST-10000078;40,093704
201607;Standard Class;South;OFF-ST-10002344;5,150328
201607;Standard Class;South;OFF-ST-10003816;24,84279
201607;Standard Class;South;OFF-SU-10004664;5,076918
201607;Standard Class;West;FUR-CH-10002602;15,037608
201607;Standard Class;West;FUR-CH-10004287;71,59104
201607;Standard Class;West;FUR-FU-10000073;20,81079
201607;Standard Class;West;FUR-FU-10002456;2,779504
201607;Standard Class;West;FUR-FU-10003691;-11,1644
201607;Standard Class;West;FUR-FU-10003806;-378,4
201607;Standard Class;West;FUR-FU-10004864;93,301248
201607;Standard Class;West;FUR-TA-10004915;466,57536
201607;Standard Class;West;OFF-AP-10002892;14,75316
201607;Standard Class;West;OFF-AR-10001545;1,178496
201607;Standard Class;West;OFF-AR-10002135;15,96384
201607;Standard Class;West;OFF-AR-10002221;0,25844
201607;Standard Class;West;OFF-AR-10004602;9,140824
201607;Standard Class;West;OFF-BI-10001634;-7,215936
201607;Standard Class;West;OFF-BI-10002082;-12,38016
201607;Standard Class;West;OFF-BI-10002353;-13,47912
201607;Standard Class;West;OFF-BI-10002498;28,25928
201607;Standard Class;West;OFF-EN-10003001;201,30006
201607;Standard Class;West;OFF-LA-10003766;1,69344
201607;Standard Class;West;OFF-PA-10003441;7,029504
201607;Standard Class;West;OFF-PA-10004665;27,6017
201607;Standard Class;West;OFF-PA-10004971;4,894504
201607;Standard Class;West;OFF-ST-10000321;0,239856
201607;Standard Class;West;OFF-ST-10000689;-23,6628
201607;Standard Class;West;OFF-ST-10001325;1,129744
201607;Standard Class;West;OFF-ST-10001476;18,14561
201607;Standard Class;West;OFF-ST-10001505;-1,2558
201607;Standard Class;West;OFF-ST-10003479;3,42672
201607;Standard Class;West;OFF-SU-10004261;28,24774
201607;Standard Class;West;TEC-PH-10000149;5,88924
201608;First Class;Central;FUR-CH-10002126;-22,836528
201608;First Class;Central;OFF-FA-10002983;4,517568
201608;First Class;Central;OFF-PA-10002319;8,4303
201608;First Class;Central;OFF-PA-10003625;58,5522
201608;First Class;Central;TEC-AC-10004571;41,355864
201608;First Class;Central;TEC-PH-10004924;3,39201
201608;First Class;East;FUR-CH-10003312;-258,5016
201608;First Class;East;OFF-BI-10000666;55,55808
201608;First Class;East;OFF-BI-10001524;-22,15488
201608;First Class;East;OFF-BI-10002003;-7,48638
201608;First Class;East;OFF-BI-10002309;8,0352
201608;First Class;East;OFF-BI-10003429;7,618155
201608;First Class;East;OFF-BI-10004318;73,762936
201608;First Class;East;OFF-LA-10001074;39,92058
201608;First Class;East;OFF-LA-10003923;46,102
201608;First Class;East;OFF-PA-10000474;26,65088
201608;First Class;East;OFF-PA-10000552;5,769792
201608;First Class;East;OFF-ST-10000675;3,69401
201608;First Class;East;TEC-PH-10003645;-50,228388
201608;First Class;South;FUR-CH-10001215;84,16464
201608;First Class;South;FUR-FU-10001979;10,619424
201608;First Class;South;OFF-BI-10001617;-2,798004
201608;First Class;South;OFF-PA-10004665;22,49008
201608;First Class;West;FUR-BO-10003159;-40,725916
201608;First Class;West;FUR-TA-10004152;9,91872
201608;First Class;West;OFF-AP-10002518;67,27644
201608;First Class;West;OFF-BI-10000050;-20,16333
201608;First Class;West;OFF-BI-10002414;-18,19356
201608;First Class;West;OFF-BI-10004099;-13,39392
201608;First Class;West;OFF-PA-10000130;9,7263
201608;First Class;West;TEC-PH-10002350;3,224448
201608;Same Day;Central;OFF-AP-10002222;5,477706
201608;Same Day;Central;TEC-AC-10000158;15,418116
201608;Same Day;East;OFF-AP-10002892;11,58192
201608;Same Day;East;TEC-PH-10002885;87,337152
201608;Same Day;West;OFF-PA-10000029;3,452544
201608;Second Class;Central;FUR-FU-10000320;-2,415488
201608;Second Class;Central;FUR-FU-10001940;-2,8656
201608;Second Class;Central;FUR-TA-10001691;11,360628
201608;Second Class;Central;FUR-TA-10002530;-264,9699
201608;Second Class;Central;OFF-BI-10000285;4,2336
201608;Second Class;Central;OFF-BI-10000343;3,57939
201608;Second Class;Central;OFF-BI-10003291;8,414847
201608;Second Class;Central;OFF-FA-10000585;3,557008
201608;Second Class;Central;OFF-PA-10000249;4,840776
201608;Second Class;Central;OFF-PA-10001994;15,430272
201608;Second Class;Central;TEC-AC-10004145;53,547858
201608;Second Class;Central;TEC-PH-10001918;26,68608
201608;Second Class;Central;TEC-PH-10002275;33,564624
201608;Second Class;East;FUR-BO-10001337;19,84072
201608;Second Class;East;FUR-TA-10001307;16,14459
201608;Second Class;East;OFF-BI-10000138;-9,389952
201608;Second Class;East;OFF-BI-10000174;9,744
201608;Second Class;East;OFF-BI-10003529;4,341792
201608;Second Class;East;OFF-FA-10000735;6,09696
201608;Second Class;East;OFF-PA-10000675;54,22977
201608;Second Class;East;OFF-PA-10002666;28,98747
201608;Second Class;East;OFF-PA-10004353;20,979
201608;Second Class;East;OFF-PA-10004947;2,9211
201608;Second Class;East;OFF-ST-10003572;1,12572
201608;Second Class;East;TEC-PH-10000011;26,482752
201608;Second Class;South;FUR-CH-10000988;26,134336
201608;Second Class;South;FUR-FU-10004864;3,012672
201608;Second Class;West;FUR-TA-10001095;-51,659556
201608;Second Class;West;OFF-AP-10000576;83,571264
201608;Second Class;West;OFF-AR-10000390;2,811704
201608;Second Class;West;OFF-AR-10000914;3,35808
201608;Second Class;West;OFF-BI-10003727;11,46992
201608;Second Class;West;OFF-EN-10002504;37,174086
201608;Second Class;West;OFF-LA-10000452;1,48176
201608;Second Class;West;OFF-PA-10000019;2,17728
201608;Second Class;West;OFF-ST-10000078;229,10688
201608;Second Class;West;TEC-AC-10004803;18,032784
201608;Second Class;West;TEC-PH-10004896;5,974008
201608;Standard Class;Central;FUR-TA-10001932;10,516992
201608;Standard Class;Central;FUR-TA-10002533;-196,802375
201608;Standard Class;Central;FUR-TA-10003569;200,28951
201608;Standard Class;Central;OFF-AP-10002534;-183,84288
201608;Standard Class;Central;OFF-AP-10004487;96,998496
201608;Standard Class;Central;OFF-BI-10002160;5,54736
201608;Standard Class;Central;OFF-BI-10002609;-3,161184
201608;Standard Class;Central;OFF-BI-10003676;-6,55424
201608;Standard Class;Central;OFF-BI-10004465;3,51648
201608;Standard Class;Central;OFF-EN-10004030;5,35941
201608;Standard Class;Central;OFF-LA-10002473;3,875328
201608;Standard Class;Central;OFF-LA-10002945;10,66464
201608;Standard Class;Central;OFF-LA-10003537;20,847414
201608;Standard Class;Central;OFF-PA-10002606;22,66704
201608;Standard Class;Central;OFF-PA-10002615;0,80262
201608;Standard Class;Central;OFF-PA-10003256;17,868536
201608;Standard Class;Central;OFF-PA-10003848;7,46496
201608;Standard Class;Central;OFF-PA-10004971;1,357722
201608;Standard Class;Central;OFF-ST-10002406;4,40118
201608;Standard Class;Central;OFF-SU-10003505;-28,84914
201608;Standard Class;Central;OFF-SU-10004261;6,82704
201608;Standard Class;Central;OFF-SU-10004498;-8,53944
201608;Standard Class;Central;TEC-AC-10000844;101,886012
201608;Standard Class;Central;TEC-AC-10001767;-12,524868
201608;Standard Class;Central;TEC-AC-10002800;69,986
201608;Standard Class;Central;TEC-AC-10003433;0,69498
201608;Standard Class;Central;TEC-PH-10000369;74,787664
201608;Standard Class;Central;TEC-PH-10003187;-7,51624
201608;Standard Class;Central;TEC-PH-10003442;8,4975
201608;Standard Class;Central;TEC-PH-10003555;-24,41538
201608;Standard Class;East;FUR-BO-10002853;-71,2878
201608;Standard Class;East;FUR-CH-10001973;-35,95752
201608;Standard Class;East;FUR-FU-10000672;18,872448
201608;Standard Class;East;FUR-FU-10004973;-11,903112
201608;Standard Class;East;FUR-TA-10004152;-52,49664
201608;Standard Class;East;OFF-AP-10001492;12,10248
201608;Standard Class;East;OFF-AP-10002118;331,59888
201608;Standard Class;East;OFF-AP-10002439;7,068612
201608;Standard Class;East;OFF-AR-10000538;55,5681
201608;Standard Class;East;OFF-AR-10001954;5,94135
201608;Standard Class;East;OFF-AR-10002399;28,12026
201608;Standard Class;East;OFF-BI-10000088;-17,339616
201608;Standard Class;East;OFF-BI-10002071;-2,258928
201608;Standard Class;East;OFF-BI-10002827;-2,601312
201608;Standard Class;East;OFF-EN-10002230;48,947976
201608;Standard Class;East;OFF-EN-10002504;61,95681
201608;Standard Class;East;OFF-FA-10000053;-2,3814
201608;Standard Class;East;OFF-PA-10001870;7,558272
201608;Standard Class;East;OFF-PA-10002160;12,914832
201608;Standard Class;East;OFF-ST-10001580;1,749664
201608;Standard Class;East;OFF-ST-10002743;-129,5496
201608;Standard Class;East;OFF-SU-10000381;7,046739
201608;Standard Class;East;OFF-SU-10002189;0,188972
201608;Standard Class;East;TEC-AC-10002842;-35,9856
201608;Standard Class;East;TEC-AC-10003610;93,296448
201608;Standard Class;East;TEC-MA-10001972;49,6278
201608;Standard Class;East;TEC-PH-10003442;6,325
201608;Standard Class;East;TEC-PH-10004908;49,71915
201608;Standard Class;South;FUR-FU-10001591;52,57224
201608;Standard Class;South;FUR-TA-10004147;81,775584
201608;Standard Class;South;OFF-AR-10002255;1,937664
201608;Standard Class;South;OFF-AR-10002578;3,00672
201608;Standard Class;South;OFF-AR-10004165;1,378944
201608;Standard Class;South;OFF-LA-10002034;5,100508
201608;Standard Class;South;OFF-LA-10004484;2,203768
201608;Standard Class;South;OFF-LA-10004559;3,407616
201608;Standard Class;South;OFF-PA-10000551;5,482512
201608;Standard Class;South;OFF-PA-10000605;5,437824
201608;Standard Class;South;OFF-SU-10002573;16,26784
201608;Standard Class;South;TEC-AC-10001109;10,160612
201608;Standard Class;South;TEC-AC-10002006;14,127165
201608;Standard Class;South;TEC-AC-10003911;169,717392
201608;Standard Class;South;TEC-MA-10000423;41,323608
201608;Standard Class;South;TEC-PH-10000439;11,133216
201608;Standard Class;South;TEC-PH-10002170;65,258676
201608;Standard Class;West;FUR-CH-10000225;-9,55564
201608;Standard Class;West;FUR-CH-10002961;57,95426
201608;Standard Class;West;FUR-FU-10000308;31,189488
201608;Standard Class;West;FUR-FU-10004071;39,752622
201608;Standard Class;West;OFF-AP-10003287;9,541584
201608;Standard Class;West;OFF-BI-10001510;36,672
201608;Standard Class;West;OFF-BI-10001989;-15,646884
201608;Standard Class;West;OFF-BI-10003007;29,612408
201608;Standard Class;West;OFF-BI-10003305;13,864032
201608;Standard Class;West;OFF-BI-10003314;-2,459646
201608;Standard Class;West;OFF-BI-10003712;6,663852
201608;Standard Class;West;OFF-BI-10004465;-7,6032
201608;Standard Class;West;OFF-FA-10001883;0,172716
201608;Standard Class;West;OFF-PA-10000019;11,664
201608;Standard Class;West;OFF-PA-10001870;18,6624
201608;Standard Class;West;OFF-PA-10002246;5,05035
201608;Standard Class;West;OFF-PA-10003270;4,79952
201608;Standard Class;West;OFF-PA-10004911;20,530944
201608;Standard Class;West;OFF-ST-10001505;2,927808
201608;Standard Class;West;TEC-AC-10000420;54,38223
201608;Standard Class;West;TEC-PH-10001530;-39,55008
201608;Standard Class;West;TEC-PH-10001700;14,412216
201608;Standard Class;West;TEC-PH-10002890;8,794656
201608;Standard Class;West;TEC-PH-10003580;-46,174856
201608;Standard Class;West;TEC-PH-10004614;8,073
201609;First Class;Central;FUR-FU-10004671;-12,945042
201609;First Class;Central;OFF-AR-10000255;7,44016
201609;First Class;Central;OFF-AR-10003759;0,637
201609;First Class;Central;OFF-BI-10000050;3,58722
201609;First Class;Central;OFF-BI-10000343;-3,370224
201609;First Class;Central;OFF-FA-10000304;1,87698
201609;First Class;Central;OFF-PA-10001667;3,1694
201609;First Class;Central;OFF-PA-10001837;8,636544
201609;First Class;Central;OFF-PA-10003039;29,431
201609;First Class;Central;OFF-PA-10004381;40,584192
201609;First Class;Central;TEC-PH-10003171;57,8956
201609;First Class;East;FUR-CH-10001146;28,92275
201609;First Class;East;FUR-CH-10002647;-7,098
201609;First Class;East;FUR-CH-10004675;290,657024
201609;First Class;East;FUR-FU-10000277;-57,642048
201609;First Class;East;FUR-FU-10002107;1,461096
201609;First Class;East;FUR-FU-10003424;4,152384
201609;First Class;East;OFF-AP-10003779;47,30544
201609;First Class;East;OFF-AR-10002257;0,279224
201609;First Class;East;OFF-BI-10000545;-570,735
201609;First Class;East;OFF-BI-10002160;0,778764
201609;First Class;East;OFF-BI-10004584;-693,41811
201609;First Class;East;OFF-BI-10004826;27,102816
201609;First Class;East;OFF-BI-10004995;1160,652272
201609;First Class;East;OFF-EN-10001335;10,8306
201609;First Class;East;OFF-LA-10004853;3,780816
201609;First Class;East;OFF-PA-10001970;29,781456
201609;First Class;East;OFF-PA-10002377;7,668
201609;First Class;East;OFF-PA-10002713;19,93824
201609;First Class;East;OFF-ST-10000604;18,4228
201609;First Class;East;OFF-ST-10001490;337,3083
201609;First Class;East;OFF-ST-10001590;0,800712
201609;First Class;East;TEC-AC-10000290;2,631804
201609;First Class;East;TEC-PH-10002496;-49,60482
201609;First Class;East;TEC-PH-10003505;60,552
201609;First Class;South;FUR-BO-10002613;72,49284
201609;First Class;South;TEC-PH-10003988;12,57424
201609;First Class;West;OFF-BI-10000014;38,97052
201609;First Class;West;OFF-BI-10001036;6,36144
201609;First Class;West;OFF-BI-10004001;-8,458656
201609;First Class;West;OFF-EN-10001509;1,898424
201609;First Class;West;OFF-LA-10003148;7,65072
201609;First Class;West;OFF-ST-10002370;36,474228
201609;First Class;West;OFF-ST-10003455;11,371932
201609;Same Day;Central;FUR-CH-10001215;-53,60486
201609;Same Day;Central;FUR-CH-10002304;5,76756
201609;Same Day;Central;OFF-BI-10004654;-3,70434
201609;Same Day;Central;TEC-PH-10001870;10,745865
201609;Same Day;West;FUR-FU-10000260;8,212968
201609;Same Day;West;FUR-FU-10002501;21,0456
201609;Same Day;West;FUR-TA-10003008;-10,2228
201609;Same Day;West;OFF-AR-10002445;14,7972
201609;Same Day;West;OFF-BI-10004970;4,07631
201609;Same Day;West;OFF-FA-10002676;0,697212
201609;Same Day;West;OFF-LA-10000262;2,737368
201609;Same Day;West;OFF-PA-10001667;15,3387
201609;Same Day;West;OFF-ST-10004507;10,55754
201609;Same Day;West;TEC-CO-10003763;850,48785
201609;Second Class;Central;FUR-BO-10003159;34,769952
201609;Second Class;Central;FUR-BO-10004834;-266,408352
201609;Second Class;Central;FUR-CH-10002084;94,972878
201609;Second Class;Central;FUR-CH-10002372;28,861272
201609;Second Class;Central;FUR-CH-10003061;-2,024775
201609;Second Class;Central;FUR-FU-10000246;3,40938
201609;Second Class;Central;FUR-FU-10002364;4,92246
201609;Second Class;Central;FUR-FU-10004963;7,854
201609;Second Class;Central;OFF-AR-10002375;1,145376
201609;Second Class;Central;OFF-BI-10002071;-6,83256
201609;Second Class;Central;OFF-BI-10003350;5,458728
201609;Second Class;Central;OFF-BI-10003355;4,727016
201609;Second Class;Central;OFF-BI-10004187;2,616208
201609;Second Class;Central;OFF-EN-10002500;5,98104
201609;Second Class;Central;OFF-EN-10003567;37,19016
201609;Second Class;Central;OFF-FA-10001843;3,894696
201609;Second Class;Central;OFF-LA-10001317;9,73728
201609;Second Class;Central;OFF-LA-10004093;20,339344
201609;Second Class;Central;OFF-PA-10000380;17,7225
201609;Second Class;Central;OFF-PA-10001870;7,80192
201609;Second Class;Central;OFF-PA-10002036;4,171824
201609;Second Class;Central;OFF-PA-10002222;42,866112
201609;Second Class;Central;OFF-PA-10002586;3,83211
201609;Second Class;Central;OFF-ST-10000060;25,73208
201609;Second Class;Central;OFF-ST-10000642;2,291016
201609;Second Class;Central;OFF-ST-10000934;-31,80048
201609;Second Class;Central;OFF-ST-10001580;3,091872
201609;Second Class;Central;OFF-ST-10003058;48,28384
201609;Second Class;Central;OFF-SU-10001212;1,32912
201609;Second Class;Central;OFF-SU-10004737;2,95488
201609;Second Class;Central;TEC-AC-10000158;0,590236
201609;Second Class;East;FUR-BO-10001811;92,09988
201609;Second Class;East;FUR-FU-10004848;10,4535
201609;Second Class;East;FUR-TA-10004086;-37,14336
201609;Second Class;East;OFF-AP-10001205;9,326976
201609;Second Class;East;OFF-AR-10000538;9,37395
201609;Second Class;East;OFF-AR-10002987;5,999616
201609;Second Class;East;OFF-BI-10000756;9,9216
201609;Second Class;East;OFF-BI-10001989;20,912864
201609;Second Class;East;OFF-BI-10002225;11,5584
201609;Second Class;East;OFF-EN-10003055;15,3923
201609;Second Class;East;OFF-PA-10000575;3,108174
201609;Second Class;East;OFF-PA-10001204;2,9568
201609;Second Class;East;OFF-PA-10002195;4,73202
201609;Second Class;East;OFF-ST-10000352;6,42384
201609;Second Class;East;OFF-SU-10000381;7,28973
201609;Second Class;East;TEC-AC-10004761;8,47476
201609;Second Class;East;TEC-PH-10000895;58,85673
201609;Second Class;East;TEC-PH-10004667;-126,35064
201609;Second Class;South;FUR-FU-10003832;-9,965312
201609;Second Class;South;OFF-PA-10004022;5,30469
201609;Second Class;South;OFF-PA-10004971;2,447252
201609;Second Class;West;FUR-CH-10004086;54,086742
201609;Second Class;West;FUR-FU-10001756;1,645056
201609;Second Class;West;FUR-FU-10001918;3,23532
201609;Second Class;West;OFF-AR-10004685;4,079493
201609;Second Class;West;OFF-BI-10001132;-14,543216
201609;Second Class;West;OFF-BI-10001597;-65,633568
201609;Second Class;West;OFF-BI-10004318;94,45254
201609;Second Class;West;OFF-BI-10004654;13,26564
201609;Second Class;West;OFF-EN-10001099;7,933536
201609;Second Class;West;OFF-LA-10000634;1,486134
201609;Second Class;West;OFF-PA-10000176;8,377152
201609;Second Class;West;OFF-PA-10000327;3,2742
201609;Second Class;West;OFF-PA-10003971;7,735728
201609;Second Class;West;OFF-ST-10002790;-73,443825
201609;Second Class;West;TEC-AC-10001714;27,1252
201609;Second Class;West;TEC-PH-10002660;7,61488
201609;Standard Class;Central;FUR-BO-10003894;0
201609;Standard Class;Central;FUR-CH-10000309;-65,277795
201609;Standard Class;Central;FUR-CH-10001146;-17,791144
201609;Standard Class;Central;FUR-CH-10003199;-11,98584
201609;Standard Class;Central;FUR-FU-10000260;12,23208
201609;Standard Class;Central;FUR-FU-10002597;6,971328
201609;Standard Class;Central;FUR-FU-10002671;7,1288
201609;Standard Class;Central;FUR-FU-10003394;-73,101204
201609;Standard Class;Central;FUR-FU-10004586;6,246912
201609;Standard Class;Central;FUR-FU-10004864;71,817408
201609;Standard Class;Central;FUR-FU-10004952;25,793488
201609;Standard Class;Central;FUR-TA-10001095;-160,625664
201609;Standard Class;Central;FUR-TA-10003473;181,67079
201609;Standard Class;Central;OFF-AP-10000358;21,681792
201609;Standard Class;Central;OFF-AP-10000576;70,969248
201609;Standard Class;Central;OFF-AR-10000896;0,578592
201609;Standard Class;Central;OFF-AR-10001953;5,295192
201609;Standard Class;Central;OFF-AR-10002445;12,7794
201609;Standard Class;Central;OFF-AR-10004022;23,47695
201609;Standard Class;Central;OFF-BI-10001031;-2,898552
201609;Standard Class;Central;OFF-BI-10001249;7,232368
201609;Standard Class;Central;OFF-BI-10002103;15,973958
201609;Standard Class;Central;OFF-BI-10002309;2,906064
201609;Standard Class;Central;OFF-BI-10004022;-4,5036
201609;Standard Class;Central;OFF-BI-10004236;-15,422808
201609;Standard Class;Central;OFF-BI-10004364;3,2076
201609;Standard Class;Central;OFF-BI-10004390;222,27744
201609;Standard Class;Central;OFF-BI-10004826;14,700504
201609;Standard Class;Central;OFF-EN-10002312;6,412238
201609;Standard Class;Central;OFF-EN-10003055;22,1889
201609;Standard Class;Central;OFF-LA-10001158;4,86864
201609;Standard Class;Central;OFF-LA-10001569;4,350528
201609;Standard Class;Central;OFF-LA-10002195;5,558784
201609;Standard Class;Central;OFF-LA-10003720;2,60145
201609;Standard Class;Central;OFF-LA-10004484;4,72472
201609;Standard Class;Central;OFF-PA-10000100;31,332756
201609;Standard Class;Central;OFF-PA-10000807;9,15278
201609;Standard Class;Central;OFF-PA-10002245;19,3752
201609;Standard Class;Central;OFF-PA-10003651;1,346688
201609;Standard Class;Central;OFF-PA-10004040;14,94402
201609;Standard Class;Central;OFF-ST-10001370;-106,36353
201609;Standard Class;Central;OFF-ST-10001490;189,53514
201609;Standard Class;Central;OFF-ST-10003479;-20,50191
201609;Standard Class;Central;TEC-AC-10003063;15,12
201609;Standard Class;Central;TEC-CO-10001943;594,050296
201609;Standard Class;Central;TEC-PH-10000923;19,12724
201609;Standard Class;Central;TEC-PH-10001944;273,2184
201609;Standard Class;East;FUR-BO-10000780;-171,074176
201609;Standard Class;East;FUR-BO-10001918;-14,681376
201609;Standard Class;East;FUR-BO-10003450;13,080288
201609;Standard Class;East;FUR-CH-10000513;-137,854395
201609;Standard Class;East;FUR-CH-10000665;57,97632
201609;Standard Class;East;FUR-CH-10000988;63,64612
201609;Standard Class;East;FUR-CH-10001394;129,16432
201609;Standard Class;East;FUR-CH-10002880;-8,633898
201609;Standard Class;East;FUR-CH-10004875;11,45998
201609;Standard Class;East;FUR-FU-10001546;0,92916
201609;Standard Class;East;FUR-FU-10002813;11,221056
201609;Standard Class;East;FUR-FU-10003039;15,39741
201609;Standard Class;East;FUR-FU-10003347;16,44786
201609;Standard Class;East;FUR-FU-10004053;23,237544
201609;Standard Class;East;FUR-FU-10004671;-6,453084
201609;Standard Class;East;FUR-TA-10003569;-264,6468
201609;Standard Class;East;OFF-AP-10001005;94,733925
201609;Standard Class;East;OFF-AP-10001564;-241,138944
201609;Standard Class;East;OFF-AP-10002287;4,908384
201609;Standard Class;East;OFF-AR-10002255;1,720512
201609;Standard Class;East;OFF-AR-10003469;2,128896
201609;Standard Class;East;OFF-AR-10004441;5,2164
201609;Standard Class;East;OFF-BI-10000315;44,846784
201609;Standard Class;East;OFF-BI-10001658;-3,63832
201609;Standard Class;East;OFF-BI-10002764;-2,44188
201609;Standard Class;East;OFF-BI-10002982;9,534
201609;Standard Class;East;OFF-BI-10003650;270,984896
201609;Standard Class;East;OFF-BI-10004654;1,33287
201609;Standard Class;East;OFF-BI-10004828;41,42313
201609;Standard Class;East;OFF-EN-10000056;35,956494
201609;Standard Class;East;OFF-EN-10001453;167,66451
201609;Standard Class;East;OFF-EN-10003286;8,328024
201609;Standard Class;East;OFF-FA-10002780;5,749016
201609;Standard Class;East;OFF-LA-10000248;5,341644
201609;Standard Class;East;OFF-LA-10001771;2,703144
201609;Standard Class;East;OFF-LA-10002787;0,8715
201609;Standard Class;East;OFF-LA-10003923;13,172
201609;Standard Class;East;OFF-PA-10000029;9,455616
201609;Standard Class;East;OFF-PA-10000141;6,1476
201609;Standard Class;East;OFF-PA-10002195;17,047464
201609;Standard Class;East;OFF-PA-10002615;15,478218
201609;Standard Class;East;OFF-PA-10004675;11,68908
201609;Standard Class;East;OFF-PA-10004735;6,283008
201609;Standard Class;East;OFF-ST-10002562;3,0016
201609;Standard Class;East;OFF-ST-10002583;5,768448
201609;Standard Class;East;OFF-ST-10004186;7,391268
201609;Standard Class;East;OFF-SU-10003002;0,114912
201609;Standard Class;East;TEC-AC-10000109;61,14108
201609;Standard Class;East;TEC-AC-10002926;110,702855
201609;Standard Class;East;TEC-AC-10003399;15,525216
201609;Standard Class;East;TEC-CO-10001943;119,874006
201609;Standard Class;East;TEC-PH-10001305;32,92128
201609;Standard Class;East;TEC-PH-10002085;6,33504
201609;Standard Class;East;TEC-PH-10002293;-5,229384
201609;Standard Class;East;TEC-PH-10003356;4,607808
201609;Standard Class;South;FUR-BO-10002853;40,1506
201609;Standard Class;South;FUR-CH-10001854;64,018752
201609;Standard Class;South;FUR-CH-10002073;310,216248
201609;Standard Class;South;FUR-CH-10002331;-77,852826
201609;Standard Class;South;FUR-CH-10004218;57,5586
201609;Standard Class;South;FUR-CH-10004477;-1,40047
201609;Standard Class;South;FUR-FU-10000246;9,23832
201609;Standard Class;South;FUR-FU-10000755;13,728
201609;Standard Class;South;FUR-FU-10001967;8,89555
201609;Standard Class;South;FUR-FU-10002445;8,03904
201609;Standard Class;South;OFF-AP-10003849;20,03792
201609;Standard Class;South;OFF-AR-10000817;1,229984
201609;Standard Class;South;OFF-AR-10001149;9,25344
201609;Standard Class;South;OFF-AR-10002240;18,251064
201609;Standard Class;South;OFF-AR-10003338;3,6084
201609;Standard Class;South;OFF-BI-10001757;-5,909904
201609;Standard Class;South;OFF-BI-10001989;36,25344
201609;Standard Class;South;OFF-BI-10002824;-7,1616
201609;Standard Class;South;OFF-BI-10004141;-2,627316
201609;Standard Class;South;OFF-BI-10004828;-4,183326
201609;Standard Class;South;OFF-EN-10001415;4,0176
201609;Standard Class;South;OFF-FA-10002975;3,9123
201609;Standard Class;South;OFF-LA-10000240;7,006635
201609;Standard Class;South;OFF-LA-10001982;2,142
201609;Standard Class;South;OFF-PA-10000380;17,78922
201609;Standard Class;South;OFF-PA-10000501;17,122296
201609;Standard Class;South;OFF-PA-10000533;7,159992
201609;Standard Class;South;OFF-PA-10001815;66,410496
201609;Standard Class;South;OFF-PA-10003790;37,507848
201609;Standard Class;South;OFF-PA-10004610;17,87328
201609;Standard Class;South;OFF-ST-10000419;0,48888
201609;Standard Class;South;OFF-ST-10001272;56,2741
201609;Standard Class;South;OFF-ST-10002485;-6,514872
201609;Standard Class;South;OFF-ST-10002574;-88,68588
201609;Standard Class;South;OFF-ST-10003716;114,670192
201609;Standard Class;South;OFF-ST-10004963;-4,60256
201609;Standard Class;South;TEC-AC-10000420;84,953862
201609;Standard Class;South;TEC-AC-10001908;199,48005
201609;Standard Class;South;TEC-AC-10004209;6,180776
201609;Standard Class;South;TEC-AC-10004877;1,34136
201609;Standard Class;South;TEC-MA-10003230;-14,7972
201609;Standard Class;South;TEC-MA-10004458;203,3856
201609;Standard Class;South;TEC-PH-10001817;65,4066
201609;Standard Class;South;TEC-PH-10002584;112,6782
201609;Standard Class;South;TEC-PH-10003505;67,81824
201609;Standard Class;West;FUR-BO-10003034;-22,52856
201609;Standard Class;West;FUR-BO-10004467;22,19778
201609;Standard Class;West;FUR-CH-10001215;53,10388
201609;Standard Class;West;FUR-CH-10002647;-23,84928
201609;Standard Class;West;FUR-CH-10002880;-108,587871
201609;Standard Class;West;FUR-CH-10003396;-18,70614
201609;Standard Class;West;FUR-FU-10001889;30,307068
201609;Standard Class;West;FUR-FU-10002298;-26,6352
201609;Standard Class;West;FUR-FU-10003664;306,178404
201609;Standard Class;West;FUR-FU-10004006;18,053745
201609;Standard Class;West;FUR-FU-10004748;25,934064
201609;Standard Class;West;FUR-FU-10004864;73,045056
201609;Standard Class;West;FUR-TA-10001539;27,298944
201609;Standard Class;West;FUR-TA-10001768;-155,615928
201609;Standard Class;West;FUR-TA-10002356;-153,33435
201609;Standard Class;West;FUR-TA-10003238;248,106294
201609;Standard Class;West;OFF-AP-10000159;36,206352
201609;Standard Class;West;OFF-AP-10001394;106,1424
201609;Standard Class;West;OFF-AP-10002457;-105,706965
201609;Standard Class;West;OFF-AR-10000315;0,28551
201609;Standard Class;West;OFF-AR-10000940;2,254392
201609;Standard Class;West;OFF-AR-10001044;6,806781
201609;Standard Class;West;OFF-AR-10002656;9,76282
201609;Standard Class;West;OFF-AR-10002804;1,037169
201609;Standard Class;West;OFF-AR-10003481;0,6642
201609;Standard Class;West;OFF-AR-10003560;2,72384
201609;Standard Class;West;OFF-AR-10003727;5,04603
201609;Standard Class;West;OFF-AR-10004752;5,704188
201609;Standard Class;West;OFF-AR-10004930;7,09731
201609;Standard Class;West;OFF-AR-10004999;3,1993
201609;Standard Class;West;OFF-BI-10000014;-20,024214
201609;Standard Class;West;OFF-BI-10000301;7,84164
201609;Standard Class;West;OFF-BI-10000320;15,043392
201609;Standard Class;West;OFF-BI-10000977;17,23072
201609;Standard Class;West;OFF-BI-10001116;12,672
201609;Standard Class;West;OFF-BI-10001249;2,817408
201609;Standard Class;West;OFF-BI-10001460;16,975575
201609;Standard Class;West;OFF-BI-10001553;1,817032
201609;Standard Class;West;OFF-BI-10002026;53,970966
201609;Standard Class;West;OFF-BI-10003166;-12,12288
201609;Standard Class;West;OFF-BI-10003656;83,091112
201609;Standard Class;West;OFF-BI-10004410;-7,47201
201609;Standard Class;West;OFF-BI-10004728;11,41858
201609;Standard Class;West;OFF-BI-10004970;3,969756
201609;Standard Class;West;OFF-FA-10000585;5,201496
201609;Standard Class;West;OFF-FA-10002763;4,4793
201609;Standard Class;West;OFF-LA-10003720;4,110291
201609;Standard Class;West;OFF-LA-10004545;11,660418
201609;Standard Class;West;OFF-LA-10004559;5,43312
201609;Standard Class;West;OFF-PA-10000100;160,881651
201609;Standard Class;West;OFF-PA-10000304;2,519424
201609;Standard Class;West;OFF-PA-10001357;91,968
201609;Standard Class;West;OFF-PA-10001471;23,605452
201609;Standard Class;West;OFF-PA-10001569;2,923776
201609;Standard Class;West;OFF-PA-10001838;10,285884
201609;Standard Class;West;OFF-PA-10002195;7,429968
201609;Standard Class;West;OFF-PA-10002222;81,634728
201609;Standard Class;West;OFF-PA-10002246;13,13091
201609;Standard Class;West;OFF-PA-10002250;7,015824
201609;Standard Class;West;OFF-PA-10002319;37,225104
201609;Standard Class;West;OFF-PA-10004569;2,610991
201609;Standard Class;West;OFF-PA-10004665;14,13228
201609;Standard Class;West;OFF-ST-10000321;0,937332
201609;Standard Class;West;OFF-ST-10000419;0,329994
201609;Standard Class;West;OFF-ST-10000918;12,3279
201609;Standard Class;West;OFF-ST-10004340;97,709652
201609;Standard Class;West;OFF-SU-10001574;2,6937
201609;Standard Class;West;OFF-SU-10002503;6,654688
201609;Standard Class;West;OFF-SU-10004782;4,5123
201609;Standard Class;West;TEC-AC-10001432;241,38972
201609;Standard Class;West;TEC-AC-10002049;233,92908
201609;Standard Class;West;TEC-AC-10002345;27,26
201609;Standard Class;West;TEC-AC-10002637;-65,012388
201609;Standard Class;West;TEC-AC-10003399;29,832768
201609;Standard Class;West;TEC-AC-10003832;591,480279
201609;Standard Class;West;TEC-CO-10002095;503,98992
201609;Standard Class;West;TEC-PH-10001299;24,718352
201609;Standard Class;West;TEC-PH-10001530;67,51602
201609;Standard Class;West;TEC-PH-10001644;42,82572
201609;Standard Class;West;TEC-PH-10002365;1,986036
201609;Standard Class;West;TEC-PH-10002447;29,291778
201609;Standard Class;West;TEC-PH-10004071;4,699296
201609;Standard Class;West;TEC-PH-10004093;7,615944
201609;Standard Class;West;TEC-PH-10004897;0,230769
201610;First Class;Central;FUR-BO-10001337;12,098
201610;First Class;Central;FUR-FU-10000732;11,45472
201610;First Class;Central;FUR-FU-10003724;12,07791
201610;First Class;Central;OFF-BI-10002571;-8,630704
201610;First Class;Central;OFF-BI-10002824;-11,936
201610;First Class;Central;OFF-BI-10004584;173,757402
201610;First Class;Central;OFF-LA-10000134;1,880032
201610;First Class;Central;TEC-AC-10001553;0,857995
201610;First Class;Central;TEC-AC-10004510;7,46016
201610;First Class;Central;TEC-MA-10001695;-666,1788
201610;First Class;Central;TEC-PH-10000215;13,96602
201610;First Class;East;FUR-BO-10001567;-152,68176
201610;First Class;East;FUR-CH-10004853;15,62643
201610;First Class;East;FUR-FU-10002671;24,4416
201610;First Class;East;FUR-FU-10004963;-4,662
201610;First Class;East;OFF-BI-10001597;-24,653568
201610;First Class;East;OFF-BI-10004209;5,8491
201610;First Class;East;TEC-PH-10002583;-3,028485
201610;First Class;South;OFF-AR-10002053;0,836784
201610;First Class;South;OFF-BI-10002429;-33,350064
201610;First Class;West;FUR-CH-10001146;11,08198
201610;First Class;West;FUR-FU-10003731;9,389184
201610;First Class;West;OFF-BI-10002225;18,377856
201610;First Class;West;OFF-BI-10003981;7,10964
201610;First Class;West;OFF-PA-10004734;18,8552
201610;First Class;West;TEC-MA-10001972;46,4868
201610;First Class;West;TEC-PH-10000984;55,66116
201610;Same Day;Central;OFF-PA-10000474;11,00412
201610;Same Day;Central;TEC-AC-10003832;20,8719
201610;Same Day;East;FUR-BO-10002545;309,417888
201610;Same Day;East;OFF-BI-10002412;8,4564
201610;Same Day;East;OFF-EN-10003862;15,729714
201610;Same Day;East;OFF-ST-10002406;29,634612
201610;Same Day;East;OFF-SU-10001225;0,173696
201610;Same Day;South;FUR-FU-10003806;70,3824
201610;Same Day;South;OFF-PA-10000167;30,11256
201610;Same Day;West;FUR-FU-10000076;14,751234
201610;Same Day;West;FUR-FU-10003095;22,32486
201610;Same Day;West;FUR-FU-10003268;0
201610;Same Day;West;FUR-FU-10003553;37,1358
201610;Same Day;West;OFF-AR-10002766;1,621296
201610;Same Day;West;OFF-BI-10003719;-28,7424
201610;Same Day;West;OFF-BI-10004654;12,9825
201610;Same Day;West;OFF-PA-10003001;3,110208
201610;Same Day;West;TEC-AC-10001838;90,295485
201610;Second Class;Central;OFF-AR-10002240;21,194784
201610;Second Class;Central;OFF-BI-10001120;1266,104301
201610;Second Class;Central;OFF-EN-10001099;3,55992
201610;Second Class;Central;OFF-PA-10001801;20,745816
201610;Second Class;East;FUR-FU-10004071;-20,219544
201610;Second Class;East;OFF-AP-10003057;526,23207
201610;Second Class;East;OFF-PA-10001593;4,4252
201610;Second Class;East;OFF-PA-10002986;11,2224
201610;Second Class;East;TEC-AC-10002637;21,5988
201610;Second Class;East;TEC-AC-10003063;24,36
201610;Second Class;East;TEC-PH-10003072;260,172654
201610;Second Class;South;FUR-CH-10000847;66,576224
201610;Second Class;West;FUR-CH-10002372;-14,722164
201610;Second Class;West;OFF-AR-10003631;6,04032
201610;Second Class;West;OFF-AR-10004441;5,581548
201610;Second Class;West;OFF-BI-10004140;-3,7716
201610;Second Class;West;OFF-BI-10004236;3,587792
201610;Second Class;West;OFF-FA-10003112;5,8386
201610;Second Class;West;OFF-PA-10000726;13,869975
201610;Second Class;West;OFF-ST-10004950;5,02524
201610;Standard Class;Central;FUR-CH-10001802;5,468296
201610;Standard Class;Central;FUR-CH-10001854;63,1764
201610;Standard Class;Central;FUR-CH-10003396;-31,1769
201610;Standard Class;Central;FUR-CH-10004626;13,801752
201610;Standard Class;Central;FUR-FU-10003535;27,318546
201610;Standard Class;Central;FUR-FU-10003731;5,924128
201610;Standard Class;Central;FUR-FU-10004909;-33,2896
201610;Standard Class;Central;FUR-TA-10001539;-36,777744
201610;Standard Class;Central;FUR-TA-10002622;-23,458456
201610;Standard Class;Central;OFF-AP-10000696;12,562704
201610;Standard Class;Central;OFF-AP-10001366;9,723888
201610;Standard Class;Central;OFF-AR-10000390;4,103568
201610;Standard Class;Central;OFF-AR-10001446;2,94525
201610;Standard Class;Central;OFF-AR-10001860;10,11852
201610;Standard Class;Central;OFF-AR-10003183;0,68136
201610;Standard Class;Central;OFF-BI-10001191;-29,94096
201610;Standard Class;Central;OFF-BI-10001628;8,7612
201610;Standard Class;Central;OFF-BI-10002082;108,3264
201610;Standard Class;Central;OFF-BI-10002813;3,84912
201610;Standard Class;Central;OFF-BI-10004308;26,93832
201610;Standard Class;Central;OFF-EN-10002312;24,45345
201610;Standard Class;Central;OFF-FA-10001883;0,728208
201610;Standard Class;Central;OFF-LA-10000407;9,85044
201610;Standard Class;Central;OFF-LA-10004545;20,2986
201610;Standard Class;Central;OFF-PA-10001295;19,12176
201610;Standard Class;Central;OFF-ST-10000617;1,051344
201610;Standard Class;Central;OFF-ST-10002743;3,000096
201610;Standard Class;Central;OFF-ST-10003123;22,290984
201610;Standard Class;Central;TEC-AC-10002323;-6,86868
201610;Standard Class;Central;TEC-PH-10001300;29,9166
201610;Standard Class;Central;TEC-PH-10001557;58,054752
201610;Standard Class;East;FUR-BO-10003894;19,59048
201610;Standard Class;East;FUR-FU-10001861;34,98208
201610;Standard Class;East;FUR-FU-10002671;14,08608
201610;Standard Class;East;FUR-FU-10002878;11,61984
201610;Standard Class;East;FUR-FU-10002885;2,34252
201610;Standard Class;East;FUR-TA-10003238;-178,186932
201610;Standard Class;East;OFF-AP-10001626;3,458988
201610;Standard Class;East;OFF-AR-10004602;26,39252
201610;Standard Class;East;OFF-BI-10000977;15,94176
201610;Standard Class;East;OFF-BI-10002706;4,992288
201610;Standard Class;East;OFF-BI-10004001;10,63296
201610;Standard Class;East;OFF-BI-10004817;-12,233976
201610;Standard Class;East;OFF-FA-10002983;9,73896
201610;Standard Class;East;OFF-PA-10000143;3,598848
201610;Standard Class;East;OFF-PA-10000482;203,28252
201610;Standard Class;East;OFF-PA-10002105;15,08544
201610;Standard Class;East;OFF-PA-10003072;4,027968
201610;Standard Class;East;OFF-PA-10004243;22,672944
201610;Standard Class;East;OFF-ST-10000136;34,539
201610;Standard Class;East;OFF-ST-10000419;0,293328
201610;Standard Class;East;OFF-ST-10002615;239,87782
201610;Standard Class;East;OFF-ST-10002756;8,768088
201610;Standard Class;East;TEC-AC-10000865;36,108
201610;Standard Class;East;TEC-AC-10003033;604,303425
201610;Standard Class;East;TEC-CO-10001449;3032,589456
201610;Standard Class;East;TEC-PH-10001061;17,818218
201610;Standard Class;East;TEC-PH-10001305;-33,391584
201610;Standard Class;East;TEC-PH-10003095;20,1501
201610;Standard Class;East;TEC-PH-10004897;-18,545436
201610;Standard Class;South;FUR-CH-10000553;72,69948
201610;Standard Class;South;FUR-CH-10003606;10,361792
201610;Standard Class;South;FUR-CH-10004063;101,923272
201610;Standard Class;South;FUR-FU-10000246;20,5296
201610;Standard Class;South;FUR-FU-10001196;-9,33009
201610;Standard Class;South;OFF-BI-10002949;2,593728
201610;Standard Class;South;OFF-BI-10004236;-10,428672
201610;Standard Class;South;OFF-EN-10001335;14,57208
201610;Standard Class;South;OFF-FA-10000134;14,751009
201610;Standard Class;South;OFF-LA-10002271;2,927232
201610;Standard Class;South;OFF-PA-10000595;15,321072
201610;Standard Class;South;OFF-PA-10001878;44,596138
201610;Standard Class;South;OFF-PA-10001970;41,1453
201610;Standard Class;South;OFF-PA-10002319;24,953688
201610;Standard Class;South;OFF-PA-10002377;15,85656
201610;Standard Class;South;OFF-PA-10004610;3,54384
201610;Standard Class;South;OFF-ST-10000636;1,258848
201610;Standard Class;South;OFF-ST-10004804;1,436292
201610;Standard Class;South;OFF-SU-10000946;1,565676
201610;Standard Class;South;TEC-AC-10002473;6,55578
201610;Standard Class;South;TEC-PH-10004094;313,929875
201610;Standard Class;West;FUR-CH-10000988;-16,33396
201610;Standard Class;West;FUR-CH-10002084;73,05606
201610;Standard Class;West;FUR-CH-10003199;73,646328
201610;Standard Class;West;FUR-FU-10001488;0
201610;Standard Class;West;FUR-FU-10001617;4,10592
201610;Standard Class;West;FUR-FU-10001706;16,765056
201610;Standard Class;West;FUR-FU-10001756;-33,05344
201610;Standard Class;West;FUR-FU-10003394;-105,2898
201610;Standard Class;West;FUR-TA-10003238;-111,077568
201610;Standard Class;West;FUR-TA-10004575;-335,20896
201610;Standard Class;West;OFF-AP-10002651;259,447833
201610;Standard Class;West;OFF-AP-10004532;16,422912
201610;Standard Class;West;OFF-AR-10001149;2,66112
201610;Standard Class;West;OFF-AR-10001315;0,18216
201610;Standard Class;West;OFF-AR-10001958;7,226688
201610;Standard Class;West;OFF-AR-10002067;0,83328
201610;Standard Class;West;OFF-AR-10004078;3,95952
201610;Standard Class;West;OFF-AR-10004269;3,64266
201610;Standard Class;West;OFF-BI-10000977;63,76704
201610;Standard Class;West;OFF-BI-10001628;12,646375
201610;Standard Class;West;OFF-BI-10002557;-2,7573
201610;Standard Class;West;OFF-BI-10003712;14,146692
201610;Standard Class;West;OFF-BI-10004140;-9,46043
201610;Standard Class;West;OFF-BI-10004600;314,63145
201610;Standard Class;West;OFF-BI-10004781;23,195592
201610;Standard Class;West;OFF-FA-10002988;1,891008
201610;Standard Class;West;OFF-FA-10003059;1,290168
201610;Standard Class;West;OFF-LA-10003223;17,32248
201610;Standard Class;West;OFF-LA-10004559;10,569888
201610;Standard Class;West;OFF-PA-10000551;2,2533
201610;Standard Class;West;OFF-PA-10000740;23,11408
201610;Standard Class;West;OFF-PA-10001509;34,25344
201610;Standard Class;West;OFF-PA-10001736;19,15532
201610;Standard Class;West;OFF-PA-10001804;10,388736
201610;Standard Class;West;OFF-PA-10001892;8,760024
201610;Standard Class;West;OFF-PA-10003001;21,066048
201610;Standard Class;West;OFF-PA-10003177;4,790016
201610;Standard Class;West;OFF-ST-10000676;-52,92378
201610;Standard Class;West;OFF-ST-10001128;11,586312
201610;Standard Class;West;OFF-ST-10001328;28,923048
201610;Standard Class;West;OFF-ST-10001558;3,70272
201610;Standard Class;West;OFF-SU-10001218;27,05472
201610;Standard Class;West;OFF-SU-10004498;-3,06544
201610;Standard Class;West;TEC-AC-10000892;176,58
201610;Standard Class;West;TEC-AC-10002402;24,47694
201610;Standard Class;West;TEC-CO-10004722;9155,97384
201610;Standard Class;West;TEC-PH-10002563;19,956816
201610;Standard Class;West;TEC-PH-10003442;1,32
201611;First Class;Central;FUR-TA-10003392;-7,333578
201611;First Class;Central;OFF-BI-10000145;-2,778048
201611;First Class;Central;OFF-BI-10000822;6,92944
201611;First Class;Central;OFF-BI-10000977;67,1232
201611;First Class;Central;OFF-BI-10002082;20,16768
201611;First Class;Central;OFF-BI-10004632;392,674625
201611;First Class;Central;OFF-BI-10004970;3,925152
201611;First Class;Central;OFF-EN-10001532;16,50456
201611;First Class;Central;OFF-PA-10003172;17,8848
201611;First Class;Central;OFF-PA-10004888;2,3328
201611;First Class;Central;OFF-PA-10004971;6,400772
201611;First Class;Central;OFF-ST-10004950;7,81704
201611;First Class;Central;TEC-AC-10002323;13,2158
201611;First Class;Central;TEC-AC-10004633;12,60996
201611;First Class;Central;TEC-AC-10004855;-18,422235
201611;First Class;Central;TEC-PH-10002564;16,55448
201611;First Class;Central;TEC-PH-10004908;26,51688
201611;First Class;East;FUR-CH-10002335;65,28096
201611;First Class;East;FUR-FU-10003806;78,7072
201611;First Class;East;FUR-FU-10004020;14,159642
201611;First Class;East;FUR-FU-10004665;82,626336
201611;First Class;East;OFF-AR-10000658;11,44836
201611;First Class;East;OFF-AR-10003829;2,054592
201611;First Class;East;OFF-BI-10000474;-11,426184
201611;First Class;East;OFF-BI-10003460;-1,946472
201611;First Class;East;OFF-BI-10004233;42,98112
201611;First Class;East;OFF-FA-10004968;0,281248
201611;First Class;East;OFF-PA-10000100;95,404225
201611;First Class;East;OFF-PA-10000955;3,774888
201611;First Class;East;OFF-PA-10001246;11,81952
201611;First Class;East;OFF-PA-10002787;8,055936
201611;First Class;East;OFF-ST-10001590;12,09156
201611;First Class;East;TEC-AC-10000057;15,303897
201611;First Class;South;OFF-AP-10003842;27,658944
201611;First Class;South;OFF-BI-10000666;37,1304
201611;First Class;South;OFF-BI-10004352;18,9
201611;First Class;South;OFF-PA-10000697;5,852896
201611;First Class;South;OFF-PA-10001685;25,389546
201611;First Class;South;OFF-ST-10000352;4,461
201611;First Class;South;OFF-SU-10004231;10,1574
201611;First Class;South;TEC-MA-10000010;1444,608
201611;First Class;South;TEC-PH-10002350;5,844312
201611;First Class;West;FUR-BO-10003966;50,883648
201611;First Class;West;FUR-CH-10000513;-28,883778
201611;First Class;West;FUR-CH-10001190;-28,42191
201611;First Class;West;FUR-FU-10001037;-8,87328
201611;First Class;West;FUR-FU-10004090;6,35778
201611;First Class;West;OFF-AP-10001947;18,010392
201611;First Class;West;OFF-AP-10003057;369,436392
201611;First Class;West;OFF-AR-10003752;6,78678
201611;First Class;West;OFF-BI-10001294;12,753
201611;First Class;West;OFF-BI-10001636;8,7672
201611;First Class;West;OFF-BI-10002813;-2,52945
201611;First Class;West;OFF-BI-10003364;19,357212
201611;First Class;West;OFF-BI-10004318;79,160224
201611;First Class;West;OFF-BI-10004967;2,35872
201611;First Class;West;OFF-LA-10004093;5,771976
201611;First Class;West;OFF-LA-10004545;34,627908
201611;First Class;West;OFF-PA-10002421;13,018376
201611;First Class;West;OFF-PA-10004071;33,243616
201611;First Class;West;OFF-PA-10004285;7,182336
201611;First Class;West;OFF-PA-10004983;5,723136
201611;First Class;West;OFF-ST-10002205;31,55355
201611;First Class;West;OFF-ST-10003479;4,20552
201611;First Class;West;OFF-SU-10002503;3,62384
201611;First Class;West;TEC-AC-10000682;20,9034
201611;First Class;West;TEC-AC-10003447;10,7946
201611;First Class;West;TEC-MA-10003337;-264,58677
201611;First Class;West;TEC-PH-10000562;50,345064
201611;First Class;West;TEC-PH-10000586;61,291512
201611;First Class;West;TEC-PH-10003811;114,902424
201611;Same Day;Central;FUR-BO-10002598;10,22112
201611;Same Day;Central;FUR-FU-10002088;4,622904
201611;Same Day;Central;FUR-FU-10003976;13,314672
201611;Same Day;Central;FUR-TA-10001768;-179,55684
201611;Same Day;Central;OFF-AR-10002135;40,81576
201611;Same Day;Central;OFF-FA-10000621;3,999576
201611;Same Day;Central;OFF-FA-10002763;2,4885
201611;Same Day;Central;TEC-PH-10002890;1,927224
201611;Same Day;East;OFF-BI-10002437;26,36564
201611;Same Day;South;OFF-LA-10002312;4,7508
201611;Second Class;Central;FUR-FU-10000965;62,182568
201611;Second Class;Central;FUR-TA-10002533;-236,601
201611;Second Class;Central;OFF-AP-10002350;8,651328
201611;Second Class;Central;OFF-AR-10003394;4,72311
201611;Second Class;Central;OFF-AR-10003405;1,626885
201611;Second Class;Central;OFF-BI-10002072;6,2568
201611;Second Class;Central;OFF-EN-10002831;102,21336
201611;Second Class;Central;OFF-FA-10002676;0,981744
201611;Second Class;Central;OFF-PA-10000167;24,39675
201611;Second Class;Central;OFF-PA-10001763;6,92307
201611;Second Class;Central;OFF-ST-10001325;2,5676
201611;Second Class;Central;OFF-ST-10003442;4,434304
201611;Second Class;Central;OFF-SU-10003505;-31,2822
201611;Second Class;Central;TEC-AC-10002049;-7,141824
201611;Second Class;Central;TEC-AC-10003023;-1,828596
201611;Second Class;Central;TEC-AC-10004864;11,924166
201611;Second Class;East;FUR-BO-10004709;-47,242104
201611;Second Class;East;FUR-CH-10000785;-21,7176
201611;Second Class;East;FUR-CH-10004477;43,968669
201611;Second Class;East;FUR-FU-10000965;141,827364
201611;Second Class;East;FUR-FU-10001852;2,11584
201611;Second Class;East;FUR-FU-10002813;8,646528
201611;Second Class;East;FUR-FU-10003806;-275,4752
201611;Second Class;East;FUR-TA-10002958;-109,246228
201611;Second Class;East;OFF-AP-10000055;45,99168
201611;Second Class;East;OFF-AR-10001227;4,64373
201611;Second Class;East;OFF-BI-10004656;1,8144
201611;Second Class;East;OFF-FA-10002983;6,884108
201611;Second Class;East;OFF-LA-10004689;4,556952
201611;Second Class;East;OFF-PA-10001363;23,66356
201611;Second Class;East;OFF-PA-10002421;25,350624
201611;Second Class;East;OFF-ST-10001496;136,800248
201611;Second Class;East;OFF-ST-10003805;366,357
201611;Second Class;East;OFF-ST-10004459;48,98187
201611;Second Class;East;TEC-AC-10002001;50,044872
201611;Second Class;East;TEC-AC-10003441;6,52914
201611;Second Class;East;TEC-CO-10004115;131,397372
201611;Second Class;East;TEC-PH-10002483;18,801447
201611;Second Class;South;FUR-BO-10001798;48,619776
201611;Second Class;South;FUR-CH-10000454;204,21126
201611;Second Class;South;FUR-CH-10000863;32,219132
201611;Second Class;South;FUR-FU-10002885;8,60852
201611;Second Class;South;FUR-TA-10003392;164,963358
201611;Second Class;South;OFF-AR-10001770;2,38602
201611;Second Class;South;OFF-AR-10003772;1,9425
201611;Second Class;South;OFF-FA-10002280;7,776
201611;Second Class;South;OFF-PA-10003845;23,393972
201611;Second Class;South;OFF-ST-10001558;-2,89884
201611;Second Class;South;OFF-ST-10004337;-25,47584
201611;Second Class;South;OFF-SU-10001225;-3,37824
201611;Second Class;South;TEC-AC-10001266;19,5
201611;Second Class;South;TEC-PH-10001580;86,373702
201611;Second Class;West;FUR-CH-10000229;-80,968824
201611;Second Class;West;FUR-CH-10001146;-9,1602
201611;Second Class;West;FUR-CH-10003298;-13,975566
201611;Second Class;West;FUR-CH-10004875;10,96172
201611;Second Class;West;FUR-FU-10003394;25,332516
201611;Second Class;West;FUR-FU-10003773;30,702672
201611;Second Class;West;OFF-BI-10002982;11,879364
201611;Second Class;West;OFF-BI-10003364;-65,264958
201611;Second Class;West;OFF-BI-10003527;369,85809
201611;Second Class;West;OFF-BI-10004970;4,580996
201611;Second Class;West;OFF-EN-10001434;76,708863
201611;Second Class;West;OFF-LA-10003930;212,113656
201611;Second Class;West;OFF-PA-10000176;4,674208
201611;Second Class;West;OFF-PA-10002479;2,42352
201611;Second Class;West;OFF-PA-10004353;15,608376
201611;Second Class;West;OFF-ST-10003442;27,48816
201611;Second Class;West;OFF-SU-10002301;-3,006864
201611;Second Class;West;TEC-AC-10002305;14,256
201611;Second Class;West;TEC-AC-10003870;432,94688
201611;Second Class;West;TEC-AC-10004145;80,49678
201611;Standard Class;Central;FUR-BO-10000780;-191,33296
201611;Standard Class;Central;FUR-BO-10002213;129,854016
201611;Standard Class;Central;FUR-CH-10002647;-24,09771
201611;Standard Class;Central;FUR-CH-10003774;-86,61296
201611;Standard Class;Central;FUR-CH-10003817;-14,03094
201611;Standard Class;Central;FUR-CH-10004540;-1,85112
201611;Standard Class;Central;FUR-FU-10000023;-3,081648
201611;Standard Class;Central;FUR-FU-10002937;247,0827
201611;Standard Class;Central;FUR-FU-10004848;5,350052
201611;Standard Class;Central;FUR-TA-10001039;-125,78874
201611;Standard Class;Central;FUR-TA-10001095;296,46729
201611;Standard Class;Central;FUR-TA-10002774;-179,530624
201611;Standard Class;Central;OFF-AP-10000055;19,29312
201611;Standard Class;Central;OFF-AP-10001058;58,424328
201611;Standard Class;Central;OFF-AP-10002998;14,698476
201611;Standard Class;Central;OFF-AP-10003622;7,917
201611;Standard Class;Central;OFF-AR-10000380;16,17948
201611;Standard Class;Central;OFF-AR-10001725;6,27198
201611;Standard Class;Central;OFF-AR-10003394;1,370628
201611;Standard Class;Central;OFF-AR-10003514;0,962364
201611;Standard Class;Central;OFF-AR-10004269;10,511676
201611;Standard Class;Central;OFF-AR-10004999;12,1394
201611;Standard Class;Central;OFF-BI-10000285;-3,528
201611;Standard Class;Central;OFF-BI-10000494;1,44855
201611;Standard Class;Central;OFF-BI-10001524;53,104576
201611;Standard Class;Central;OFF-BI-10001989;-20,745024
201611;Standard Class;Central;OFF-BI-10002133;55,36608
201611;Standard Class;Central;OFF-BI-10002852;-5,814144
201611;Standard Class;Central;OFF-BI-10003166;-5,455296
201611;Standard Class;Central;OFF-BI-10003314;2,040788
201611;Standard Class;Central;OFF-BI-10003963;10,3194
201611;Standard Class;Central;OFF-BI-10003981;11,211984
201611;Standard Class;Central;OFF-BI-10004002;7,80576
201611;Standard Class;Central;OFF-BI-10004140;2,9634
201611;Standard Class;Central;OFF-BI-10004364;-6,48648
201611;Standard Class;Central;OFF-FA-10004076;2,100384
201611;Standard Class;Central;OFF-LA-10002475;5,978118
201611;Standard Class;Central;OFF-LA-10003510;18,415696
201611;Standard Class;Central;OFF-PA-10000241;5,8862
201611;Standard Class;Central;OFF-PA-10000295;19,222272
201611;Standard Class;Central;OFF-PA-10001289;75,535488
201611;Standard Class;Central;OFF-PA-10001970;7,426944
201611;Standard Class;Central;OFF-PA-10004451;15,552
201611;Standard Class;Central;OFF-ST-10000876;4,498304
201611;Standard Class;Central;OFF-ST-10002276;15,2132
201611;Standard Class;Central;OFF-ST-10002301;-5,719608
201611;Standard Class;Central;OFF-ST-10003470;54,77808
201611;Standard Class;Central;OFF-SU-10004782;8,6697
201611;Standard Class;Central;TEC-AC-10002001;134,967564
201611;Standard Class;Central;TEC-AC-10003280;0,935688
201611;Standard Class;Central;TEC-AC-10003447;12,143925
201611;Standard Class;Central;TEC-AC-10004001;46,493685
201611;Standard Class;Central;TEC-AC-10004518;44,304
201611;Standard Class;Central;TEC-PH-10001944;14,44905
201611;Standard Class;Central;TEC-PH-10003095;37,7979
201611;Standard Class;Central;TEC-PH-10003356;3,562104
201611;Standard Class;Central;TEC-PH-10004165;-106,256136
201611;Standard Class;Central;TEC-PH-10004536;262,218075
201611;Standard Class;Central;TEC-PH-10004539;-58,96488
201611;Standard Class;East;FUR-BO-10001619;8,32804
201611;Standard Class;East;FUR-CH-10001215;114,22344
201611;Standard Class;East;FUR-CH-10001394;216,91182
201611;Standard Class;East;FUR-CH-10003817;-10,20432
201611;Standard Class;East;FUR-FU-10000397;12,059712
201611;Standard Class;East;FUR-FU-10000448;1,58202
201611;Standard Class;East;FUR-FU-10000723;-77,549376
201611;Standard Class;East;FUR-FU-10001085;14,06956
201611;Standard Class;East;FUR-FU-10001876;14,499072
201611;Standard Class;East;FUR-FU-10001889;6,072144
201611;Standard Class;East;FUR-FU-10002445;-6,14304
201611;Standard Class;East;FUR-FU-10004270;1,20384
201611;Standard Class;East;OFF-AP-10002765;4,958928
201611;Standard Class;East;OFF-AR-10001860;6,445872
201611;Standard Class;East;OFF-AR-10002987;11,550848
201611;Standard Class;East;OFF-AR-10003481;2,550528
201611;Standard Class;East;OFF-AR-10003582;33,8926
201611;Standard Class;East;OFF-AR-10003770;4,109184
201611;Standard Class;East;OFF-BI-10000320;7,447896
201611;Standard Class;East;OFF-BI-10000605;3,867912
201611;Standard Class;East;OFF-BI-10001597;39,734208
201611;Standard Class;East;OFF-BI-10001890;3,986688
201611;Standard Class;East;OFF-BI-10001989;46,32384
201611;Standard Class;East;OFF-BI-10003196;-5,85684
201611;Standard Class;East;OFF-BI-10003305;5,084196
201611;Standard Class;East;OFF-BI-10004040;-8,093232
201611;Standard Class;East;OFF-FA-10001754;1,888944
201611;Standard Class;East;OFF-LA-10000262;0,685386
201611;Standard Class;East;OFF-LA-10000414;17,6364
201611;Standard Class;East;OFF-PA-10000232;6,921936
201611;Standard Class;East;OFF-PA-10001609;3,969056
201611;Standard Class;East;OFF-ST-10000689;64,2276
201611;Standard Class;East;OFF-ST-10000876;6,478752
201611;Standard Class;East;OFF-ST-10002583;2,72832
201611;Standard Class;East;OFF-ST-10003455;16,53366
201611;Standard Class;East;OFF-ST-10004258;10,186803
201611;Standard Class;East;OFF-ST-10004507;13,52106
201611;Standard Class;East;TEC-AC-10000387;-0,444592
201611;Standard Class;East;TEC-AC-10000420;207,506352
201611;Standard Class;East;TEC-AC-10003033;252,60972
201611;Standard Class;East;TEC-AC-10004803;3,395784
201611;Standard Class;East;TEC-AC-10004901;46,54069
201611;Standard Class;East;TEC-MA-10000752;-26,21808
201611;Standard Class;East;TEC-MA-10003176;59,4594
201611;Standard Class;East;TEC-MA-10004255;112,45188
201611;Standard Class;East;TEC-PH-10001644;23,680104
201611;Standard Class;East;TEC-PH-10002549;23,850816
201611;Standard Class;South;FUR-CH-10004698;13,60464
201611;Standard Class;South;FUR-CH-10004886;-11,28372
201611;Standard Class;South;FUR-FU-10000758;23,72608
201611;Standard Class;South;FUR-FU-10002030;-14,58288
201611;Standard Class;South;FUR-FU-10002597;7,46928
201611;Standard Class;South;FUR-FU-10003535;37,773792
201611;Standard Class;South;OFF-AP-10000595;1,840644
201611;Standard Class;South;OFF-AP-10002457;32,81824
201611;Standard Class;South;OFF-AP-10002867;17,767296
201611;Standard Class;South;OFF-BI-10000343;2,376931
201611;Standard Class;South;OFF-BI-10000545;-237,42576
201611;Standard Class;South;OFF-BI-10002082;-35,40992
201611;Standard Class;South;OFF-BI-10002557;1,6107
201611;Standard Class;South;OFF-BI-10002852;26,890416
201611;Standard Class;South;OFF-BI-10002976;-5,6994
201611;Standard Class;South;OFF-EN-10002230;117,157887
201611;Standard Class;South;OFF-LA-10001613;2,873088
201611;Standard Class;South;OFF-PA-10000418;178,16112
201611;Standard Class;South;OFF-PA-10000682;1,827058
201611;Standard Class;South;OFF-PA-10001509;20,79085
201611;Standard Class;South;OFF-PA-10001622;4,6989
201611;Standard Class;South;OFF-PA-10001776;7,133265
201611;Standard Class;South;OFF-PA-10001790;12,240592
201611;Standard Class;South;OFF-PA-10002160;3,486496
201611;Standard Class;South;OFF-PA-10002246;7,39557
201611;Standard Class;South;OFF-PA-10004039;26,948772
201611;Standard Class;South;OFF-PA-10004675;1,28778
201611;Standard Class;South;OFF-ST-10001272;20,612025
201611;Standard Class;South;OFF-ST-10001590;1,310256
201611;Standard Class;South;OFF-SU-10000381;5,572035
201611;Standard Class;South;TEC-AC-10000892;12,672
201611;Standard Class;South;TEC-AC-10000926;11,875248
201611;Standard Class;South;TEC-AC-10002550;-34,8894
201611;Standard Class;South;TEC-AC-10002800;24,070185
201611;Standard Class;South;TEC-AC-10003657;2,080188
201611;Standard Class;South;TEC-AC-10003832;33,414918
201611;Standard Class;South;TEC-MA-10000418;-5279,9824
201611;Standard Class;South;TEC-PH-10000376;-7,146846
201611;Standard Class;South;TEC-PH-10003357;5,690856
201611;Standard Class;South;TEC-PH-10003691;235,916275
201611;Standard Class;South;TEC-PH-10003988;7,14168
201611;Standard Class;South;TEC-PH-10004539;13,626179
201611;Standard Class;West;FUR-BO-10004695;7,818336
201611;Standard Class;West;FUR-CH-10000454;0
201611;Standard Class;West;FUR-CH-10000513;26,322975
201611;Standard Class;West;FUR-CH-10003746;-13,224376
201611;Standard Class;West;FUR-CH-10003774;8,925138
201611;Standard Class;West;FUR-CH-10003833;-8,90308
201611;Standard Class;West;FUR-CH-10004495;-22,332716
201611;Standard Class;West;FUR-CH-10004997;0
201611;Standard Class;West;FUR-FU-10000010;2,588376
201611;Standard Class;West;FUR-FU-10000206;-0,665808
201611;Standard Class;West;FUR-FU-10000550;5,456088
201611;Standard Class;West;FUR-FU-10001889;9,165024
201611;Standard Class;West;FUR-FU-10001934;10,800504
201611;Standard Class;West;FUR-FU-10003096;15,01302
201611;Standard Class;West;FUR-FU-10003731;2,431128
201611;Standard Class;West;FUR-TA-10001950;178,417404
201611;Standard Class;West;OFF-AP-10002311;30,056208
201611;Standard Class;West;OFF-AP-10002998;15,439248
201611;Standard Class;West;OFF-AR-10000716;4,071168
201611;Standard Class;West;OFF-AR-10002956;12,58972
201611;Standard Class;West;OFF-AR-10003373;20,325978
201611;Standard Class;West;OFF-AR-10003394;2,595726
201611;Standard Class;West;OFF-BI-10001191;7,974072
201611;Standard Class;West;OFF-BI-10001510;17,7057
201611;Standard Class;West;OFF-BI-10001543;19,751312
201611;Standard Class;West;OFF-BI-10001890;10,805872
201611;Standard Class;West;OFF-BI-10002071;2,175264
201611;Standard Class;West;OFF-BI-10002393;-3,825136
201611;Standard Class;West;OFF-BI-10002609;-2,310096
201611;Standard Class;West;OFF-BI-10002954;2,610384
201611;Standard Class;West;OFF-BI-10003676;-15,86816
201611;Standard Class;West;OFF-BI-10003727;-4,55202
201611;Standard Class;West;OFF-BI-10003981;17,853096
201611;Standard Class;West;OFF-BI-10003982;15,982515
201611;Standard Class;West;OFF-BI-10004002;11,33496
201611;Standard Class;West;OFF-BI-10004236;11,908416
201611;Standard Class;West;OFF-BI-10004967;-2,377648
201611;Standard Class;West;OFF-EN-10001990;10,011
201611;Standard Class;West;OFF-EN-10003798;16,453773
201611;Standard Class;West;OFF-FA-10000585;4,518852
201611;Standard Class;West;OFF-FA-10001561;5,136516
201611;Standard Class;West;OFF-FA-10003495;17,72928
201611;Standard Class;West;OFF-LA-10000248;3,954204
201611;Standard Class;West;OFF-LA-10001569;8,178156
201611;Standard Class;West;OFF-PA-10000380;13,8444
201611;Standard Class;West;OFF-PA-10000477;10,26432
201611;Standard Class;West;OFF-PA-10001609;5,82659
201611;Standard Class;West;OFF-PA-10001725;67,802868
201611;Standard Class;West;OFF-PA-10002713;6,96256
201611;Standard Class;West;OFF-PA-10004359;126,82656
201611;Standard Class;West;OFF-PA-10004735;4,027968
201611;Standard Class;West;OFF-ST-10000642;-13,582452
201611;Standard Class;West;OFF-ST-10001325;14,8554
201611;Standard Class;West;OFF-ST-10001370;21,86184
201611;Standard Class;West;OFF-ST-10002562;8,430744
201611;Standard Class;West;OFF-ST-10003327;3,75354
201611;Standard Class;West;TEC-AC-10002305;6,0912
201611;Standard Class;West;TEC-AC-10002473;13,230756
201611;Standard Class;West;TEC-AC-10002842;87,584
201611;Standard Class;West;TEC-AC-10003447;1,73913
201611;Standard Class;West;TEC-AC-10003911;141,975126
201611;Standard Class;West;TEC-AC-10004420;54,352276
201611;Standard Class;West;TEC-PH-10001300;3,5196
201611;Standard Class;West;TEC-PH-10001336;64,340212
201611;Standard Class;West;TEC-PH-10002114;687,635936
201611;Standard Class;West;TEC-PH-10003187;-12,47376
201611;Standard Class;West;TEC-PH-10003357;22,273888
201611;Standard Class;West;TEC-PH-10003589;30,2232
201611;Standard Class;West;TEC-PH-10004120;48,823236
201612;First Class;Central;FUR-CH-10001146;-6,686946
201612;First Class;Central;FUR-FU-10001602;21,096666
201612;First Class;Central;FUR-FU-10003664;-122,80929
201612;First Class;Central;FUR-TA-10002530;180,72306
201612;First Class;Central;OFF-AR-10002445;2,090016
201612;First Class;Central;OFF-BI-10004656;0,435456
201612;First Class;Central;OFF-PA-10001685;18,085704
201612;First Class;Central;OFF-PA-10002986;12,34464
201612;First Class;Central;OFF-ST-10000676;13,725288
201612;First Class;Central;OFF-ST-10001418;3,585624
201612;First Class;Central;OFF-ST-10001590;36,44992
201612;First Class;Central;TEC-AC-10001432;36,44916
201612;First Class;Central;TEC-PH-10004977;141,994755
201612;First Class;East;FUR-CH-10000454;0
201612;First Class;East;FUR-CH-10002965;93,274818
201612;First Class;East;FUR-CH-10004997;119,55528
201612;First Class;East;FUR-TA-10002228;-148,745232
201612;First Class;East;OFF-AP-10004859;3,638544
201612;First Class;East;OFF-AR-10004269;1,55288
201612;First Class;East;OFF-BI-10004654;-7,99722
201612;First Class;East;OFF-EN-10003296;118,89072
201612;First Class;East;OFF-FA-10001754;1,514688
201612;First Class;East;OFF-LA-10001317;2,23776
201612;First Class;East;OFF-PA-10000575;40,62168
201612;First Class;East;OFF-PA-10001954;84,891712
201612;First Class;East;OFF-ST-10001228;21,885528
201612;First Class;East;OFF-ST-10002554;-27,467856
201612;First Class;East;OFF-ST-10004634;11,50146
201612;First Class;South;OFF-AP-10002892;8,2728
201612;First Class;South;OFF-PA-10004100;10,077696
201612;First Class;West;FUR-BO-10002853;22,5335
201612;First Class;West;FUR-BO-10003441;-16,25778
201612;First Class;West;FUR-CH-10004218;19,1862
201612;First Class;West;FUR-FU-10001085;48,38556
201612;First Class;West;FUR-FU-10004748;80,794584
201612;First Class;West;FUR-TA-10002530;-237,7935
201612;First Class;West;OFF-AR-10004078;1,82208
201612;First Class;West;OFF-BI-10001670;-24,7312
201612;First Class;West;OFF-BI-10002133;110,21856
201612;First Class;West;OFF-FA-10000621;6,665244
201612;First Class;West;OFF-LA-10000407;5,489952
201612;First Class;West;OFF-PA-10001289;57,32604
201612;First Class;West;OFF-PA-10002005;21,990528
201612;First Class;West;OFF-PA-10003036;4,429152
201612;First Class;West;TEC-AC-10000991;-8,204454
201612;First Class;West;TEC-AC-10001465;55,67856
201612;First Class;West;TEC-AC-10003870;732,5778
201612;First Class;West;TEC-PH-10001552;5,559008
201612;First Class;West;TEC-PH-10002200;298,809504
201612;First Class;West;TEC-PH-10004833;-5,3058
201612;Same Day;Central;FUR-CH-10003298;-99,02088
201612;Same Day;Central;FUR-FU-10000448;1,13458
201612;Same Day;Central;FUR-TA-10003008;-159,69474
201612;Same Day;Central;OFF-AP-10000576;27,58344
201612;Same Day;Central;OFF-EN-10001219;9,883104
201612;Same Day;Central;OFF-PA-10001357;19,5432
201612;Same Day;Central;OFF-ST-10001558;-4,8314
201612;Same Day;Central;OFF-ST-10002292;247,07268
201612;Same Day;Central;OFF-SU-10004782;1,9604
201612;Same Day;East;FUR-CH-10003774;-36,61945
201612;Same Day;East;FUR-TA-10004619;126,01421
201612;Same Day;East;OFF-AP-10001469;24,433718
201612;Same Day;East;OFF-AR-10000914;4,24424
201612;Same Day;East;OFF-BI-10002824;10,1829
201612;Same Day;East;OFF-BI-10002897;2,490462
201612;Same Day;East;OFF-BI-10003982;-16,051056
201612;Same Day;East;OFF-BI-10004001;33,095088
201612;Same Day;East;OFF-BI-10004593;76,9756
201612;Same Day;East;OFF-PA-10000241;15,19569
201612;Same Day;East;OFF-ST-10000636;1,647216
201612;Same Day;East;TEC-AC-10000057;24,939684
201612;Same Day;East;TEC-AC-10002567;62,968128
201612;Same Day;East;TEC-PH-10003811;99,35172
201612;Same Day;South;FUR-CH-10003379;384,723
201612;Same Day;South;OFF-BI-10002194;1,852956
201612;Same Day;South;OFF-ST-10001526;97,611696
201612;Same Day;West;OFF-ST-10001476;5,667396
201612;Second Class;Central;FUR-BO-10003893;-157,29264
201612;Second Class;Central;FUR-CH-10004997;141,36096
201612;Second Class;Central;FUR-FU-10000206;-0,801996
201612;Second Class;Central;FUR-FU-10002671;6,68928
201612;Second Class;Central;FUR-FU-10003664;226,727046
201612;Second Class;Central;FUR-FU-10004904;-26,44104
201612;Second Class;Central;OFF-AP-10003971;-9,99702
201612;Second Class;Central;OFF-BI-10004236;36,870288
201612;Second Class;Central;OFF-EN-10002592;12,29796
201612;Second Class;Central;OFF-EN-10004483;55,163101
201612;Second Class;Central;OFF-LA-10002945;14,29974
201612;Second Class;Central;OFF-PA-10000349;2,761908
201612;Second Class;Central;OFF-PA-10003893;8,1855
201612;Second Class;Central;OFF-PA-10004040;9,493848
201612;Second Class;Central;OFF-ST-10003716;85,417592
201612;Second Class;Central;OFF-SU-10001664;1,635156
201612;Second Class;Central;TEC-AC-10000199;-1,37088
201612;Second Class;Central;TEC-PH-10003555;2,41395
201612;Second Class;Central;TEC-PH-10004345;27,70845
201612;Second Class;Central;TEC-PH-10004539;31,75032
201612;Second Class;Central;TEC-PH-10004912;16,61688
201612;Second Class;East;FUR-CH-10002647;-19,1646
201612;Second Class;East;FUR-CH-10004477;-1,33958
201612;Second Class;East;OFF-AP-10002945;486,15105
201612;Second Class;East;OFF-AP-10004859;-22,533056
201612;Second Class;East;OFF-AR-10001545;0,898304
201612;Second Class;East;OFF-BI-10000948;13,87044
201612;Second Class;East;OFF-BI-10002194;-7,821198
201612;Second Class;East;OFF-LA-10004853;4,350528
201612;Second Class;East;OFF-PA-10003673;16,52964
201612;Second Class;East;OFF-ST-10000060;54,739152
201612;Second Class;East;OFF-SU-10004664;13,10133
201612;Second Class;East;TEC-AC-10003063;0,35
201612;Second Class;East;TEC-PH-10000560;158,755464
201612;Second Class;South;FUR-FU-10002045;37,16856
201612;Second Class;South;FUR-TA-10001095;-55,528794
201612;Second Class;South;OFF-AP-10002684;21,64124
201612;Second Class;South;OFF-AP-10002945;291,69063
201612;Second Class;South;OFF-AR-10000034;11,376768
201612;Second Class;South;OFF-BI-10000201;-1,38744
201612;Second Class;South;OFF-BI-10000778;-123,64156
201612;Second Class;South;OFF-BI-10001575;-19,015524
201612;Second Class;South;OFF-PA-10002615;3,027024
201612;Second Class;South;OFF-ST-10003716;-50,561994
201612;Second Class;South;OFF-SU-10000646;-208,40079
201612;Second Class;South;TEC-AC-10004469;70,56768
201612;Second Class;South;TEC-CO-10002095;728,98542
201612;Second Class;South;TEC-PH-10000193;36,581688
201612;Second Class;South;TEC-PH-10001750;61,469685
201612;Second Class;West;FUR-CH-10002965;31,513664
201612;Second Class;West;FUR-FU-10001935;6,31072
201612;Second Class;West;FUR-TA-10001676;-29,030562
201612;Second Class;West;OFF-AR-10001547;0,21658
201612;Second Class;West;OFF-BI-10001524;12,453728
201612;Second Class;West;OFF-BI-10003712;-1,814736
201612;Second Class;West;OFF-BI-10004002;18,4072
201612;Second Class;West;OFF-PA-10000143;10,023552
201612;Second Class;West;OFF-PA-10002986;14,663936
201612;Second Class;West;OFF-ST-10000615;10,4874
201612;Second Class;West;OFF-ST-10001963;-51,201909
201612;Second Class;West;OFF-ST-10002615;101,595312
201612;Second Class;West;OFF-ST-10003816;85,910244
201612;Second Class;West;TEC-AC-10001142;23,7
201612;Second Class;West;TEC-AC-10001267;26,0565
201612;Second Class;West;TEC-MA-10000752;4,39569
201612;Second Class;West;TEC-PH-10002103;22,858368
201612;Second Class;West;TEC-PH-10003273;24,492456
201612;Standard Class;Central;FUR-CH-10000454;515,28576
201612;Standard Class;Central;FUR-CH-10001708;8,10635
201612;Standard Class;Central;FUR-CH-10001714;49,49192
201612;Standard Class;Central;FUR-CH-10003968;26,574912
201612;Standard Class;Central;FUR-FU-10000732;5,003904
201612;Standard Class;Central;FUR-FU-10000771;19,570992
201612;Standard Class;Central;FUR-FU-10001935;2,1756
201612;Standard Class;Central;FUR-FU-10002878;4,212192
201612;Standard Class;Central;FUR-FU-10002937;176,6294
201612;Standard Class;Central;FUR-FU-10003553;118,2844
201612;Standard Class;Central;FUR-FU-10004864;19,11888
201612;Standard Class;Central;FUR-TA-10000577;43,038756
201612;Standard Class;Central;FUR-TA-10004256;-358,1292
201612;Standard Class;Central;OFF-AP-10001492;10,98188
201612;Standard Class;Central;OFF-AP-10002765;6,156276
201612;Standard Class;Central;OFF-AR-10000246;5,261984
201612;Standard Class;Central;OFF-AR-10000462;4,5752
201612;Standard Class;Central;OFF-AR-10000588;3,606912
201612;Standard Class;Central;OFF-AR-10003811;3,75921
201612;Standard Class;Central;OFF-BI-10000279;7,56891
201612;Standard Class;Central;OFF-BI-10000948;3,197907
201612;Standard Class;Central;OFF-BI-10001636;20,120724
201612;Standard Class;Central;OFF-BI-10001658;13,995072
201612;Standard Class;Central;OFF-BI-10001759;2,033016
201612;Standard Class;Central;OFF-BI-10002735;65,309085
201612;Standard Class;Central;OFF-BI-10003656;178,99947
201612;Standard Class;Central;OFF-BI-10003694;-18,04032
201612;Standard Class;Central;OFF-EN-10000927;16,958025
201612;Standard Class;Central;OFF-EN-10001990;21,303408
201612;Standard Class;Central;OFF-FA-10000621;11,156712
201612;Standard Class;Central;OFF-LA-10003190;2,850624
201612;Standard Class;Central;OFF-PA-10000482;98,96649
201612;Standard Class;Central;OFF-PA-10000659;27,753876
201612;Standard Class;Central;OFF-PA-10001471;6,254436
201612;Standard Class;Central;OFF-PA-10001736;125,925408
201612;Standard Class;Central;OFF-PA-10001776;7,232454
201612;Standard Class;Central;OFF-PA-10002250;7,97146
201612;Standard Class;Central;OFF-PA-10003302;48,970992
201612;Standard Class;Central;OFF-ST-10004507;3,935925
201612;Standard Class;Central;OFF-SU-10000952;7,558656
201612;Standard Class;Central;TEC-AC-10001772;18,435768
201612;Standard Class;Central;TEC-AC-10001838;184,030798
201612;Standard Class;Central;TEC-AC-10002323;8,27424
201612;Standard Class;Central;TEC-PH-10000215;90,307305
201612;Standard Class;Central;TEC-PH-10001448;6,538692
201612;Standard Class;Central;TEC-PH-10002310;10,152282
201612;Standard Class;Central;TEC-PH-10002834;29,69835
201612;Standard Class;East;FUR-CH-10004853;-11,47448
201612;Standard Class;East;FUR-FU-10001918;8,11668
201612;Standard Class;East;FUR-FU-10003026;6,22908
201612;Standard Class;East;FUR-FU-10003142;6,743616
201612;Standard Class;East;FUR-FU-10003192;151,756488
201612;Standard Class;East;FUR-FU-10003724;9,923472
201612;Standard Class;East;FUR-FU-10003731;10,395168
201612;Standard Class;East;FUR-FU-10004864;139,951872
201612;Standard Class;East;FUR-TA-10000198;277,69392
201612;Standard Class;East;FUR-TA-10003954;-218,936256
201612;Standard Class;East;OFF-AP-10001303;29,82015
201612;Standard Class;East;OFF-AP-10002350;17,724672
201612;Standard Class;East;OFF-AR-10000475;0,865172
201612;Standard Class;East;OFF-AR-10000940;0,3087
201612;Standard Class;East;OFF-AR-10001149;5,04576
201612;Standard Class;East;OFF-AR-10001231;1,31712
201612;Standard Class;East;OFF-AR-10001246;2,097396
201612;Standard Class;East;OFF-AR-10003056;2,507224
201612;Standard Class;East;OFF-AR-10003732;4,30066
201612;Standard Class;East;OFF-AR-10004752;6,01818
201612;Standard Class;East;OFF-BI-10000145;-1,828008
201612;Standard Class;East;OFF-BI-10000301;6,57999
201612;Standard Class;East;OFF-BI-10000632;32,844006
201612;Standard Class;East;OFF-BI-10002012;-2,8224
201612;Standard Class;East;OFF-BI-10002026;159,239808
201612;Standard Class;East;OFF-BI-10002353;9,54192
201612;Standard Class;East;OFF-BI-10003727;5,337024
201612;Standard Class;East;OFF-BI-10003910;8,18802
201612;Standard Class;East;OFF-BI-10004781;-32,679504
201612;Standard Class;East;OFF-EN-10004773;26,109944
201612;Standard Class;East;OFF-FA-10000304;6,006336
201612;Standard Class;East;OFF-FA-10000992;11,21232
201612;Standard Class;East;OFF-FA-10003467;0
201612;Standard Class;East;OFF-LA-10003720;2,072304
201612;Standard Class;East;OFF-PA-10000743;5,77152
201612;Standard Class;East;OFF-PA-10001295;18,757536
201612;Standard Class;East;OFF-PA-10001972;14,33376
201612;Standard Class;East;OFF-PA-10002250;3,45156
201612;Standard Class;East;OFF-PA-10003363;18,724608
201612;Standard Class;East;OFF-PA-10004327;25,98096
201612;Standard Class;East;OFF-PA-10004438;17,545664
201612;Standard Class;East;OFF-ST-10000036;65,616318
201612;Standard Class;East;OFF-ST-10000885;6,78215
201612;Standard Class;East;OFF-ST-10002743;2,113704
201612;Standard Class;East;OFF-ST-10003470;48,07056
201612;Standard Class;East;OFF-ST-10003722;3,25496
201612;Standard Class;East;OFF-SU-10001664;1,192944
201612;Standard Class;East;OFF-SU-10002557;7,196904
201612;Standard Class;East;TEC-AC-10001314;19,59608
201612;Standard Class;East;TEC-AC-10001465;18,5232
201612;Standard Class;East;TEC-AC-10002473;14,839902
201612;Standard Class;East;TEC-AC-10002942;-11,799
201612;Standard Class;East;TEC-AC-10003280;16,815393
201612;Standard Class;East;TEC-AC-10003832;115,947747
201612;Standard Class;East;TEC-AC-10004877;-2,6082
201612;Standard Class;East;TEC-PH-10002103;167,640564
201612;Standard Class;East;TEC-PH-10002447;334,52776
201612;Standard Class;East;TEC-PH-10002496;63,01996
201612;Standard Class;East;TEC-PH-10004080;26,65208
201612;Standard Class;South;FUR-BO-10001337;-12,21898
201612;Standard Class;South;FUR-CH-10001270;57,96
201612;Standard Class;South;FUR-CH-10003535;-6,201666
201612;Standard Class;South;FUR-CH-10004754;4,029312
201612;Standard Class;South;FUR-FU-10002045;49,297248
201612;Standard Class;South;FUR-TA-10001086;-205,733664
201612;Standard Class;South;FUR-TA-10002607;-27,235938
201612;Standard Class;South;FUR-TA-10003473;39,267972
201612;Standard Class;South;FUR-TA-10004147;5,777136
201612;Standard Class;South;OFF-AP-10000252;13,88205
201612;Standard Class;South;OFF-AP-10002082;23,32638
201612;Standard Class;South;OFF-AP-10004052;1,5405
201612;Standard Class;South;OFF-AR-10001662;4,497984
201612;Standard Class;South;OFF-AR-10001897;14,809368
201612;Standard Class;South;OFF-AR-10003251;1,86816
201612;Standard Class;South;OFF-BI-10000174;-6,5076
201612;Standard Class;South;OFF-BI-10001107;45,733632
201612;Standard Class;South;OFF-BI-10001267;-10,071908
201612;Standard Class;South;OFF-BI-10001718;44,568468
201612;Standard Class;South;OFF-BI-10002103;-3,920928
201612;Standard Class;South;OFF-BI-10004233;10,74528
201612;Standard Class;South;OFF-BI-10004967;1,533168
201612;Standard Class;South;OFF-PA-10001125;60,78276
201612;Standard Class;South;OFF-PA-10002262;12,192768
201612;Standard Class;South;OFF-PA-10002421;18,9588
201612;Standard Class;South;OFF-PA-10002464;14,670796
201612;Standard Class;South;OFF-PA-10002552;7,091712
201612;Standard Class;South;OFF-PA-10004609;3,328128
201612;Standard Class;South;OFF-ST-10001328;15,243228
201612;Standard Class;South;OFF-ST-10001558;6,9426
201612;Standard Class;South;OFF-ST-10002214;7,837518
201612;Standard Class;South;OFF-SU-10000952;5,768448
201612;Standard Class;South;TEC-AC-10002217;-9,15936
201612;Standard Class;South;TEC-AC-10003038;7,99235
201612;Standard Class;South;TEC-AC-10004353;19,4922
201612;Standard Class;South;TEC-MA-10003356;-433,39184
201612;Standard Class;South;TEC-PH-10002275;33,564624
201612;Standard Class;South;TEC-PH-10003931;39,143475
201612;Standard Class;West;FUR-BO-10003450;26,949104
201612;Standard Class;West;FUR-CH-10000847;60,23286
201612;Standard Class;West;FUR-CH-10002331;310,129776
201612;Standard Class;West;FUR-CH-10002335;187,410756
201612;Standard Class;West;FUR-CH-10003746;124,797024
201612;Standard Class;West;FUR-CH-10004754;8,823114
201612;Standard Class;West;FUR-FU-10000277;222,47808
201612;Standard Class;West;FUR-FU-10000672;25,909632
201612;Standard Class;West;FUR-FU-10001196;5,97195
201612;Standard Class;West;FUR-FU-10001934;10,582312
201612;Standard Class;West;FUR-FU-10002364;3,723948
201612;Standard Class;West;FUR-FU-10004864;21,269754
201612;Standard Class;West;FUR-FU-10004960;60,630432
201612;Standard Class;West;FUR-TA-10001307;566,109
201612;Standard Class;West;FUR-TA-10002958;-124,852832
201612;Standard Class;West;FUR-TA-10003473;-316,851912
201612;Standard Class;West;FUR-TA-10004575;107,895384
201612;Standard Class;West;OFF-AP-10000179;75,01504
201612;Standard Class;West;OFF-AP-10000252;2,9835
201612;Standard Class;West;OFF-AP-10001205;10,02432
201612;Standard Class;West;OFF-AP-10001293;20,883408
201612;Standard Class;West;OFF-AP-10002311;22,22563
201612;Standard Class;West;OFF-AR-10003759;1,37592
201612;Standard Class;West;OFF-AR-10004757;3,019896
201612;Standard Class;West;OFF-BI-10000138;3,459456
201612;Standard Class;West;OFF-BI-10000545;5688,3255
201612;Standard Class;West;OFF-BI-10001072;-15,572352
201612;Standard Class;West;OFF-BI-10001267;-3,827868
201612;Standard Class;West;OFF-BI-10001359;666,104774
201612;Standard Class;West;OFF-BI-10001721;83,270824
201612;Standard Class;West;OFF-BI-10003656;145,85142
201612;Standard Class;West;OFF-BI-10003984;64,70604
201612;Standard Class;West;OFF-BI-10004233;7,16352
201612;Standard Class;West;OFF-BI-10004236;9,389328
201612;Standard Class;West;OFF-BI-10004318;341,82824
201612;Standard Class;West;OFF-LA-10001404;1,231353
201612;Standard Class;West;OFF-LA-10001474;53,928192
201612;Standard Class;West;OFF-LA-10001613;9,285696
201612;Standard Class;West;OFF-LA-10002368;1,008504
201612;Standard Class;West;OFF-PA-10000062;23,160144
201612;Standard Class;West;OFF-PA-10000477;1,963116
201612;Standard Class;West;OFF-PA-10000994;40,2624
201612;Standard Class;West;OFF-PA-10001972;3,193344
201612;Standard Class;West;OFF-PA-10003072;18,849024
201612;Standard Class;West;OFF-PA-10003673;13,2549
201612;Standard Class;West;OFF-PA-10004041;5,698
201612;Standard Class;West;OFF-ST-10000142;489,07488
201612;Standard Class;West;OFF-ST-10001932;88,703664
201612;Standard Class;West;OFF-ST-10003324;0
201612;Standard Class;West;OFF-SU-10003505;21,14445
201612;Standard Class;West;TEC-AC-10001109;29,726088
201612;Standard Class;West;TEC-AC-10001445;3,964149
201612;Standard Class;West;TEC-CO-10004202;69,29769
201612;Standard Class;West;TEC-PH-10000169;-7,78005
201612;Standard Class;West;TEC-PH-10000441;151,69196
201612;Standard Class;West;TEC-PH-10002563;19,730034
201612;Standard Class;West;TEC-PH-10002645;-322,49355
201612;Standard Class;West;TEC-PH-10003988;3,02148
201701;First Class;Central;FUR-TA-10001857;23,84074
201701;First Class;Central;OFF-AR-10002053;0,562624
201701;First Class;Central;OFF-BI-10002012;1,69344
201701;First Class;Central;OFF-EN-10002504;5,87088
201701;First Class;Central;TEC-MA-10000822;673,19604
201701;First Class;Central;TEC-PH-10003655;0,4851
201701;First Class;East;OFF-BI-10001098;-5,567352
201701;First Class;East;OFF-BI-10001597;-39,865344
201701;First Class;East;OFF-LA-10001613;4,8024
201701;First Class;East;TEC-AC-10002331;14,231856
201701;First Class;East;TEC-AC-10003628;15,11496
201701;First Class;South;OFF-AP-10000159;2,746422
201701;First Class;South;OFF-AP-10002945;368,95768
201701;First Class;South;OFF-BI-10000474;-24,121944
201701;First Class;South;OFF-BI-10003694;-10,77408
201701;First Class;South;OFF-ST-10000615;1,34384
201701;First Class;South;TEC-MA-10002178;-23,93208
201701;First Class;West;FUR-TA-10001950;68,31297
201701;First Class;West;OFF-ST-10003638;11,213496
201701;First Class;West;TEC-AC-10003027;-11,982411
201701;First Class;West;TEC-PH-10002275;48,38144
201701;Same Day;East;FUR-FU-10001487;8,582608
201701;Same Day;East;FUR-TA-10001520;-15,737085
201701;Same Day;West;OFF-ST-10001511;5,10735
201701;Second Class;Central;FUR-CH-10000309;-71,615445
201701;Second Class;Central;FUR-FU-10002759;5,818176
201701;Second Class;Central;FUR-FU-10004973;15,350832
201701;Second Class;Central;FUR-TA-10002958;-184,90433
201701;Second Class;Central;OFF-AP-10000027;-12,7652
201701;Second Class;Central;OFF-AR-10001955;2,89664
201701;Second Class;Central;OFF-PA-10001804;20,007936
201701;Second Class;Central;OFF-PA-10003673;7,685808
201701;Second Class;Central;OFF-ST-10002615;22,32864
201701;Second Class;Central;TEC-PH-10001817;-65,156
201701;Second Class;East;FUR-BO-10001608;63,882
201701;Second Class;East;FUR-CH-10003396;2,332494
201701;Second Class;East;FUR-CH-10004626;80,631288
201701;Second Class;East;OFF-AR-10003481;0,912168
201701;Second Class;East;OFF-AR-10004010;57,859464
201701;Second Class;East;OFF-AR-10004078;1,97976
201701;Second Class;East;OFF-BI-10004995;2654,474896
201701;Second Class;East;OFF-FA-10002975;3,83292
201701;Second Class;East;OFF-LA-10003714;1,638
201701;Second Class;East;OFF-PA-10001260;29,77317
201701;Second Class;East;OFF-PA-10004983;16,01856
201701;Second Class;East;OFF-SU-10002881;82,44819
201701;Second Class;East;TEC-AC-10000927;-8,90703
201701;Second Class;East;TEC-PH-10003931;-26,185635
201701;Second Class;South;OFF-AR-10001547;3,842748
201701;Second Class;South;OFF-BI-10001890;3,4368
201701;Second Class;South;TEC-AC-10000682;4,819395
201701;Second Class;West;FUR-FU-10000010;3,836343
201701;Second Class;West;FUR-FU-10003976;9,367068
201701;Second Class;West;OFF-FA-10003112;3,230955
201701;Second Class;West;OFF-PA-10000176;45,98328
201701;Second Class;West;OFF-PA-10003848;6,84288
201701;Second Class;West;OFF-ST-10000760;41,474466
201701;Second Class;West;OFF-ST-10001590;3,049176
201701;Second Class;West;OFF-ST-10002301;0,475956
201701;Second Class;West;OFF-SU-10004884;36,721685
201701;Second Class;West;TEC-AC-10000580;27,980502
201701;Standard Class;Central;FUR-CH-10000863;-12,501144
201701;Standard Class;Central;FUR-FU-10002157;21,525504
201701;Standard Class;Central;FUR-FU-10002597;15,540252
201701;Standard Class;Central;OFF-AP-10000828;170,265984
201701;Standard Class;Central;OFF-AR-10001227;2,333772
201701;Standard Class;Central;OFF-AR-10003504;5,15098
201701;Standard Class;Central;OFF-AR-10003759;6,01965
201701;Standard Class;Central;OFF-AR-10004648;8,16075
201701;Standard Class;Central;OFF-BI-10000301;15,8515
201701;Standard Class;Central;OFF-BI-10001036;8,683
201701;Standard Class;Central;OFF-BI-10003910;2,532735
201701;Standard Class;Central;OFF-BI-10004506;-4,200592
201701;Standard Class;Central;OFF-BI-10004632;-224,16765
201701;Standard Class;Central;OFF-BI-10004728;10,86428
201701;Standard Class;Central;OFF-EN-10001509;0,891684
201701;Standard Class;Central;OFF-PA-10000157;27,796176
201701;Standard Class;Central;OFF-PA-10001667;6,40458
201701;Standard Class;Central;OFF-PA-10001970;5,944748
201701;Standard Class;Central;OFF-ST-10004459;52,35993
201701;Standard Class;Central;OFF-ST-10004507;10,27971
201701;Standard Class;Central;TEC-AC-10001874;9,23846
201701;Standard Class;Central;TEC-AC-10002800;136,997595
201701;Standard Class;Central;TEC-CO-10003236;1297,17838
201701;Standard Class;Central;TEC-PH-10001459;642,080712
201701;Standard Class;Central;TEC-PH-10004614;53,82
201701;Standard Class;East;FUR-FU-10001215;207,231024
201701;Standard Class;East;FUR-FU-10003878;9,84032
201701;Standard Class;East;OFF-AP-10001492;5,109936
201701;Standard Class;East;OFF-BI-10000546;8,25552
201701;Standard Class;East;OFF-BI-10001072;-20,823776
201701;Standard Class;East;OFF-BI-10001196;41,653656
201701;Standard Class;East;OFF-BI-10004318;94,45254
201701;Standard Class;East;OFF-EN-10002230;107,866836
201701;Standard Class;East;OFF-EN-10002621;4,89
201701;Standard Class;East;OFF-FA-10000053;0,132678
201701;Standard Class;East;OFF-PA-10000806;123,4359
201701;Standard Class;East;OFF-PA-10004735;17,542656
201701;Standard Class;East;TEC-AC-10002049;89,2728
201701;Standard Class;East;TEC-MA-10002981;133,837704
201701;Standard Class;East;TEC-PH-10000193;8,607456
201701;Standard Class;East;TEC-PH-10003601;44,05233
201701;Standard Class;South;FUR-CH-10003199;-19,177344
201701;Standard Class;South;FUR-FU-10002116;-207,993465
201701;Standard Class;South;FUR-TA-10003469;-47,64675
201701;Standard Class;South;OFF-AP-10004708;-39,985836
201701;Standard Class;South;OFF-AR-10000817;2,573664
201701;Standard Class;South;OFF-AR-10003158;2,317952
201701;Standard Class;South;OFF-AR-10003602;3,500496
201701;Standard Class;South;OFF-BI-10000301;-10,57845
201701;Standard Class;South;OFF-BI-10000343;-23,591568
201701;Standard Class;South;OFF-BI-10001757;4,95936
201701;Standard Class;South;OFF-BI-10004001;-30,344832
201701;Standard Class;South;OFF-BI-10004584;702,992304
201701;Standard Class;South;OFF-LA-10001045;2,713356
201701;Standard Class;South;OFF-PA-10000483;53,67285
201701;Standard Class;South;OFF-PA-10002262;2,519424
201701;Standard Class;South;OFF-PA-10004621;11,073024
201701;Standard Class;South;OFF-ST-10002743;-110,11716
201701;Standard Class;South;OFF-ST-10004340;22,85115
201701;Standard Class;South;OFF-SU-10004231;2,52252
201701;Standard Class;South;TEC-PH-10002584;237,8762
201701;Standard Class;South;TEC-PH-10004100;7,685328
201701;Standard Class;West;FUR-BO-10001619;13,273876
201701;Standard Class;West;FUR-CH-10002044;-55,168776
201701;Standard Class;West;FUR-FU-10001037;8,19072
201701;Standard Class;West;OFF-AR-10001216;2,255136
201701;Standard Class;West;OFF-AR-10001545;0,857472
201701;Standard Class;West;OFF-AR-10003631;6,54852
201701;Standard Class;West;OFF-BI-10000138;7,66584
201701;Standard Class;West;OFF-BI-10000145;-2,06388
201701;Standard Class;West;OFF-BI-10000545;-821,8584
201701;Standard Class;West;OFF-BI-10002003;-3,47852
201701;Standard Class;West;OFF-BI-10002498;29,470392
201701;Standard Class;West;OFF-BI-10003291;7,0713
201701;Standard Class;West;OFF-BI-10003727;-1,544928
201701;Standard Class;West;OFF-BI-10003982;34,320348
201701;Standard Class;West;OFF-EN-10001219;5,516844
201701;Standard Class;West;OFF-FA-10000611;6,81984
201701;Standard Class;West;OFF-FA-10003472;0,099792
201701;Standard Class;West;OFF-PA-10000019;12,573792
201701;Standard Class;West;OFF-PA-10004156;6,334524
201701;Standard Class;West;OFF-PA-10004675;5,37464
201701;Standard Class;West;OFF-ST-10000736;7,2882
201701;Standard Class;West;OFF-ST-10001590;16,6478
201701;Standard Class;West;OFF-ST-10002562;4,622464
201701;Standard Class;West;OFF-SU-10001664;2,317328
201701;Standard Class;West;TEC-AC-10001445;2,67246
201701;Standard Class;West;TEC-AC-10003610;65,653056
201701;Standard Class;West;TEC-AC-10004469;74,53072
201701;Standard Class;West;TEC-PH-10000169;1,27464
201701;Standard Class;West;TEC-PH-10000193;41,24406
201701;Standard Class;West;TEC-PH-10001924;7,62891
201701;Standard Class;West;TEC-PH-10003072;123,966735
201701;Standard Class;West;TEC-PH-10004922;10,24947
201702;First Class;Central;OFF-PA-10002464;10,309208
201702;First Class;East;FUR-BO-10001601;-16,005756
201702;First Class;East;FUR-FU-10003601;-4,353256
201702;First Class;East;OFF-AR-10000937;38,42136
201702;First Class;East;OFF-FA-10002780;5,299632
201702;First Class;East;OFF-PA-10002377;33,18132
201702;First Class;East;TEC-PH-10000038;-99,063936
201702;First Class;East;TEC-PH-10002293;-12,23388
201702;First Class;South;FUR-BO-10004015;55,43538
201702;First Class;West;FUR-CH-10003981;-12,72051
201702;First Class;West;FUR-FU-10004018;9,528111
201702;First Class;West;FUR-FU-10004090;8,509644
201702;First Class;West;FUR-FU-10004973;8,372496
201702;First Class;West;FUR-TA-10001086;-97,88156
201702;First Class;West;OFF-AR-10000634;2,842776
201702;First Class;West;OFF-BI-10001525;-5,715
201702;First Class;West;TEC-PH-10000526;-8,869476
201702;First Class;West;TEC-PH-10001580;19,464116
201702;Second Class;Central;OFF-AP-10002518;292,652514
201702;Second Class;Central;OFF-FA-10001229;2,544282
201702;Second Class;East;OFF-AR-10003087;0,65504
201702;Second Class;East;OFF-BI-10001759;7,115556
201702;Second Class;East;OFF-BI-10004632;-380,01754
201702;Second Class;East;OFF-LA-10004345;5,244862
201702;Second Class;East;TEC-AC-10004864;33,439509
201702;Second Class;East;TEC-PH-10001924;9,86859
201702;Second Class;East;TEC-PH-10003875;8,87922
201702;Second Class;West;FUR-CH-10003973;62,45568
201702;Second Class;West;FUR-CH-10004495;122,438664
201702;Second Class;West;FUR-FU-10003142;5,761536
201702;Second Class;West;FUR-FU-10004597;-29,47605
201702;Second Class;West;OFF-AP-10004532;20,791296
201702;Second Class;West;OFF-PA-10000418;148,2579
201702;Second Class;West;OFF-PA-10000682;10,76236
201702;Second Class;West;OFF-PA-10001033;16,64194
201702;Second Class;West;OFF-PA-10001166;2,032128
201702;Second Class;West;OFF-PA-10001970;83,387808
201702;Second Class;West;TEC-PH-10002923;9,010764
201702;Second Class;West;TEC-PH-10004447;50,0364
201702;Standard Class;Central;FUR-BO-10001811;34,01074
201702;Standard Class;Central;FUR-CH-10004063;-7,378284
201702;Standard Class;Central;FUR-FU-10004270;-3,617163
201702;Standard Class;Central;FUR-TA-10001932;-280,111104
201702;Standard Class;Central;OFF-AP-10000275;486,95976
201702;Standard Class;Central;OFF-AP-10003287;92,908116
201702;Standard Class;Central;OFF-AP-10003971;8,239374
201702;Standard Class;Central;OFF-AR-10004078;3,99456
201702;Standard Class;Central;OFF-FA-10004854;5,641272
201702;Standard Class;Central;OFF-ST-10000642;-8,754954
201702;Standard Class;Central;TEC-PH-10002789;10,264142
201702;Standard Class;Central;TEC-PH-10003505;31,32
201702;Standard Class;East;OFF-BI-10000279;17,1666
201702;Standard Class;East;OFF-BI-10001757;3,77856
201702;Standard Class;East;OFF-BI-10002071;-3,513888
201702;Standard Class;East;OFF-BI-10004970;-3,875592
201702;Standard Class;East;OFF-FA-10002701;0,27888
201702;Standard Class;East;OFF-PA-10001184;8,966412
201702;Standard Class;East;OFF-PA-10002137;3,71106
201702;Standard Class;East;OFF-PA-10002870;12,46752
201702;Standard Class;East;OFF-ST-10001370;16,3254
201702;Standard Class;East;OFF-ST-10001490;41,76198
201702;Standard Class;East;OFF-ST-10001932;74,640888
201702;Standard Class;East;TEC-PH-10000923;8,226512
201702;Standard Class;East;TEC-PH-10002538;67,282668
201702;Standard Class;East;TEC-PH-10003589;19,39322
201702;Standard Class;South;FUR-FU-10002253;18,275264
201702;Standard Class;South;FUR-TA-10001039;-157,85928
201702;Standard Class;South;OFF-AP-10000595;2,454192
201702;Standard Class;South;OFF-AP-10004785;35,857184
201702;Standard Class;South;OFF-AR-10002375;1,864352
201702;Standard Class;South;OFF-EN-10004846;3,04703
201702;Standard Class;South;OFF-LA-10001297;7,55136
201702;Standard Class;South;OFF-PA-10001125;27,882
201702;Standard Class;South;OFF-PA-10003465;20,214432
201702;Standard Class;South;OFF-ST-10000563;-4,98888
201702;Standard Class;South;TEC-AC-10001114;4,414896
201702;Standard Class;South;TEC-AC-10003033;240,2036
201702;Standard Class;South;TEC-PH-10004447;28,77093
201702;Standard Class;West;FUR-BO-10004015;14,782768
201702;Standard Class;West;FUR-BO-10004709;6,6677
201702;Standard Class;West;FUR-CH-10002880;-21,252672
201702;Standard Class;West;FUR-FU-10000293;15,16176
201702;Standard Class;West;FUR-FU-10000550;-2,205144
201702;Standard Class;West;FUR-FU-10000747;15,6332
201702;Standard Class;West;FUR-FU-10003039;21,9963
201702;Standard Class;West;FUR-FU-10004017;20,4307
201702;Standard Class;West;OFF-AP-10000055;-38,976
201702;Standard Class;West;OFF-AP-10000252;17,6904
201702;Standard Class;West;OFF-AR-10000614;3,174444
201702;Standard Class;West;OFF-AR-10001547;1,378377
201702;Standard Class;West;OFF-BI-10000301;-2,30332
201702;Standard Class;West;OFF-BI-10002609;-2,462076
201702;Standard Class;West;OFF-BI-10003638;11,26944
201702;Standard Class;West;OFF-BI-10004584;-408,751728
201702;Standard Class;West;OFF-FA-10004968;0,199716
201702;Standard Class;West;OFF-PA-10001593;10,62945
201702;Standard Class;West;OFF-PA-10001838;4,379424
201702;Standard Class;West;OFF-PA-10004041;9,7236
201702;Standard Class;West;OFF-PA-10004381;35,107632
201702;Standard Class;West;OFF-ST-10000464;30,366336
201702;Standard Class;West;OFF-ST-10003123;39,14904
201702;Standard Class;West;OFF-SU-10001165;7,090668
201702;Standard Class;West;TEC-AC-10001838;282,065896
201702;Standard Class;West;TEC-AC-10002076;-2,33532
201702;Standard Class;West;TEC-AC-10002402;19,1976
201702;Standard Class;West;TEC-MA-10002109;27,29818
201702;Standard Class;West;TEC-PH-10003645;23,27184
201703;First Class;Central;FUR-FU-10000758;61,00992
201703;First Class;Central;OFF-EN-10004206;112,4217
201703;First Class;Central;TEC-PH-10004700;2,33766
201703;First Class;East;OFF-BI-10002103;11,63591
201703;First Class;East;OFF-PA-10002986;7,887744
201703;First Class;East;OFF-ST-10001558;5,1156
201703;First Class;East;TEC-CO-10004722;5241,585024
201703;First Class;South;FUR-FU-10001095;11,773008
201703;First Class;South;FUR-FU-10003829;5,036416
201703;First Class;South;OFF-AP-10001124;176,86032
201703;First Class;South;OFF-AR-10002467;2,365524
201703;First Class;South;OFF-BI-10004970;4,817232
201703;First Class;South;OFF-LA-10001158;11,52576
201703;First Class;South;OFF-PA-10000232;5,143824
201703;First Class;South;OFF-PA-10000743;7,310592
201703;First Class;South;OFF-PA-10003651;13,338624
201703;First Class;South;OFF-ST-10002743;5,727456
201703;First Class;South;TEC-AC-10001552;11,277882
201703;First Class;South;TEC-AC-10002926;102,319532
201703;First Class;South;TEC-MA-10004679;51,67384
201703;First Class;South;TEC-PH-10000038;-98,6256
201703;First Class;West;FUR-BO-10001918;-30,135456
201703;First Class;West;FUR-CH-10003396;1,708956
201703;First Class;West;OFF-AP-10001564;105,219192
201703;First Class;West;OFF-AP-10002403;43,48188
201703;First Class;West;OFF-AP-10003040;-87,14304
201703;First Class;West;OFF-AR-10003087;5,113584
201703;First Class;West;OFF-AR-10004587;4,40226
201703;First Class;West;OFF-BI-10002026;58,35564
201703;First Class;West;OFF-BI-10002353;17,4472
201703;First Class;West;OFF-EN-10004483;16,350078
201703;First Class;West;OFF-PA-10003673;11,601936
201703;First Class;West;TEC-CO-10000971;64,19786
201703;First Class;West;TEC-PH-10000141;12,036576
201703;First Class;West;TEC-PH-10002624;130,845216
201703;First Class;West;TEC-PH-10004896;26,199264
201703;Same Day;Central;OFF-LA-10003537;12,013764
201703;Same Day;East;OFF-BI-10004022;-1,124788
201703;Same Day;East;OFF-ST-10002352;1,015056
201703;Same Day;South;FUR-CH-10003606;-2,667392
201703;Same Day;South;OFF-AP-10000891;72,37824
201703;Same Day;South;OFF-AR-10000799;2,29824
201703;Same Day;South;OFF-AR-10003338;1,4508
201703;Same Day;South;OFF-BI-10002026;91,119168
201703;Same Day;South;OFF-EN-10003862;13,939288
201703;Same Day;South;OFF-PA-10000474;17,415216
201703;Same Day;South;OFF-PA-10001934;6,20136
201703;Same Day;South;OFF-PA-10002377;92,4966
201703;Same Day;South;TEC-AC-10004571;138,58614
201703;Same Day;South;TEC-CO-10001449;369,59384
201703;Same Day;South;TEC-MA-10002109;7,559496
201703;Same Day;South;TEC-PH-10001527;-7,3015
201703;Same Day;West;FUR-FU-10003424;8,84304
201703;Same Day;West;OFF-AR-10000817;1,96384
201703;Same Day;West;OFF-BI-10001071;72,732464
201703;Same Day;West;OFF-BI-10001097;8,333871
201703;Same Day;West;OFF-BI-10004654;-2,83884
201703;Same Day;West;OFF-FA-10002763;2,62912
201703;Same Day;West;OFF-ST-10000675;3,69401
201703;Same Day;West;OFF-ST-10000877;43,1262
201703;Same Day;West;TEC-AC-10004571;48,835116
201703;Same Day;West;TEC-PH-10002447;18,909882
201703;Same Day;West;TEC-PH-10004348;-5,547
201703;Second Class;Central;FUR-FU-10000206;1,463439
201703;Second Class;Central;FUR-FU-10001185;13,315365
201703;Second Class;Central;FUR-FU-10004848;-80,73
201703;Second Class;Central;FUR-TA-10001095;6,710165
201703;Second Class;Central;OFF-AP-10000358;28,98434
201703;Second Class;Central;OFF-AR-10001683;25,60212
201703;Second Class;Central;OFF-BI-10000014;6,716196
201703;Second Class;Central;OFF-BI-10000343;8,444709
201703;Second Class;Central;OFF-BI-10000474;34,470912
201703;Second Class;Central;OFF-BI-10000605;3,579876
201703;Second Class;Central;OFF-BI-10001153;13,816
201703;Second Class;Central;OFF-BI-10001553;3,736432
201703;Second Class;Central;OFF-LA-10000081;10,62
201703;Second Class;Central;OFF-LA-10002381;0,77616
201703;Second Class;Central;OFF-LA-10004093;3,710556
201703;Second Class;Central;OFF-ST-10000344;24,302928
201703;Second Class;Central;OFF-ST-10000918;0,73902
201703;Second Class;Central;OFF-ST-10003455;8,46846
201703;Second Class;Central;TEC-AC-10002399;14,424768
201703;Second Class;Central;TEC-AC-10003038;12,2436
201703;Second Class;Central;TEC-AC-10004568;25,101432
201703;Second Class;Central;TEC-CO-10001449;1079,982
201703;Second Class;Central;TEC-PH-10000149;24,8976
201703;Second Class;East;FUR-FU-10002554;14,89779
201703;Second Class;East;FUR-FU-10004018;8,84466
201703;Second Class;East;OFF-BI-10001031;2,105028
201703;Second Class;East;OFF-BI-10002799;-17,400656
201703;Second Class;East;OFF-BI-10003981;4,700262
201703;Second Class;East;OFF-EN-10003845;2,244996
201703;Second Class;East;OFF-PA-10000357;108,652032
201703;Second Class;East;OFF-PA-10001972;3,670272
201703;Second Class;East;OFF-PA-10002254;12,256148
201703;Second Class;East;OFF-PA-10004239;2,5038
201703;Second Class;East;OFF-PA-10004911;25,573632
201703;Second Class;East;OFF-ST-10003208;187,339304
201703;Second Class;East;OFF-ST-10004180;1,879004
201703;Second Class;East;TEC-AC-10001266;10,179
201703;Second Class;East;TEC-PH-10002549;179,694216
201703;Second Class;East;TEC-PH-10003505;-85,7472
201703;Second Class;East;TEC-PH-10004165;42,07347
201703;Second Class;South;FUR-FU-10001591;26,3886
201703;Second Class;South;OFF-ST-10001031;24,3386
201703;Second Class;South;TEC-PH-10000213;4,118128
201703;Second Class;South;TEC-PH-10000526;131,69828
201703;Second Class;West;FUR-FU-10003832;1,72592
201703;Second Class;West;FUR-FU-10004973;39,95964
201703;Second Class;West;FUR-TA-10002533;52,578
201703;Second Class;West;OFF-BI-10001679;8,436
201703;Second Class;West;OFF-LA-10000476;3,153668
201703;Second Class;West;OFF-PA-10001534;17,635968
201703;Second Class;West;OFF-PA-10001815;127,286784
201703;Second Class;West;OFF-PA-10002615;6,49152
201703;Second Class;West;OFF-ST-10000615;27,45792
201703;Second Class;West;OFF-ST-10000675;18,9784
201703;Second Class;West;OFF-ST-10001128;11,186784
201703;Second Class;West;OFF-SU-10003505;16,51005
201703;Second Class;West;TEC-AC-10004001;83,723025
201703;Second Class;West;TEC-PH-10004006;45,07407
201703;Second Class;West;TEC-PH-10004531;54,18336
201703;Standard Class;Central;FUR-BO-10002824;-27,901104
201703;Standard Class;Central;FUR-CH-10000422;12,520224
201703;Standard Class;Central;FUR-CH-10000785;39,99658
201703;Standard Class;Central;FUR-CH-10002880;30,440025
201703;Standard Class;Central;FUR-CH-10004495;403,253004
201703;Standard Class;Central;FUR-CH-10004675;299,20576
201703;Standard Class;Central;FUR-FU-10002364;4,49442
201703;Standard Class;Central;FUR-FU-10003553;-48,27654
201703;Standard Class;Central;FUR-TA-10001520;-12,140037
201703;Standard Class;Central;OFF-AP-10000804;-8,27904
201703;Standard Class;Central;OFF-BI-10002026;95,84757
201703;Standard Class;Central;OFF-BI-10003166;-24,466176
201703;Standard Class;Central;OFF-BI-10003910;9,348375
201703;Standard Class;Central;OFF-BI-10004410;10,628982
201703;Standard Class;Central;OFF-BI-10004632;-349,061055
201703;Standard Class;Central;OFF-FA-10004838;0,281232
201703;Standard Class;Central;OFF-LA-10003190;1,75392
201703;Standard Class;Central;OFF-PA-10000806;34,741188
201703;Standard Class;Central;OFF-PA-10001307;8,47728
201703;Standard Class;Central;OFF-PA-10004610;2,6322
201703;Standard Class;Central;OFF-ST-10000736;9,7176
201703;Standard Class;Central;OFF-ST-10001809;-29,428308
201703;Standard Class;Central;TEC-AC-10002926;36,112776
201703;Standard Class;Central;TEC-AC-10003614;4,384497
201703;Standard Class;Central;TEC-CO-10000971;44,39852
201703;Standard Class;Central;TEC-PH-10000984;53,152488
201703;Standard Class;Central;TEC-PH-10001557;37,62808
201703;Standard Class;Central;TEC-PH-10004700;25,73424
201703;Standard Class;East;FUR-FU-10003535;10,019268
201703;Standard Class;East;FUR-FU-10003724;0,371628
201703;Standard Class;East;OFF-AP-10001205;81,153408
201703;Standard Class;East;OFF-AR-10001446;7,3458
201703;Standard Class;East;OFF-AR-10001573;2,83794
201703;Standard Class;East;OFF-AR-10001915;6,947028
201703;Standard Class;East;OFF-AR-10002766;4,35348
201703;Standard Class;East;OFF-AR-10003158;6,414168
201703;Standard Class;East;OFF-AR-10003958;0,67896
201703;Standard Class;East;OFF-BI-10000829;14,127336
201703;Standard Class;East;OFF-BI-10001191;-33,68358
201703;Standard Class;East;OFF-EN-10000483;5,8926
201703;Standard Class;East;OFF-EN-10003072;10,89504
201703;Standard Class;East;OFF-LA-10003121;10,904852
201703;Standard Class;East;OFF-LA-10004559;5,36256
201703;Standard Class;East;OFF-PA-10001033;137,783786
201703;Standard Class;East;OFF-PA-10002741;10,63152
201703;Standard Class;East;OFF-SU-10002881;-260,836092
201703;Standard Class;East;TEC-AC-10004510;3,4356
201703;Standard Class;East;TEC-PH-10000149;-7,37352
201703;Standard Class;East;TEC-PH-10001336;23,682564
201703;Standard Class;South;FUR-BO-10003660;84,370164
201703;Standard Class;South;FUR-CH-10000665;50,72928
201703;Standard Class;South;FUR-TA-10002228;-204,549696
201703;Standard Class;South;OFF-AP-10001205;-222,104064
201703;Standard Class;South;OFF-AP-10001242;7,00176
201703;Standard Class;South;OFF-AP-10004859;19,45944
201703;Standard Class;South;OFF-AR-10001615;11,6064
201703;Standard Class;South;OFF-AR-10003752;14,8764
201703;Standard Class;South;OFF-BI-10001525;-5,715
201703;Standard Class;South;OFF-BI-10003291;-14,923062
201703;Standard Class;South;OFF-BI-10003669;10,70496
201703;Standard Class;South;OFF-EN-10003286;26,151552
201703;Standard Class;South;OFF-FA-10003021;1,28968
201703;Standard Class;South;OFF-LA-10003510;42,552714
201703;Standard Class;South;OFF-PA-10001125;20,9115
201703;Standard Class;South;OFF-PA-10002581;24,86145
201703;Standard Class;South;OFF-PA-10002764;25,338096
201703;Standard Class;South;OFF-PA-10004071;159,7824
201703;Standard Class;South;OFF-PA-10004971;2,350726
201703;Standard Class;South;OFF-ST-10000344;2,369052
201703;Standard Class;South;OFF-ST-10003282;14,557536
201703;Standard Class;South;OFF-SU-10001935;-1,3952
201703;Standard Class;South;TEC-AC-10000158;1,33163
201703;Standard Class;South;TEC-AC-10002842;39,6032
201703;Standard Class;South;TEC-AC-10003116;14,53725
201703;Standard Class;South;TEC-CO-10002313;495,891735
201703;Standard Class;South;TEC-PH-10001536;22,087
201703;Standard Class;West;FUR-BO-10001811;-35,51564
201703;Standard Class;West;FUR-CH-10001714;-63,07202
201703;Standard Class;West;FUR-CH-10003968;-15,33168
201703;Standard Class;West;FUR-CH-10004063;-8,5794
201703;Standard Class;West;FUR-FU-10001379;9,640576
201703;Standard Class;West;FUR-FU-10004245;23,581584
201703;Standard Class;West;FUR-TA-10004086;-35,750484
201703;Standard Class;West;OFF-AP-10000390;3,622212
201703;Standard Class;West;OFF-AP-10001154;44,986266
201703;Standard Class;West;OFF-AR-10000588;5,523456
201703;Standard Class;West;OFF-AR-10001547;3,252015
201703;Standard Class;West;OFF-AR-10001972;0,96096
201703;Standard Class;West;OFF-BI-10000014;-10,237944
201703;Standard Class;West;OFF-BI-10001757;4,95936
201703;Standard Class;West;OFF-BI-10002353;-9,75808
201703;Standard Class;West;OFF-BI-10002794;-8,519742
201703;Standard Class;West;OFF-BI-10003091;328,444272
201703;Standard Class;West;OFF-BI-10003876;75,114
201703;Standard Class;West;OFF-BI-10004182;4,994496
201703;Standard Class;West;OFF-BI-10004224;28,2576
201703;Standard Class;West;OFF-BI-10004236;18,778656
201703;Standard Class;West;OFF-LA-10000134;1,621312
201703;Standard Class;West;OFF-PA-10000740;22,903952
201703;Standard Class;West;OFF-PA-10000859;4,5372
201703;Standard Class;West;OFF-PA-10001144;60,184704
201703;Standard Class;West;OFF-PA-10004359;161,55288
201703;Standard Class;West;OFF-ST-10002615;63,698648
201703;Standard Class;West;OFF-ST-10004946;2,49942
201703;Standard Class;West;OFF-SU-10004231;8,98128
201703;Standard Class;West;TEC-AC-10000358;44,67624
201703;Standard Class;West;TEC-AC-10000580;37,483314
201703;Standard Class;West;TEC-AC-10000990;383,465376
201703;Standard Class;West;TEC-AC-10001772;27,653652
201703;Standard Class;West;TEC-AC-10001908;62,29377
201703;Standard Class;West;TEC-AC-10004901;5,318936
201703;Standard Class;West;TEC-PH-10000675;14,7582
201703;Standard Class;West;TEC-PH-10001809;87,72075
201703;Standard Class;West;TEC-PH-10002555;-134,1361
201703;Standard Class;West;TEC-PH-10004896;-8,421192
201704;First Class;Central;FUR-BO-10003894;74,95488
201704;First Class;Central;FUR-FU-10000010;-1,628669
201704;First Class;Central;OFF-AR-10003045;2,05065
201704;First Class;Central;OFF-BI-10000174;-6,5714
201704;First Class;Central;OFF-BI-10002026;-15,23382
201704;First Class;Central;OFF-BI-10003091;353,77641
201704;First Class;Central;OFF-BI-10003460;3,742272
201704;First Class;Central;OFF-BI-10004654;-10,98204
201704;First Class;Central;OFF-LA-10000121;5,11056
201704;First Class;Central;OFF-PA-10000994;67,81698
201704;First Class;Central;OFF-PA-10002479;2,39976
201704;First Class;Central;OFF-ST-10000078;-14,84952
201704;First Class;Central;TEC-MA-10000418;331,198896
201704;First Class;Central;TEC-PH-10004080;-26,679276
201704;First Class;East;FUR-FU-10001473;5,435619
201704;First Class;East;FUR-FU-10001876;12,264448
201704;First Class;East;FUR-FU-10004006;23,05659
201704;First Class;East;FUR-FU-10004460;71,42922
201704;First Class;East;FUR-FU-10004671;11,068488
201704;First Class;East;OFF-AR-10001545;2,286592
201704;First Class;East;OFF-AR-10001958;5,70528
201704;First Class;East;OFF-AR-10004078;3,83688
201704;First Class;East;OFF-AR-10004344;7,283925
201704;First Class;East;OFF-LA-10001613;3,979584
201704;First Class;East;OFF-LA-10004055;3,560732
201704;First Class;East;OFF-PA-10001281;96,5664
201704;First Class;East;OFF-PA-10004621;5,59872
201704;First Class;East;OFF-ST-10000142;39,92448
201704;First Class;East;OFF-ST-10001097;0
201704;First Class;East;OFF-ST-10002370;4,966758
201704;First Class;East;OFF-SU-10001218;11,529
201704;First Class;East;TEC-AC-10004855;3,575978
201704;First Class;East;TEC-PH-10004614;25,185
201704;First Class;South;FUR-CH-10004218;259,0137
201704;First Class;South;FUR-FU-10001025;2,582118
201704;First Class;South;FUR-TA-10004534;72,80624
201704;First Class;South;OFF-AR-10000390;5,528418
201704;First Class;South;OFF-AR-10001725;10,69926
201704;First Class;South;OFF-AR-10002804;1,724214
201704;First Class;South;OFF-AR-10003373;30,447144
201704;First Class;South;OFF-BI-10000285;-9,1728
201704;First Class;South;OFF-EN-10003134;5,256
201704;First Class;South;OFF-PA-10001804;1,739472
201704;First Class;South;TEC-AC-10000892;143,856
201704;First Class;West;FUR-FU-10000794;6,898872
201704;First Class;West;FUR-FU-10004622;29,36556
201704;First Class;West;OFF-AP-10002495;14,3956
201704;First Class;West;OFF-AR-10000246;2,688816
201704;First Class;West;OFF-AR-10001468;17,286048
201704;First Class;West;OFF-AR-10003560;2,757888
201704;First Class;West;OFF-BI-10002414;-6,282542
201704;First Class;West;OFF-BI-10002813;-1,1583
201704;First Class;West;OFF-LA-10003388;2,173248
201704;First Class;West;OFF-PA-10001534;6,967296
201704;First Class;West;OFF-PA-10004971;3,77145
201704;First Class;West;OFF-SU-10000157;6,872256
201704;First Class;West;OFF-SU-10000646;8,509098
201704;First Class;West;TEC-AC-10000521;3,56586
201704;First Class;West;TEC-AC-10001998;6,29685
201704;First Class;West;TEC-AC-10004227;1,71468
201704;First Class;West;TEC-PH-10002262;36,65816
201704;First Class;West;TEC-PH-10004006;8,34705
201704;Same Day;Central;OFF-PA-10004101;4,136832
201704;Same Day;Central;TEC-AC-10001714;14,24073
201704;Second Class;Central;FUR-CH-10003774;-19,487916
201704;Second Class;Central;FUR-FU-10002445;24,95136
201704;Second Class;Central;FUR-FU-10004864;6,213636
201704;Second Class;Central;OFF-AP-10002222;1,565802
201704;Second Class;Central;OFF-AP-10002684;-172,6436
201704;Second Class;Central;OFF-BI-10002867;178,192224
201704;Second Class;Central;OFF-BI-10003638;24,75252
201704;Second Class;Central;OFF-LA-10000262;1,974726
201704;Second Class;Central;OFF-PA-10002254;29,12352
201704;Second Class;Central;TEC-AC-10003590;47,53404
201704;Second Class;Central;TEC-PH-10004897;-4,897098
201704;Second Class;East;FUR-TA-10001307;-81,0724
201704;Second Class;East;OFF-BI-10002103;4,112108
201704;Second Class;East;TEC-AC-10000158;23,353911
201704;Second Class;South;FUR-BO-10004709;21,591752
201704;Second Class;South;FUR-FU-10003829;1,44144
201704;Second Class;South;OFF-BI-10003712;-2,258109
201704;Second Class;South;OFF-EN-10001990;9,61056
201704;Second Class;South;OFF-ST-10000649;20,0175
201704;Second Class;West;OFF-BI-10004364;16,038
201704;Second Class;West;OFF-EN-10002986;25,78212
201704;Second Class;West;OFF-PA-10001712;17,26272
201704;Standard Class;Central;FUR-CH-10002602;-13,407024
201704;Standard Class;Central;FUR-FU-10002456;-5,75484
201704;Standard Class;Central;FUR-FU-10004017;0
201704;Standard Class;Central;FUR-FU-10004188;57,45168
201704;Standard Class;Central;FUR-FU-10004665;64,10664
201704;Standard Class;Central;FUR-TA-10001705;-109,19136
201704;Standard Class;Central;FUR-TA-10003473;-213,491388
201704;Standard Class;Central;OFF-AP-10000252;5,1597
201704;Standard Class;Central;OFF-AR-10001419;2,45735
201704;Standard Class;Central;OFF-AR-10001683;2,58858
201704;Standard Class;Central;OFF-AR-10002280;4,318725
201704;Standard Class;Central;OFF-AR-10003056;0,893664
201704;Standard Class;Central;OFF-BI-10001294;43,72875
201704;Standard Class;Central;OFF-BI-10001628;-15,514625
201704;Standard Class;Central;OFF-BI-10001679;-3,09024
201704;Standard Class;Central;OFF-BI-10002353;-7,96704
201704;Standard Class;Central;OFF-LA-10001569;3,534804
201704;Standard Class;Central;OFF-LA-10002034;19,2472
201704;Standard Class;Central;OFF-LA-10003190;1,636992
201704;Standard Class;Central;OFF-LA-10003663;2,363442
201704;Standard Class;Central;OFF-PA-10000675;71,502956
201704;Standard Class;Central;OFF-PA-10000791;17,38665
201704;Standard Class;Central;OFF-PA-10003673;7,859376
201704;Standard Class;Central;OFF-ST-10001325;1,804656
201704;Standard Class;Central;OFF-ST-10004123;-17,65012
201704;Standard Class;Central;TEC-AC-10003441;-3,93918
201704;Standard Class;Central;TEC-AC-10003832;-7,415712
201704;Standard Class;Central;TEC-PH-10002549;-177,07424
201704;Standard Class;Central;TEC-PH-10002624;73,600434
201704;Standard Class;East;FUR-BO-10001972;-12,775488
201704;Standard Class;East;FUR-BO-10002268;-31,5822
201704;Standard Class;East;FUR-BO-10003433;-25,77536
201704;Standard Class;East;FUR-FU-10000193;-10,874304
201704;Standard Class;East;FUR-FU-10000397;31,656744
201704;Standard Class;East;FUR-FU-10000747;-6,124536
201704;Standard Class;East;FUR-FU-10001488;0
201704;Standard Class;East;FUR-FU-10001935;6,77544
201704;Standard Class;East;FUR-FU-10001940;8,329344
201704;Standard Class;East;FUR-FU-10004018;19,498455
201704;Standard Class;East;FUR-FU-10004597;-41,2143
201704;Standard Class;East;OFF-AP-10000026;27,229202
201704;Standard Class;East;OFF-AP-10000027;8,5554
201704;Standard Class;East;OFF-AR-10000127;1,7712
201704;Standard Class;East;OFF-AR-10000422;0,173229
201704;Standard Class;East;OFF-BI-10000666;25,57872
201704;Standard Class;East;OFF-BI-10000822;-2,769624
201704;Standard Class;East;OFF-BI-10001553;-8,84752
201704;Standard Class;East;OFF-BI-10002049;-4,189752
201704;Standard Class;East;OFF-BI-10002071;7,09982
201704;Standard Class;East;OFF-BI-10004140;-3,535875
201704;Standard Class;East;OFF-BI-10004738;-18,7506
201704;Standard Class;East;OFF-FA-10000624;2,864
201704;Standard Class;East;OFF-FA-10002676;0,599472
201704;Standard Class;East;OFF-LA-10000081;1,1235
201704;Standard Class;East;OFF-LA-10001158;12,40344
201704;Standard Class;East;OFF-LA-10001569;7,078572
201704;Standard Class;East;OFF-LA-10004055;2,357782
201704;Standard Class;East;OFF-PA-10001826;5,370624
201704;Standard Class;East;OFF-PA-10004569;3,93437
201704;Standard Class;East;OFF-PA-10004675;7,62381
201704;Standard Class;East;OFF-ST-10001370;-23,4234
201704;Standard Class;East;OFF-ST-10001418;-43,466544
201704;Standard Class;East;OFF-ST-10003692;68,676
201704;Standard Class;East;OFF-SU-10002573;27,97788
201704;Standard Class;East;TEC-AC-10002473;11,9196
201704;Standard Class;East;TEC-AC-10003433;0,720225
201704;Standard Class;East;TEC-AC-10004571;41,155884
201704;Standard Class;South;FUR-BO-10001337;-5,62557
201704;Standard Class;South;FUR-BO-10003441;7,997616
201704;Standard Class;South;FUR-CH-10003774;-45,471804
201704;Standard Class;South;FUR-FU-10000222;16,291968
201704;Standard Class;South;FUR-FU-10003832;13,709808
201704;Standard Class;South;OFF-AR-10000246;0,63384
201704;Standard Class;South;OFF-AR-10002804;3,729114
201704;Standard Class;South;OFF-BI-10000632;-44,2782
201704;Standard Class;South;OFF-BI-10000829;2,731716
201704;Standard Class;South;OFF-BI-10001107;-4,587264
201704;Standard Class;South;OFF-BI-10001359;1290,051018
201704;Standard Class;South;OFF-BI-10001575;-70,783104
201704;Standard Class;South;OFF-BI-10003669;-6,4152
201704;Standard Class;South;OFF-EN-10001219;15,423632
201704;Standard Class;South;OFF-EN-10001532;7,0467
201704;Standard Class;South;OFF-PA-10000474;42,974544
201704;Standard Class;South;OFF-PA-10002365;3,864672
201704;Standard Class;South;OFF-ST-10002301;-6,028776
201704;Standard Class;South;OFF-ST-10003716;105,30936
201704;Standard Class;South;OFF-ST-10004804;2,16216
201704;Standard Class;South;TEC-PH-10004345;36,4648
201704;Standard Class;West;FUR-CH-10003774;-17,577336
201704;Standard Class;West;FUR-FU-10003724;7,377318
201704;Standard Class;West;FUR-FU-10003878;6,866832
201704;Standard Class;West;OFF-AP-10000026;25,461072
201704;Standard Class;West;OFF-AP-10001962;10,382625
201704;Standard Class;West;OFF-AR-10001221;11,670568
201704;Standard Class;West;OFF-AR-10003156;1,365504
201704;Standard Class;West;OFF-BI-10000773;-8,57739
201704;Standard Class;West;OFF-BI-10001036;20,4736
201704;Standard Class;West;OFF-BI-10001543;-15,04382
201704;Standard Class;West;OFF-BI-10001989;67,673088
201704;Standard Class;West;OFF-BI-10003355;-4,60152
201704;Standard Class;West;OFF-BI-10004492;-27,60092
201704;Standard Class;West;OFF-FA-10001561;3,34521
201704;Standard Class;West;OFF-FA-10004076;1,64934
201704;Standard Class;West;OFF-LA-10001404;3,746088
201704;Standard Class;West;OFF-LA-10003190;8,128512
201704;Standard Class;West;OFF-PA-10001033;26,389362
201704;Standard Class;West;OFF-PA-10001878;89,65203
201704;Standard Class;West;OFF-PA-10002005;6,822144
201704;Standard Class;West;OFF-PA-10002923;111,5832
201704;Standard Class;West;OFF-PA-10004451;3,955392
201704;Standard Class;West;OFF-PA-10004911;13,5072
201704;Standard Class;West;OFF-ST-10001780;485,140032
201704;Standard Class;West;TEC-AC-10001383;50,469804
201704;Standard Class;West;TEC-AC-10001767;23,094225
201704;Standard Class;West;TEC-MA-10000822;-2617,9846
201704;Standard Class;West;TEC-PH-10000576;14,38395
201705;First Class;Central;FUR-CH-10001270;28,72125
201705;First Class;Central;FUR-CH-10003981;-12,20655
201705;First Class;Central;FUR-TA-10004154;59,32058
201705;First Class;Central;OFF-AR-10001446;5,48625
201705;First Class;Central;OFF-AR-10003179;15,512508
201705;First Class;Central;OFF-BI-10004330;43,91375
201705;First Class;Central;OFF-EN-10002504;26,41896
201705;First Class;Central;OFF-PA-10000300;15,698286
201705;First Class;Central;OFF-PA-10003134;22,059968
201705;First Class;Central;OFF-ST-10000604;24,5058
201705;First Class;Central;OFF-ST-10000636;2,758752
201705;First Class;Central;TEC-AC-10004171;82,711728
201705;First Class;Central;TEC-PH-10004071;0,720279
201705;First Class;East;FUR-BO-10003546;66,6468
201705;First Class;East;FUR-BO-10004467;-382,46175
201705;First Class;East;OFF-AP-10001492;3,675568
201705;First Class;East;OFF-BI-10000315;56,331936
201705;First Class;East;OFF-BI-10003274;-8,641376
201705;First Class;East;OFF-EN-10002600;5,72418
201705;First Class;East;OFF-ST-10002574;-61,88672
201705;First Class;East;TEC-PH-10002185;13,1355
201705;First Class;East;TEC-PH-10002350;17,868816
201705;First Class;South;FUR-BO-10000330;27,09952
201705;First Class;South;FUR-CH-10003298;18,625356
201705;First Class;South;FUR-FU-10001731;3,530808
201705;First Class;South;OFF-AR-10001919;1,166728
201705;First Class;South;OFF-AR-10002445;15,254568
201705;First Class;South;OFF-AR-10003045;6,7473
201705;First Class;South;OFF-AR-10003338;7,812
201705;First Class;South;OFF-BI-10000591;1,58712
201705;First Class;South;OFF-LA-10004544;30,34
201705;First Class;South;TEC-AC-10003280;14,926023
201705;First Class;West;FUR-BO-10001798;-17,132184
201705;First Class;West;FUR-FU-10004963;14,7
201705;First Class;West;OFF-AP-10002670;54,40284
201705;First Class;West;OFF-LA-10004409;1,557504
201705;First Class;West;OFF-LA-10004544;25,16
201705;First Class;West;OFF-ST-10000025;20,0403
201705;First Class;West;OFF-SU-10004498;0,687792
201705;First Class;West;TEC-PH-10002200;40,330368
201705;First Class;West;TEC-PH-10004389;19,503252
201705;Same Day;Central;FUR-FU-10000732;6,93312
201705;Same Day;Central;OFF-BI-10004519;153,5315
201705;Same Day;Central;OFF-FA-10000936;1,376865
201705;Same Day;Central;OFF-PA-10003129;76,319164
201705;Same Day;Central;TEC-AC-10002167;15,576
201705;Same Day;East;OFF-BI-10002225;19,219968
201705;Same Day;East;OFF-BI-10003982;-49,920695
201705;Same Day;East;OFF-LA-10003510;45,24546
201705;Same Day;East;OFF-PA-10002947;3,2064
201705;Same Day;East;TEC-PH-10004977;79,023168
201705;Same Day;West;FUR-FU-10000794;5,407224
201705;Same Day;West;OFF-BI-10000962;10,38026
201705;Same Day;West;OFF-LA-10004545;15,370551
201705;Same Day;West;OFF-PA-10002870;18,70128
201705;Same Day;West;TEC-AC-10001838;529,733512
201705;Second Class;Central;FUR-CH-10000863;28,23326
201705;Second Class;Central;FUR-CH-10001146;-26,686716
201705;Second Class;Central;OFF-AP-10001271;31,383288
201705;Second Class;Central;OFF-AP-10002684;73,67748
201705;Second Class;Central;OFF-AR-10000657;6,45645
201705;Second Class;Central;OFF-AR-10001374;6,884352
201705;Second Class;Central;OFF-AR-10001953;33,486372
201705;Second Class;Central;OFF-BI-10002082;152,7552
201705;Second Class;Central;OFF-BI-10004364;-4,55301
201705;Second Class;Central;OFF-FA-10001843;3,622008
201705;Second Class;Central;OFF-ST-10003816;115,087308
201705;Second Class;Central;TEC-AC-10001714;47,820132
201705;Second Class;East;FUR-BO-10001811;-6,200188
201705;Second Class;East;FUR-CH-10001482;-35,3646
201705;Second Class;East;OFF-PA-10001526;8,289708
201705;Second Class;East;OFF-PA-10003848;14,950656
201705;Second Class;South;FUR-FU-10000719;12,18654
201705;Second Class;South;OFF-AP-10000938;219,692088
201705;Second Class;South;OFF-BI-10001267;24,462816
201705;Second Class;South;OFF-LA-10002271;3,193344
201705;Second Class;South;OFF-SU-10004661;3,1382
201705;Second Class;South;TEC-AC-10004859;37,7568
201705;Second Class;South;TEC-PH-10003555;1,8392
201705;Second Class;West;FUR-CH-10002647;40,88448
201705;Second Class;West;FUR-FU-10001185;81,16032
201705;Second Class;West;OFF-AP-10000692;21,56728
201705;Second Class;West;OFF-AR-10000122;1,0881
201705;Second Class;West;OFF-AR-10001315;0,734976
201705;Second Class;West;OFF-AR-10004456;9,934704
201705;Second Class;West;OFF-BI-10002133;-42,4576
201705;Second Class;West;OFF-BI-10004465;-3,3264
201705;Second Class;West;OFF-PA-10001166;9,88848
201705;Second Class;West;OFF-PA-10002333;4,79196
201705;Second Class;West;OFF-ST-10000025;36,187056
201705;Second Class;West;OFF-ST-10000464;18,297664
201705;Second Class;West;OFF-ST-10000563;-16,4697
201705;Second Class;West;TEC-AC-10001465;11,00496
201705;Second Class;West;TEC-AC-10002331;17,984442
201705;Second Class;West;TEC-PH-10002923;2,019654
201705;Standard Class;Central;FUR-BO-10004709;-56,495712
201705;Standard Class;Central;FUR-CH-10000225;-79,68432
201705;Standard Class;Central;FUR-FU-10001473;11,763864
201705;Standard Class;Central;FUR-FU-10001967;-4,89755
201705;Standard Class;Central;FUR-FU-10002191;2,914848
201705;Standard Class;Central;FUR-FU-10002456;5,384288
201705;Standard Class;Central;OFF-AP-10000358;2,780316
201705;Standard Class;Central;OFF-AP-10001469;37,376331
201705;Standard Class;Central;OFF-AP-10001947;-52,78908
201705;Standard Class;Central;OFF-AR-10001615;17,79648
201705;Standard Class;Central;OFF-AR-10003481;0,513648
201705;Standard Class;Central;OFF-AR-10003651;3,13896
201705;Standard Class;Central;OFF-AR-10003732;0,83122
201705;Standard Class;Central;OFF-AR-10004062;6,9168
201705;Standard Class;Central;OFF-BI-10000605;1,13157
201705;Standard Class;Central;OFF-BI-10001922;-1,901394
201705;Standard Class;Central;OFF-BI-10002082;57,408
201705;Standard Class;Central;OFF-BI-10002571;-3,491004
201705;Standard Class;Central;OFF-BI-10002897;-1,31019
201705;Standard Class;Central;OFF-BI-10003007;-54,44712
201705;Standard Class;Central;OFF-BI-10003364;24,082752
201705;Standard Class;Central;OFF-BI-10003694;-6,163776
201705;Standard Class;Central;OFF-BI-10003712;-11,293982
201705;Standard Class;Central;OFF-BI-10004209;-8,04
201705;Standard Class;Central;OFF-FA-10000840;0,455544
201705;Standard Class;Central;OFF-LA-10000973;1,60524
201705;Standard Class;Central;OFF-PA-10000483;7,745
201705;Standard Class;Central;OFF-PA-10001534;4,0824
201705;Standard Class;Central;OFF-PA-10001736;19,520352
201705;Standard Class;Central;OFF-PA-10002036;10,61748
201705;Standard Class;Central;OFF-PA-10002464;5,78289
201705;Standard Class;Central;OFF-PA-10002713;15,0328
201705;Standard Class;Central;OFF-PA-10003016;5,29875
201705;Standard Class;Central;OFF-PA-10003228;161,373654
201705;Standard Class;Central;OFF-PA-10003657;2,461
201705;Standard Class;Central;OFF-ST-10002205;3,97341
201705;Standard Class;Central;OFF-ST-10002301;-12,637242
201705;Standard Class;Central;OFF-ST-10004180;-10,715904
201705;Standard Class;Central;OFF-ST-10004835;0,749952
201705;Standard Class;Central;OFF-SU-10004498;1,81608
201705;Standard Class;Central;TEC-AC-10000844;40,251264
201705;Standard Class;Central;TEC-AC-10002380;0,363693
201705;Standard Class;Central;TEC-AC-10004510;11,68104
201705;Standard Class;Central;TEC-MA-10003176;41,3127
201705;Standard Class;Central;TEC-PH-10001305;19,20408
201705;Standard Class;Central;TEC-PH-10002185;2,67575
201705;Standard Class;Central;TEC-PH-10002834;156,5913
201705;Standard Class;Central;TEC-PH-10003437;50,91821
201705;Standard Class;East;FUR-CH-10001482;-102,03342
201705;Standard Class;East;FUR-FU-10000820;-0,312616
201705;Standard Class;East;FUR-FU-10001918;-0,725109
201705;Standard Class;East;FUR-FU-10003919;-41,347968
201705;Standard Class;East;FUR-FU-10003975;12,73314
201705;Standard Class;East;FUR-FU-10003981;2,122848
201705;Standard Class;East;FUR-FU-10004071;78,63156
201705;Standard Class;East;FUR-FU-10004973;-9,66492
201705;Standard Class;East;OFF-AP-10001154;129,472668
201705;Standard Class;East;OFF-AP-10001564;128,198096
201705;Standard Class;East;OFF-AR-10001988;5,2113
201705;Standard Class;East;OFF-BI-10000632;16,174566
201705;Standard Class;East;OFF-BI-10002824;9,80244
201705;Standard Class;East;OFF-BI-10004632;374,680215
201705;Standard Class;East;OFF-EN-10003296;74,10312
201705;Standard Class;East;OFF-FA-10004395;1,142175
201705;Standard Class;East;OFF-PA-10000659;50,03712
201705;Standard Class;East;OFF-PA-10001752;6,808158
201705;Standard Class;East;OFF-PA-10004082;3,3117
201705;Standard Class;East;OFF-ST-10000078;98,325036
201705;Standard Class;East;OFF-ST-10002182;-8,234838
201705;Standard Class;East;OFF-ST-10002214;4,99018
201705;Standard Class;East;TEC-AC-10000521;5,12376
201705;Standard Class;East;TEC-AC-10000736;33,403824
201705;Standard Class;East;TEC-AC-10001606;132,226776
201705;Standard Class;East;TEC-AC-10002323;-2,7846
201705;Standard Class;East;TEC-AC-10002331;20,80695
201705;Standard Class;East;TEC-PH-10001619;16,757145
201705;Standard Class;East;TEC-PH-10002310;188,914761
201705;Standard Class;East;TEC-PH-10002834;160,641075
201705;Standard Class;East;TEC-PH-10003012;79,489638
201705;Standard Class;South;FUR-BO-10001601;-104,888784
201705;Standard Class;South;FUR-CH-10003535;-27,825174
201705;Standard Class;South;FUR-CH-10004540;-2,077368
201705;Standard Class;South;FUR-TA-10001520;-7,92207
201705;Standard Class;South;OFF-AP-10004868;2,202795
201705;Standard Class;South;OFF-AR-10003504;1,1556
201705;Standard Class;South;OFF-AR-10003651;6,924736
201705;Standard Class;South;OFF-AR-10004752;0,563904
201705;Standard Class;South;OFF-BI-10001787;14,997528
201705;Standard Class;South;OFF-BI-10001900;4,593132
201705;Standard Class;South;OFF-BI-10002827;-22,5624
201705;Standard Class;South;OFF-BI-10003910;-1,676925
201705;Standard Class;South;OFF-BI-10004965;17,388
201705;Standard Class;South;OFF-EN-10003448;12,738
201705;Standard Class;South;OFF-EN-10004955;24,812424
201705;Standard Class;South;OFF-LA-10000240;27,760456
201705;Standard Class;South;OFF-PA-10000726;4,222485
201705;Standard Class;South;OFF-PA-10001166;10,326528
201705;Standard Class;South;OFF-PA-10004733;12,678336
201705;Standard Class;South;OFF-PA-10004911;20,71104
201705;Standard Class;South;OFF-PA-10004983;17,1072
201705;Standard Class;South;OFF-ST-10001291;3,332961
201705;Standard Class;South;OFF-ST-10001932;-48,09933
201705;Standard Class;South;OFF-ST-10003306;127,602552
201705;Standard Class;South;OFF-SU-10000157;4,151988
201705;Standard Class;South;TEC-AC-10004659;90,43461
201705;Standard Class;South;TEC-CO-10001046;1039,48515
201705;Standard Class;West;FUR-BO-10004695;269,732592
201705;Standard Class;West;FUR-CH-10000513;-57,871548
201705;Standard Class;West;FUR-CH-10000595;121,584
201705;Standard Class;West;FUR-CH-10002017;9,611712
201705;Standard Class;West;FUR-CH-10002024;0
201705;Standard Class;West;FUR-CH-10004086;448,38901
201705;Standard Class;West;FUR-CH-10004287;24,60942
201705;Standard Class;West;FUR-FU-10000076;14,777208
201705;Standard Class;West;FUR-FU-10003664;135,64866
201705;Standard Class;West;FUR-FU-10004245;7,811856
201705;Standard Class;West;FUR-TA-10001520;-7,579494
201705;Standard Class;West;FUR-TA-10001889;-407,750652
201705;Standard Class;West;FUR-TA-10003473;12,750807
201705;Standard Class;West;FUR-TA-10003748;-133,32879
201705;Standard Class;West;OFF-AP-10000358;20,32668
201705;Standard Class;West;OFF-AP-10001563;45,237696
201705;Standard Class;West;OFF-AR-10003405;12,01122
201705;Standard Class;West;OFF-BI-10002133;-49,8834
201705;Standard Class;West;OFF-BI-10003274;-2,49546
201705;Standard Class;West;OFF-BI-10003684;-17,06424
201705;Standard Class;West;OFF-BI-10004040;3,394972
201705;Standard Class;West;OFF-FA-10002280;2,576
201705;Standard Class;West;OFF-LA-10000443;2,231712
201705;Standard Class;West;OFF-LA-10004178;4,681768
201705;Standard Class;West;OFF-PA-10000100;101,228904
201705;Standard Class;West;OFF-PA-10000520;6,780672
201705;Standard Class;West;OFF-PA-10002250;8,537328
201705;Standard Class;West;OFF-PA-10002254;32,099184
201705;Standard Class;West;OFF-SU-10000381;1,835001
201705;Standard Class;West;OFF-SU-10001212;0,46592
201705;Standard Class;West;TEC-AC-10000387;-0,738984
201705;Standard Class;West;TEC-AC-10001990;22,172304
201705;Standard Class;West;TEC-AC-10003441;3,82392
201705;Standard Class;West;TEC-PH-10001536;3,46596
201705;Standard Class;West;TEC-PH-10003092;17,591175
201705;Standard Class;West;TEC-PH-10003811;7,775352
201705;Standard Class;West;TEC-PH-10004094;57,56031
201705;Standard Class;West;TEC-PH-10004389;94,341312
201706;First Class;Central;FUR-BO-10002598;153,763974
201706;First Class;Central;FUR-FU-10003976;7,27124
201706;First Class;Central;OFF-BI-10000546;-2,535552
201706;First Class;Central;OFF-BI-10001294;-16,7076
201706;First Class;Central;OFF-PA-10001892;3,589272
201706;First Class;Central;OFF-SU-10002537;7,021872
201706;First Class;East;FUR-BO-10004834;119,81328
201706;First Class;East;FUR-CH-10004289;-101,316488
201706;First Class;East;OFF-AR-10000255;3,0368
201706;First Class;East;OFF-AR-10003158;6,062336
201706;First Class;East;OFF-BI-10003091;266,08824
201706;First Class;East;OFF-PA-10001622;1,65483
201706;First Class;East;OFF-ST-10002974;41,56578
201706;First Class;East;OFF-ST-10004804;-42,254784
201706;First Class;East;TEC-AC-10001284;17,496648
201706;First Class;East;TEC-PH-10000307;-3,92448
201706;First Class;East;TEC-PH-10002564;5,03832
201706;First Class;East;TEC-PH-10002660;104,7046
201706;First Class;South;OFF-AR-10002375;5,2316
201706;First Class;South;OFF-EN-10004483;12,819627
201706;First Class;West;FUR-BO-10000780;-85,858656
201706;First Class;West;FUR-BO-10001337;-28,12785
201706;First Class;West;FUR-CH-10000015;95,5206
201706;First Class;West;FUR-CH-10001394;41,06583
201706;First Class;West;FUR-TA-10002855;-28,843614
201706;First Class;West;OFF-AP-10000240;-43,094184
201706;First Class;West;OFF-AP-10004532;16,422912
201706;First Class;West;OFF-AR-10001955;2,1824
201706;First Class;West;OFF-AR-10002956;7,85757
201706;First Class;West;OFF-BI-10001721;18,85716
201706;First Class;West;OFF-BI-10003429;-2,206638
201706;First Class;West;OFF-LA-10002312;16,428
201706;First Class;West;OFF-LA-10003923;13,468
201706;First Class;West;OFF-PA-10000682;11,465208
201706;First Class;West;OFF-PA-10001776;7,755282
201706;First Class;West;OFF-PA-10003022;7,120386
201706;First Class;West;OFF-ST-10001291;24,426495
201706;First Class;West;OFF-ST-10001418;-32,270616
201706;First Class;West;OFF-ST-10001496;46,48902
201706;First Class;West;OFF-ST-10001809;-48,993282
201706;First Class;West;OFF-ST-10002370;7,084368
201706;First Class;West;OFF-ST-10004835;0,324756
201706;First Class;West;TEC-PH-10001619;49,742262
201706;First Class;West;TEC-PH-10001700;-32,255912
201706;First Class;West;TEC-PH-10001924;20,472075
201706;Same Day;East;FUR-TA-10000577;-239,742585
201706;Same Day;East;OFF-PA-10000380;10,5084
201706;Same Day;South;OFF-PA-10004733;10,749024
201706;Same Day;West;OFF-BI-10002353;57,2824
201706;Same Day;West;OFF-BI-10004141;4,783356
201706;Same Day;West;OFF-PA-10000357;60,2553
201706;Second Class;Central;FUR-BO-10003966;4,565166
201706;Second Class;Central;FUR-FU-10004848;37,26
201706;Second Class;Central;OFF-FA-10004395;0,501615
201706;Second Class;Central;OFF-PA-10000474;33,299424
201706;Second Class;Central;OFF-ST-10003722;3,417708
201706;Second Class;Central;OFF-SU-10004231;2,09979
201706;Second Class;Central;TEC-PH-10004042;21,177468
201706;Second Class;East;FUR-BO-10002213;-5,911564
201706;Second Class;East;FUR-FU-10002501;-13,431264
201706;Second Class;East;OFF-AR-10001231;2,8812
201706;Second Class;East;OFF-FA-10001332;1,394208
201706;Second Class;East;OFF-PA-10001639;8,957952
201706;Second Class;East;OFF-ST-10001780;270,558864
201706;Second Class;East;TEC-PH-10002564;6,92769
201706;Second Class;South;FUR-CH-10000665;87,87036
201706;Second Class;South;FUR-CH-10000785;-39,526032
201706;Second Class;South;FUR-FU-10001290;42,84096
201706;Second Class;South;FUR-FU-10004415;2,16832
201706;Second Class;South;FUR-FU-10004909;6,32664
201706;Second Class;South;FUR-TA-10000688;170,3587
201706;Second Class;South;OFF-AP-10003884;36,926904
201706;Second Class;South;OFF-AR-10001427;1,63254
201706;Second Class;South;OFF-BI-10001510;-38,1618
201706;Second Class;South;OFF-EN-10001141;12,57759
201706;Second Class;South;OFF-PA-10002479;5,94
201706;Second Class;South;OFF-PA-10003848;10,917504
201706;Second Class;South;TEC-AC-10001553;1,804338
201706;Second Class;South;TEC-AC-10001606;123,107688
201706;Second Class;South;TEC-AC-10003832;251,953965
201706;Second Class;South;TEC-PH-10001557;54,42633
201706;Second Class;South;TEC-PH-10002085;19,216288
201706;Second Class;West;FUR-BO-10001519;48,977136
201706;Second Class;West;FUR-CH-10000229;-207,462288
201706;Second Class;West;FUR-CH-10001891;35,570188
201706;Second Class;West;FUR-CH-10003746;452,966976
201706;Second Class;West;FUR-FU-10002364;-6,245694
201706;Second Class;West;FUR-FU-10003601;35,360982
201706;Second Class;West;FUR-FU-10003799;-7,21868
201706;Second Class;West;OFF-AP-10002287;1,02258
201706;Second Class;West;OFF-AP-10002945;595,287
201706;Second Class;West;OFF-BI-10001759;7,093458
201706;Second Class;West;OFF-BI-10002072;7,821
201706;Second Class;West;OFF-PA-10000167;23,235
201706;Second Class;West;OFF-PA-10004243;16,207968
201706;Second Class;West;OFF-ST-10004804;0,97812
201706;Second Class;West;TEC-AC-10001714;12,397812
201706;Second Class;West;TEC-AC-10004568;17,071101
201706;Second Class;West;TEC-MA-10001570;113,280525
201706;Second Class;West;TEC-PH-10001809;7,722425
201706;Second Class;West;TEC-PH-10002584;101,41038
201706;Standard Class;Central;FUR-BO-10002824;0
201706;Standard Class;Central;FUR-CH-10000454;117,1104
201706;Standard Class;Central;FUR-CH-10001545;-16,276344
201706;Standard Class;Central;FUR-FU-10000293;27,79656
201706;Standard Class;Central;OFF-AP-10000576;85,2909
201706;Standard Class;Central;OFF-AP-10002203;-3,75144
201706;Standard Class;Central;OFF-AP-10002287;1,798692
201706;Standard Class;Central;OFF-AP-10003622;0,41535
201706;Standard Class;Central;OFF-AR-10001868;4,326
201706;Standard Class;Central;OFF-AR-10002135;123,0064
201706;Standard Class;Central;OFF-AR-10002255;2,731104
201706;Standard Class;Central;OFF-AR-10002399;1,22262
201706;Standard Class;Central;OFF-AR-10003514;12,175218
201706;Standard Class;Central;OFF-AR-10004260;59,068128
201706;Standard Class;Central;OFF-BI-10000145;3,36336
201706;Standard Class;Central;OFF-BI-10000632;120,879486
201706;Standard Class;Central;OFF-BI-10002432;-3,596142
201706;Standard Class;Central;OFF-BI-10002735;51,763497
201706;Standard Class;Central;OFF-BI-10002852;32,3008
201706;Standard Class;Central;OFF-BI-10003166;-7,349496
201706;Standard Class;Central;OFF-BI-10003982;-16,71985
201706;Standard Class;Central;OFF-BI-10004632;-310,632315
201706;Standard Class;Central;OFF-BI-10004654;6,7509
201706;Standard Class;Central;OFF-LA-10004689;3,74544
201706;Standard Class;Central;OFF-PA-10000249;18,930848
201706;Standard Class;Central;OFF-PA-10000327;2,2791
201706;Standard Class;Central;OFF-PA-10000575;7,293438
201706;Standard Class;Central;OFF-PA-10000675;70,29785
201706;Standard Class;Central;OFF-PA-10000743;3,516352
201706;Standard Class;Central;OFF-PA-10000809;5,497632
201706;Standard Class;Central;OFF-PA-10001534;13,84128
201706;Standard Class;Central;OFF-PA-10001970;175,55328
201706;Standard Class;Central;OFF-PA-10002787;5,588352
201706;Standard Class;Central;OFF-PA-10003953;1,886976
201706;Standard Class;Central;OFF-ST-10004835;0,776736
201706;Standard Class;Central;TEC-AC-10002942;-4,761
201706;Standard Class;Central;TEC-AC-10003832;40,371474
201706;Standard Class;Central;TEC-AC-10004469;16,68312
201706;Standard Class;Central;TEC-PH-10000441;57,9554
201706;Standard Class;Central;TEC-PH-10000673;71,333024
201706;Standard Class;Central;TEC-PH-10001760;37,611
201706;Standard Class;Central;TEC-PH-10003691;133,5494
201706;Standard Class;East;FUR-BO-10004015;80,129322
201706;Standard Class;East;FUR-CH-10000595;121,584
201706;Standard Class;East;FUR-CH-10002647;26,19162
201706;Standard Class;East;FUR-FU-10002045;7,238088
201706;Standard Class;East;FUR-FU-10002759;-15,10488
201706;Standard Class;East;FUR-FU-10004351;9,3504
201706;Standard Class;East;FUR-TA-10000688;-63,26364
201706;Standard Class;East;FUR-TA-10004152;-27,09504
201706;Standard Class;East;OFF-AP-10004249;4,759272
201706;Standard Class;East;OFF-AR-10001954;1,523235
201706;Standard Class;East;OFF-AR-10003829;0,549072
201706;Standard Class;East;OFF-AR-10004691;14,341704
201706;Standard Class;East;OFF-BI-10000756;-9,88344
201706;Standard Class;East;OFF-BI-10000778;-38,7136
201706;Standard Class;East;OFF-BI-10000848;3,498612
201706;Standard Class;East;OFF-BI-10001098;13,392432
201706;Standard Class;East;OFF-BI-10002049;1,118832
201706;Standard Class;East;OFF-BI-10003676;18,88656
201706;Standard Class;East;OFF-BI-10004040;5,127164
201706;Standard Class;East;OFF-LA-10003223;3,60885
201706;Standard Class;East;OFF-PA-10000312;34,44272
201706;Standard Class;East;OFF-PA-10000697;7,090496
201706;Standard Class;East;OFF-PA-10001246;9,704448
201706;Standard Class;East;OFF-PA-10001593;6,24312
201706;Standard Class;East;OFF-PA-10001639;11,104128
201706;Standard Class;East;OFF-PA-10001815;78,40128
201706;Standard Class;East;OFF-PA-10002036;17,527104
201706;Standard Class;East;OFF-PA-10002377;11,0192
201706;Standard Class;East;OFF-PA-10002666;7,40655
201706;Standard Class;East;OFF-PA-10003892;51,952202
201706;Standard Class;East;OFF-ST-10001476;47,650869
201706;Standard Class;East;OFF-ST-10001490;13,20678
201706;Standard Class;East;OFF-ST-10002485;-7,09954
201706;Standard Class;East;OFF-ST-10003656;-37,53209
201706;Standard Class;East;OFF-ST-10004507;2,54506
201706;Standard Class;East;OFF-ST-10004963;3,924288
201706;Standard Class;East;OFF-SU-10001165;3,989856
201706;Standard Class;East;OFF-SU-10002557;0,947844
201706;Standard Class;East;TEC-AC-10000927;12,74575
201706;Standard Class;East;TEC-AC-10001101;10,10576
201706;Standard Class;East;TEC-AC-10002006;12,189177
201706;Standard Class;East;TEC-AC-10002402;67,67154
201706;Standard Class;East;TEC-AC-10003038;6,802
201706;Standard Class;East;TEC-AC-10004975;399,1185
201706;Standard Class;East;TEC-AC-10004992;6,972192
201706;Standard Class;East;TEC-MA-10003673;1718,25115
201706;Standard Class;East;TEC-PH-10000347;-0,72072
201706;Standard Class;East;TEC-PH-10000560;156,79552
201706;Standard Class;East;TEC-PH-10001051;31,316868
201706;Standard Class;East;TEC-PH-10001425;71,895012
201706;Standard Class;South;FUR-FU-10002960;7,930384
201706;Standard Class;South;FUR-TA-10002530;62,50572
201706;Standard Class;South;OFF-AR-10002257;0,720104
201706;Standard Class;South;OFF-AR-10003602;3,453192
201706;Standard Class;South;OFF-BI-10000309;-14,343328
201706;Standard Class;South;OFF-BI-10000977;31,04448
201706;Standard Class;South;OFF-BI-10002432;-5,710716
201706;Standard Class;South;OFF-FA-10004395;-1,632015
201706;Standard Class;South;OFF-LA-10003923;21,0456
201706;Standard Class;South;OFF-PA-10002870;5,84064
201706;Standard Class;South;OFF-ST-10002615;234,233636
201706;Standard Class;South;OFF-ST-10002756;-62,472627
201706;Standard Class;South;OFF-ST-10003805;94,3264
201706;Standard Class;South;OFF-ST-10004123;0
201706;Standard Class;West;FUR-BO-10000468;-3,070256
201706;Standard Class;West;FUR-CH-10000847;58,137804
201706;Standard Class;West;FUR-CH-10003774;-28,786072
201706;Standard Class;West;FUR-FU-10001546;1,07868
201706;Standard Class;West;FUR-FU-10001591;5,368
201706;Standard Class;West;FUR-FU-10001967;1,71914
201706;Standard Class;West;FUR-FU-10002396;24,727248
201706;Standard Class;West;FUR-FU-10004164;2,11266
201706;Standard Class;West;FUR-TA-10000688;-68,818815
201706;Standard Class;West;FUR-TA-10001932;-120,047616
201706;Standard Class;West;OFF-AP-10002906;-0,777
201706;Standard Class;West;OFF-AP-10004655;-4,269904
201706;Standard Class;West;OFF-AR-10001919;0,828704
201706;Standard Class;West;OFF-AR-10004344;23,826528
201706;Standard Class;West;OFF-BI-10001071;40,077072
201706;Standard Class;West;OFF-BI-10001525;-4,4196
201706;Standard Class;West;OFF-BI-10002557;-8,5995
201706;Standard Class;West;OFF-BI-10003166;-8,706432
201706;Standard Class;West;OFF-BI-10004492;18,417456
201706;Standard Class;West;OFF-BI-10004728;3,082872
201706;Standard Class;West;OFF-LA-10004689;6,139516
201706;Standard Class;West;OFF-PA-10000740;39,906048
201706;Standard Class;West;OFF-PA-10003790;25,21536
201706;Standard Class;West;OFF-PA-10004156;18,447912
201706;Standard Class;West;OFF-PA-10004438;9,349992
201706;Standard Class;West;OFF-ST-10001228;4,40135
201706;Standard Class;West;OFF-ST-10001490;220,58892
201706;Standard Class;West;OFF-ST-10001511;5,36595
201706;Standard Class;West;OFF-ST-10002486;1,859472
201706;Standard Class;West;OFF-ST-10002957;0
201706;Standard Class;West;OFF-SU-10002503;9,71848
201706;Standard Class;West;TEC-AC-10001990;65,437092
201706;Standard Class;West;TEC-MA-10003173;38,716452
201706;Standard Class;West;TEC-PH-10001819;26,45412
201706;Standard Class;West;TEC-PH-10002293;3,406296
201706;Standard Class;West;TEC-PH-10002923;8,078616
201706;Standard Class;West;TEC-PH-10003505;19,71072
201707;First Class;Central;OFF-AP-10000055;-154,9296
201707;First Class;Central;OFF-AR-10001130;3,550365
201707;First Class;Central;TEC-AC-10000736;167,01912
201707;First Class;East;FUR-FU-10003142;8,478624
201707;First Class;East;OFF-BI-10003429;6,002739
201707;First Class;East;OFF-PA-10002689;20,715264
201707;First Class;East;OFF-ST-10003442;14,354928
201707;First Class;South;FUR-BO-10001519;-40,81428
201707;First Class;South;FUR-FU-10004188;28,72584
201707;First Class;South;FUR-TA-10004767;-4,04586
201707;First Class;South;OFF-AR-10003514;1,722942
201707;First Class;South;OFF-BI-10001071;-53,205768
201707;First Class;South;OFF-PA-10004100;4,0824
201707;First Class;South;OFF-ST-10004835;1,124928
201707;First Class;South;TEC-AC-10002018;4,581945
201707;First Class;South;TEC-AC-10003033;99,51292
201707;First Class;South;TEC-PH-10001363;-119,6979
201707;First Class;West;FUR-FU-10001588;63,99174
201707;First Class;West;FUR-TA-10004575;138,273696
201707;First Class;West;OFF-AP-10002191;45,34488
201707;First Class;West;OFF-BI-10001787;-8,190696
201707;First Class;West;OFF-LA-10002762;41,694828
201707;First Class;West;OFF-PA-10000357;45,765335
201707;First Class;West;OFF-PA-10003177;5,660928
201707;First Class;West;TEC-PH-10002293;17,239376
201707;Same Day;Central;FUR-CH-10000155;17,943
201707;Same Day;East;TEC-AC-10002049;698,07408
201707;Same Day;East;TEC-AC-10003628;30,877704
201707;Same Day;East;TEC-MA-10001148;238,9212
201707;Same Day;East;TEC-PH-10000702;2,886111
201707;Same Day;East;TEC-PH-10003092;3,269889
201707;Same Day;West;OFF-AR-10001044;8,592294
201707;Same Day;West;TEC-CO-10001449;848,38586
201707;Same Day;West;TEC-PH-10004071;5,286708
201707;Second Class;Central;FUR-FU-10000732;2,170368
201707;Second Class;Central;FUR-TA-10001771;-32,56818
201707;Second Class;Central;OFF-AP-10002082;5,68458
201707;Second Class;Central;OFF-AR-10002833;0,30576
201707;Second Class;Central;OFF-PA-10001878;70,254324
201707;Second Class;Central;OFF-PA-10004100;6,386688
201707;Second Class;Central;OFF-ST-10000060;-31,1904
201707;Second Class;Central;OFF-SU-10004884;4,629339
201707;Second Class;Central;TEC-AC-10002323;16,54848
201707;Second Class;Central;TEC-MA-10003674;42,79446
201707;Second Class;Central;TEC-PH-10003442;1,2375
201707;Second Class;East;FUR-CH-10002774;-1,101168
201707;Second Class;East;FUR-FU-10001602;-2,412348
201707;Second Class;East;FUR-FU-10001940;7,565184
201707;Second Class;East;OFF-AR-10003602;4,226992
201707;Second Class;East;OFF-PA-10002787;5,225472
201707;Second Class;East;OFF-PA-10003883;11,69044
201707;Second Class;East;TEC-AC-10000991;27,95905
201707;Second Class;East;TEC-AC-10002550;12,74805
201707;Second Class;East;TEC-AC-10004353;102,564
201707;Second Class;South;FUR-BO-10002613;193,8762
201707;Second Class;South;FUR-FU-10000771;8,30844
201707;Second Class;South;FUR-FU-10002501;22,24008
201707;Second Class;South;OFF-BI-10001634;7,030296
201707;Second Class;South;OFF-EN-10002592;28,371
201707;Second Class;South;OFF-PA-10004609;17,72928
201707;Second Class;South;OFF-ST-10002957;0
201707;Second Class;South;TEC-PH-10003885;-6,968544
201707;Second Class;West;FUR-CH-10001146;14,49182
201707;Second Class;West;FUR-CH-10002084;73,498824
201707;Second Class;West;FUR-TA-10002041;-82,150678
201707;Second Class;West;OFF-AR-10001177;1,71216
201707;Second Class;West;OFF-AR-10002656;25,58106
201707;Second Class;West;OFF-AR-10003469;1,706496
201707;Second Class;West;OFF-BI-10001890;-4,994816
201707;Second Class;West;OFF-BI-10004224;-181,3196
201707;Second Class;West;OFF-LA-10000634;3,097548
201707;Second Class;West;OFF-LA-10002787;10,584
201707;Second Class;West;OFF-PA-10000174;10,991376
201707;Second Class;West;OFF-PA-10002246;10,77408
201707;Second Class;West;OFF-PA-10004519;3,907456
201707;Second Class;West;OFF-ST-10000585;92,77632
201707;Second Class;West;TEC-AC-10004708;7,56714
201707;Second Class;West;TEC-PH-10002549;112,207248
201707;Standard Class;Central;FUR-CH-10003833;20,58075
201707;Standard Class;Central;FUR-CH-10004626;73,367208
201707;Standard Class;Central;FUR-FU-10001057;10,206894
201707;Standard Class;Central;FUR-FU-10001475;-5,657652
201707;Standard Class;Central;FUR-FU-10003142;3,977424
201707;Standard Class;Central;FUR-FU-10003247;5,8744
201707;Standard Class;Central;FUR-FU-10003708;111,189645
201707;Standard Class;Central;FUR-FU-10004018;3,377052
201707;Standard Class;Central;FUR-FU-10004848;14,748792
201707;Standard Class;Central;OFF-AP-10002118;130,391424
201707;Standard Class;Central;OFF-AP-10002311;49,047768
201707;Standard Class;Central;OFF-AP-10002472;42,55524
201707;Standard Class;Central;OFF-AR-10001419;9,71376
201707;Standard Class;Central;OFF-AR-10003560;4,403136
201707;Standard Class;Central;OFF-AR-10004010;35,47986
201707;Standard Class;Central;OFF-AR-10004757;4,286304
201707;Standard Class;Central;OFF-BI-10000404;17,3806
201707;Standard Class;Central;OFF-BI-10001116;-3,615744
201707;Standard Class;Central;OFF-BI-10001543;28,115388
201707;Standard Class;Central;OFF-BI-10001670;-23,5248
201707;Standard Class;Central;OFF-BI-10002072;29,1984
201707;Standard Class;Central;OFF-BI-10002897;6,365982
201707;Standard Class;Central;OFF-BI-10003460;7,064064
201707;Standard Class;Central;OFF-BI-10003656;312,7816
201707;Standard Class;Central;OFF-BI-10004828;11,647692
201707;Standard Class;Central;OFF-FA-10003059;0,536484
201707;Standard Class;Central;OFF-LA-10004093;7,21497
201707;Standard Class;Central;OFF-LA-10004178;0,837564
201707;Standard Class;Central;OFF-PA-10003256;6,314688
201707;Standard Class;Central;OFF-PA-10004353;48,43152
201707;Standard Class;Central;OFF-ST-10000136;29,26287
201707;Standard Class;Central;OFF-ST-10002974;8,714
201707;Standard Class;Central;TEC-AC-10002167;-2,106
201707;Standard Class;Central;TEC-AC-10002473;50,03394
201707;Standard Class;Central;TEC-AC-10003095;145,84878
201707;Standard Class;Central;TEC-AC-10003590;6,130752
201707;Standard Class;Central;TEC-PH-10002496;15,13103
201707;Standard Class;Central;TEC-PH-10002660;126,4614
201707;Standard Class;Central;TEC-PH-10003012;124,593309
201707;Standard Class;Central;TEC-PH-10003589;41,0172
201707;Standard Class;Central;TEC-PH-10004522;-53,69382
201707;Standard Class;Central;TEC-PH-10004536;60,7455
201707;Standard Class;East;FUR-CH-10000513;-46,328436
201707;Standard Class;East;FUR-CH-10000665;34,87638
201707;Standard Class;East;FUR-CH-10001146;-10,030419
201707;Standard Class;East;FUR-CH-10002647;-13,34424
201707;Standard Class;East;FUR-CH-10004218;11,71368
201707;Standard Class;East;FUR-FU-10001215;38,04066
201707;Standard Class;East;FUR-FU-10003601;-313,76646
201707;Standard Class;East;FUR-TA-10001676;-19,19376
201707;Standard Class;East;FUR-TA-10001932;-336,672
201707;Standard Class;East;FUR-TA-10004607;-42,441993
201707;Standard Class;East;OFF-AR-10000380;13,97664
201707;Standard Class;East;OFF-AR-10001374;4,810752
201707;Standard Class;East;OFF-AR-10003759;0,6552
201707;Standard Class;East;OFF-AR-10004027;3,25458
201707;Standard Class;East;OFF-BI-10000343;-1,942396
201707;Standard Class;East;OFF-BI-10000848;4,05327
201707;Standard Class;East;OFF-BI-10002012;-0,93456
201707;Standard Class;East;OFF-BI-10002412;4,6545
201707;Standard Class;East;OFF-BI-10003350;-6,614784
201707;Standard Class;East;OFF-BI-10003429;-16,601058
201707;Standard Class;East;OFF-BI-10004094;9,496935
201707;Standard Class;East;OFF-BI-10004492;-7,81605
201707;Standard Class;East;OFF-LA-10001158;14,70528
201707;Standard Class;East;OFF-LA-10003663;11,029396
201707;Standard Class;East;OFF-PA-10000232;4,284576
201707;Standard Class;East;OFF-PA-10000246;3,766464
201707;Standard Class;East;OFF-PA-10000249;12,582088
201707;Standard Class;East;OFF-PA-10002195;7,89264
201707;Standard Class;East;OFF-PA-10002749;5,354676
201707;Standard Class;East;OFF-PA-10003127;19,901072
201707;Standard Class;East;OFF-PA-10003673;5,239584
201707;Standard Class;East;OFF-ST-10001496;95,572776
201707;Standard Class;East;OFF-ST-10003692;10,158325
201707;Standard Class;East;OFF-SU-10004768;0,98728
201707;Standard Class;East;TEC-AC-10003870;646,7804
201707;Standard Class;East;TEC-CO-10001943;71,39643
201707;Standard Class;East;TEC-CO-10004202;68,39772
201707;Standard Class;East;TEC-PH-10000702;15,212772
201707;Standard Class;South;FUR-BO-10003441;54,347436
201707;Standard Class;South;FUR-CH-10000988;21,853712
201707;Standard Class;South;FUR-CH-10004218;17,57052
201707;Standard Class;South;FUR-FU-10000293;33,48222
201707;Standard Class;South;FUR-FU-10002554;6,400532
201707;Standard Class;South;FUR-FU-10002597;1,695408
201707;Standard Class;South;FUR-FU-10003274;3,94944
201707;Standard Class;South;OFF-AP-10002287;3,953976
201707;Standard Class;South;OFF-AR-10003727;26,60634
201707;Standard Class;South;OFF-AR-10003829;5,535984
201707;Standard Class;South;OFF-BI-10001524;19,561752
201707;Standard Class;South;OFF-BI-10003355;5,665248
201707;Standard Class;South;OFF-BI-10004600;271,57662
201707;Standard Class;South;OFF-PA-10000791;1,21635
201707;Standard Class;South;OFF-PA-10003205;7,833396
201707;Standard Class;South;OFF-PA-10003790;15,499224
201707;Standard Class;South;OFF-ST-10002485;1,046248
201707;Standard Class;South;OFF-SU-10003505;8,45778
201707;Standard Class;South;TEC-PH-10001557;55,203849
201707;Standard Class;South;TEC-PH-10002660;65,9503
201707;Standard Class;South;TEC-PH-10002726;56,05932
201707;Standard Class;West;FUR-BO-10004709;24,23564
201707;Standard Class;West;FUR-CH-10002780;24,20068
201707;Standard Class;West;FUR-CH-10004997;-79,70352
201707;Standard Class;West;FUR-FU-10000747;26,57644
201707;Standard Class;West;FUR-FU-10002937;188,537
201707;Standard Class;West;FUR-FU-10002960;9,337104
201707;Standard Class;West;FUR-FU-10003601;40,341402
201707;Standard Class;West;OFF-AP-10003040;44,58012
201707;Standard Class;West;OFF-AP-10003278;11,223498
201707;Standard Class;West;OFF-AR-10001166;9,105096
201707;Standard Class;West;OFF-AR-10002987;42,461568
201707;Standard Class;West;OFF-AR-10004042;18,145416
201707;Standard Class;West;OFF-AR-10004757;2,36652
201707;Standard Class;West;OFF-BI-10000145;2,967744
201707;Standard Class;West;OFF-BI-10001107;8,99208
201707;Standard Class;West;OFF-BI-10003656;90,706664
201707;Standard Class;West;OFF-BI-10003708;8,38125
201707;Standard Class;West;OFF-BI-10004022;1,315496
201707;Standard Class;West;OFF-FA-10000490;2,750816
201707;Standard Class;West;OFF-FA-10001135;0,13662
201707;Standard Class;West;OFF-LA-10003930;350,691432
201707;Standard Class;West;OFF-LA-10004272;4,726884
201707;Standard Class;West;OFF-PA-10000605;2,413728
201707;Standard Class;West;OFF-PA-10000743;7,567104
201707;Standard Class;West;OFF-PA-10001497;161,5824
201707;Standard Class;West;OFF-PA-10001934;3,778488
201707;Standard Class;West;OFF-PA-10001970;12,12036
201707;Standard Class;West;OFF-PA-10003441;11,943936
201707;Standard Class;West;OFF-PA-10003641;23,045568
201707;Standard Class;West;OFF-ST-10001128;9,721848
201707;Standard Class;West;OFF-ST-10001580;3,439408
201707;Standard Class;West;OFF-ST-10001837;19,216344
201707;Standard Class;West;OFF-ST-10002554;3,13024
201707;Standard Class;West;OFF-ST-10003455;4,69953
201707;Standard Class;West;OFF-ST-10004340;19,5867
201707;Standard Class;West;TEC-AC-10000991;18,156936
201707;Standard Class;West;TEC-AC-10003027;11,7741
201707;Standard Class;West;TEC-AC-10003063;9,66
201707;Standard Class;West;TEC-AC-10003590;91,33992
201707;Standard Class;West;TEC-AC-10003832;198,138555
201707;Standard Class;West;TEC-PH-10000004;5,12658
201707;Standard Class;West;TEC-PH-10000560;-366,649524
201707;Standard Class;West;TEC-PH-10001079;-51,974832
201707;Standard Class;West;TEC-PH-10001336;68,829064
201707;Standard Class;West;TEC-PH-10001817;103,2472
201707;Standard Class;West;TEC-PH-10004977;56,092338
201708;First Class;Central;FUR-TA-10001768;3,071367
201708;First Class;Central;OFF-AR-10004582;3,0135
201708;First Class;Central;OFF-BI-10004209;-25,66368
201708;First Class;Central;OFF-PA-10001776;7,708932
201708;First Class;Central;TEC-PH-10001557;12,497898
201708;First Class;East;FUR-BO-10003034;-30,806496
201708;First Class;East;FUR-CH-10003981;95,699352
201708;First Class;East;OFF-AR-10003338;0,41664
201708;First Class;East;OFF-BI-10002012;-3,99168
201708;First Class;East;OFF-BI-10003091;229,80348
201708;First Class;East;OFF-BI-10003910;12,4902
201708;First Class;East;OFF-EN-10001141;3,757356
201708;First Class;East;OFF-EN-10004030;1,065366
201708;First Class;East;OFF-LA-10004484;6,01328
201708;First Class;East;OFF-LA-10004544;15,096
201708;First Class;East;OFF-PA-10001752;2,397372
201708;First Class;East;OFF-ST-10001172;8,761248
201708;First Class;East;OFF-ST-10002352;11,784864
201708;First Class;East;OFF-ST-10002790;-28,37317
201708;First Class;East;OFF-ST-10004507;2,59308
201708;First Class;East;TEC-AC-10001552;-12,497247
201708;First Class;East;TEC-PH-10000455;77,701701
201708;First Class;South;OFF-PA-10002713;5,886528
201708;First Class;South;OFF-ST-10000344;15,224248
201708;First Class;South;TEC-PH-10002660;19,207175
201708;First Class;West;FUR-FU-10000193;8,31488
201708;First Class;West;FUR-FU-10001473;18,980352
201708;First Class;West;FUR-TA-10001539;20,758572
201708;First Class;West;FUR-TA-10002356;-62,9064
201708;First Class;West;OFF-AP-10000828;173,306448
201708;First Class;West;OFF-AP-10002867;60,994944
201708;First Class;West;OFF-AR-10000203;5,46128
201708;First Class;West;OFF-BI-10000962;38,21823
201708;First Class;West;OFF-LA-10001158;23,1012
201708;First Class;West;OFF-ST-10003996;1,73448
201708;First Class;West;TEC-PH-10003931;5,15914
201708;First Class;West;TEC-PH-10004667;30,993704
201708;Same Day;Central;FUR-CH-10002331;388,73016
201708;Same Day;Central;OFF-AR-10001953;47,4984
201708;Same Day;Central;OFF-AR-10004078;5,62392
201708;Same Day;Central;OFF-BI-10002824;-12,5328
201708;Same Day;Central;OFF-ST-10004950;-0,872768
201708;Same Day;West;OFF-AP-10004249;22,6233
201708;Same Day;West;OFF-AR-10000588;14,856192
201708;Same Day;West;OFF-PA-10000528;3,2472
201708;Same Day;West;OFF-PA-10003395;27,59652
201708;Same Day;West;OFF-ST-10000344;8,799336
201708;Same Day;West;OFF-ST-10001325;7,724808
201708;Same Day;West;OFF-SU-10000946;10,18248
201708;Same Day;West;TEC-AC-10001908;174,28257
201708;Second Class;Central;FUR-CH-10002331;5,410896
201708;Second Class;Central;FUR-CH-10004698;40,036512
201708;Second Class;Central;FUR-CH-10004886;26,71248
201708;Second Class;Central;FUR-FU-10002937;103,1992
201708;Second Class;Central;OFF-AP-10001242;113,95968
201708;Second Class;Central;OFF-AR-10001972;0,698544
201708;Second Class;Central;OFF-BI-10003650;229,748064
201708;Second Class;Central;OFF-PA-10001289;60,965604
201708;Second Class;Central;OFF-ST-10000025;30,575772
201708;Second Class;Central;OFF-ST-10001370;12,95385
201708;Second Class;Central;OFF-ST-10002370;43,855917
201708;Second Class;Central;OFF-ST-10003996;4,133844
201708;Second Class;Central;OFF-SU-10002503;5,7652
201708;Second Class;Central;TEC-AC-10000682;13,58721
201708;Second Class;Central;TEC-CO-10001571;356,39352
201708;Second Class;East;FUR-BO-10000468;23,784768
201708;Second Class;East;FUR-FU-10000010;2,46512
201708;Second Class;East;FUR-FU-10000521;24,55758
201708;Second Class;East;FUR-FU-10001706;7,61376
201708;Second Class;East;FUR-FU-10001852;0,39672
201708;Second Class;East;FUR-FU-10003849;16,260816
201708;Second Class;East;OFF-AP-10000804;0,81536
201708;Second Class;East;OFF-AP-10003040;10,045656
201708;Second Class;East;OFF-BI-10000632;199,885686
201708;Second Class;East;OFF-BI-10002824;23,499
201708;Second Class;East;OFF-BI-10002867;80,82256
201708;Second Class;East;OFF-PA-10000141;2,56041
201708;Second Class;East;OFF-PA-10000241;12,8567
201708;Second Class;East;OFF-ST-10004340;36,263376
201708;Second Class;East;TEC-PH-10001459;288,281136
201708;Second Class;East;TEC-PH-10002538;10,004449
201708;Second Class;South;FUR-CH-10000015;184,71648
201708;Second Class;South;FUR-FU-10000723;10,821708
201708;Second Class;South;OFF-BI-10002735;16,118838
201708;Second Class;South;OFF-LA-10001297;17,8848
201708;Second Class;South;OFF-PA-10000100;76,552924
201708;Second Class;South;OFF-PA-10003302;91,6124
201708;Second Class;West;FUR-CH-10002024;-542,55852
201708;Second Class;West;OFF-AP-10000938;66,566016
201708;Second Class;West;OFF-AR-10000246;3,382704
201708;Second Class;West;OFF-AR-10001419;1,17705
201708;Second Class;West;OFF-AR-10003560;1,549184
201708;Second Class;West;OFF-LA-10001613;2,850624
201708;Second Class;West;OFF-PA-10000130;0,8239
201708;Second Class;West;OFF-PA-10002195;4,059072
201708;Second Class;West;OFF-ST-10003123;20,613168
201708;Second Class;West;OFF-ST-10004459;-317,53764
201708;Second Class;West;TEC-AC-10004571;24,417558
201708;Standard Class;Central;FUR-FU-10000222;-31,57056
201708;Standard Class;Central;FUR-FU-10001037;8,3898
201708;Standard Class;Central;OFF-AR-10000380;64,9458
201708;Standard Class;Central;OFF-BI-10001098;-30,15649
201708;Standard Class;Central;OFF-BI-10001359;1235,15523
201708;Standard Class;Central;OFF-BI-10001636;-13,528464
201708;Standard Class;Central;OFF-BI-10001989;52,567488
201708;Standard Class;Central;OFF-BI-10002393;-3,825136
201708;Standard Class;Central;OFF-BI-10003476;8,760024
201708;Standard Class;Central;OFF-BI-10003925;134,942922
201708;Standard Class;Central;OFF-BI-10004022;2,103348
201708;Standard Class;Central;OFF-BI-10004308;44,18388
201708;Standard Class;Central;OFF-EN-10004459;6,663608
201708;Standard Class;Central;OFF-FA-10002280;18,144
201708;Standard Class;Central;OFF-LA-10002195;12,891648
201708;Standard Class;Central;OFF-LA-10003498;48,618
201708;Standard Class;Central;OFF-PA-10000223;5,951232
201708;Standard Class;Central;OFF-PA-10001461;8,51032
201708;Standard Class;Central;OFF-PA-10001950;2,06415
201708;Standard Class;Central;OFF-PA-10002479;6,8904
201708;Standard Class;Central;OFF-PA-10003134;93,159168
201708;Standard Class;Central;OFF-PA-10004888;1,578528
201708;Standard Class;Central;OFF-ST-10000036;14,729589
201708;Standard Class;Central;OFF-ST-10001228;13,3209
201708;Standard Class;Central;OFF-ST-10002276;9,75312
201708;Standard Class;Central;OFF-SU-10000381;11,447576
201708;Standard Class;Central;TEC-AC-10000397;13,103755
201708;Standard Class;Central;TEC-AC-10001714;32,175274
201708;Standard Class;Central;TEC-AC-10003614;5,813544
201708;Standard Class;Central;TEC-CO-10000971;107,09643
201708;Standard Class;Central;TEC-PH-10002200;70,578144
201708;Standard Class;Central;TEC-PH-10002538;22,382064
201708;Standard Class;Central;TEC-PH-10003171;3,84772
201708;Standard Class;Central;TEC-PH-10003601;267,2838
201708;Standard Class;East;FUR-BO-10001798;-86,394408
201708;Standard Class;East;FUR-CH-10002317;23,04922
201708;Standard Class;East;FUR-FU-10003976;8,468856
201708;Standard Class;East;FUR-FU-10004848;12,57525
201708;Standard Class;East;FUR-FU-10004960;35,94072
201708;Standard Class;East;FUR-TA-10004915;-351,268064
201708;Standard Class;East;OFF-AP-10001947;22,84504
201708;Standard Class;East;OFF-AP-10002534;428,96672
201708;Standard Class;East;OFF-BI-10000069;12,059034
201708;Standard Class;East;OFF-BI-10000216;10,03878
201708;Standard Class;East;OFF-BI-10002827;-6,48669
201708;Standard Class;East;OFF-BI-10003355;4,643352
201708;Standard Class;East;OFF-BI-10004817;-6,246372
201708;Standard Class;East;OFF-LA-10004093;6,572421
201708;Standard Class;East;OFF-PA-10000357;129,15744
201708;Standard Class;East;OFF-PA-10001639;10,948608
201708;Standard Class;East;OFF-PA-10001790;56,49504
201708;Standard Class;East;OFF-PA-10001878;104,594035
201708;Standard Class;East;OFF-PA-10001970;10,273448
201708;Standard Class;East;OFF-PA-10003441;13,06368
201708;Standard Class;East;OFF-PA-10004381;34,30056
201708;Standard Class;East;OFF-ST-10000046;51,56676
201708;Standard Class;East;OFF-ST-10000777;60,26496
201708;Standard Class;East;OFF-ST-10001511;8,72775
201708;Standard Class;East;OFF-SU-10002522;0,817128
201708;Standard Class;East;OFF-SU-10004115;6,300909
201708;Standard Class;East;OFF-SU-10004768;4,44276
201708;Standard Class;East;TEC-AC-10002006;22,206912
201708;Standard Class;East;TEC-AC-10004803;8,743168
201708;Standard Class;East;TEC-PH-10002415;45,569775
201708;Standard Class;East;TEC-PH-10003171;8,52252
201708;Standard Class;South;FUR-CH-10002073;53,856252
201708;Standard Class;South;FUR-FU-10001475;26,679324
201708;Standard Class;South;FUR-FU-10003268;0
201708;Standard Class;South;FUR-TA-10001095;6,27444
201708;Standard Class;South;OFF-AP-10001563;22,341942
201708;Standard Class;South;OFF-AP-10002439;157,76631
201708;Standard Class;South;OFF-BI-10000138;1,480752
201708;Standard Class;South;OFF-BI-10001359;-1374,009282
201708;Standard Class;South;OFF-BI-10002133;36,49128
201708;Standard Class;South;OFF-BI-10003910;5,7825
201708;Standard Class;South;OFF-BI-10003925;942,8157
201708;Standard Class;South;OFF-EN-10003845;5,42061
201708;Standard Class;South;OFF-FA-10003495;8,8464
201708;Standard Class;South;OFF-PA-10003729;11,811744
201708;Standard Class;South;OFF-ST-10003306;208,804176
201708;Standard Class;South;OFF-SU-10002573;15,777
201708;Standard Class;South;TEC-AC-10000158;15,87159
201708;Standard Class;South;TEC-AC-10003033;230,83302
201708;Standard Class;South;TEC-AC-10003709;0,517968
201708;Standard Class;South;TEC-MA-10000488;-216,477294
201708;Standard Class;West;FUR-CH-10002017;-2,408256
201708;Standard Class;West;FUR-FU-10003247;-21,12686
201708;Standard Class;West;FUR-FU-10003374;34,399848
201708;Standard Class;West;FUR-FU-10003708;23,94462
201708;Standard Class;West;FUR-FU-10004973;24,8688
201708;Standard Class;West;FUR-TA-10000617;210,2562
201708;Standard Class;West;OFF-AP-10001058;523,80432
201708;Standard Class;West;OFF-AP-10001563;-86,219784
201708;Standard Class;West;OFF-AP-10002578;19,0788
201708;Standard Class;West;OFF-AR-10003183;0,84168
201708;Standard Class;West;OFF-AR-10003602;6,258144
201708;Standard Class;West;OFF-AR-10003856;1,575704
201708;Standard Class;West;OFF-AR-10004062;24,104
201708;Standard Class;West;OFF-BI-10000174;5,40792
201708;Standard Class;West;OFF-BI-10000404;4,78332
201708;Standard Class;West;OFF-BI-10001658;32,71996
201708;Standard Class;West;OFF-BI-10002735;46,925787
201708;Standard Class;West;OFF-BI-10004230;71,953728
201708;Standard Class;West;OFF-EN-10003134;55,1296
201708;Standard Class;West;OFF-FA-10000585;2,150538
201708;Standard Class;West;OFF-LA-10000305;19,93824
201708;Standard Class;West;OFF-PA-10000552;6,625152
201708;Standard Class;West;OFF-PA-10003893;2,6964
201708;Standard Class;West;OFF-ST-10000344;0,741336
201708;Standard Class;West;OFF-ST-10001496;132,115308
201708;Standard Class;West;OFF-SU-10000432;-0,79116
201708;Standard Class;West;TEC-AC-10000682;6,942915
201708;Standard Class;West;TEC-AC-10002049;371,316
201708;Standard Class;West;TEC-AC-10002253;193,00464
201708;Standard Class;West;TEC-AC-10004510;10,7976
201708;Standard Class;West;TEC-PH-10000439;16,91577
201708;Standard Class;West;TEC-PH-10000912;12,115376
201708;Standard Class;West;TEC-PH-10002564;8,18727
201708;Standard Class;West;TEC-PH-10003645;381,949074
201709;First Class;Central;FUR-CH-10003535;-29,33138
201709;First Class;Central;FUR-FU-10001095;-10,602592
201709;First Class;Central;OFF-AR-10002067;19,60192
201709;First Class;Central;OFF-AR-10003732;0,83122
201709;First Class;Central;OFF-BI-10001628;-5,7365
201709;First Class;Central;OFF-BI-10002429;-75,00416
201709;First Class;Central;OFF-BI-10002827;19,765326
201709;First Class;Central;OFF-BI-10003669;-3,77784
201709;First Class;Central;OFF-EN-10000927;36,2489
201709;First Class;Central;OFF-FA-10004854;15,03306
201709;First Class;Central;OFF-LA-10000443;4,78224
201709;First Class;Central;OFF-PA-10000061;5,4432
201709;First Class;Central;OFF-PA-10003302;20,381544
201709;First Class;Central;OFF-ST-10000885;10,0725
201709;First Class;Central;OFF-ST-10002352;8,2992
201709;First Class;Central;TEC-CO-10001943;125,273736
201709;First Class;Central;TEC-PH-10004977;80,708682
201709;First Class;East;FUR-FU-10003039;4,709796
201709;First Class;East;FUR-FU-10004270;2,347488
201709;First Class;East;OFF-AP-10000358;25,822412
201709;First Class;East;OFF-AR-10003338;3,1992
201709;First Class;East;OFF-BI-10003476;-4,85331
201709;First Class;East;OFF-EN-10004846;3,245466
201709;First Class;East;OFF-PA-10001846;3,68764
201709;First Class;East;OFF-PA-10003395;66,0555
201709;First Class;East;OFF-PA-10004082;17,556
201709;First Class;East;OFF-PA-10004243;39,15408
201709;First Class;East;OFF-ST-10001321;4,64142
201709;First Class;East;OFF-ST-10004950;3,218325
201709;First Class;East;OFF-SU-10000157;-32,2137
201709;First Class;East;TEC-PH-10001750;10,670583
201709;First Class;South;FUR-CH-10003973;-12,193728
201709;First Class;South;FUR-FU-10003832;2,093616
201709;First Class;South;OFF-AP-10002534;82,022208
201709;First Class;South;OFF-AR-10000122;0,40176
201709;First Class;South;OFF-AR-10003251;0,62272
201709;First Class;South;OFF-BI-10001359;-408,489246
201709;First Class;South;OFF-BI-10002393;-2,89296
201709;First Class;South;OFF-BI-10002931;-58,716
201709;First Class;South;OFF-BI-10003707;25,6368
201709;First Class;South;OFF-BI-10004318;257,824296
201709;First Class;South;OFF-LA-10004677;6,137208
201709;First Class;South;OFF-PA-10001125;19,74975
201709;First Class;South;OFF-PA-10002109;3,044496
201709;First Class;South;OFF-PA-10003797;19,813248
201709;First Class;South;OFF-ST-10000352;-3,21192
201709;First Class;South;TEC-AC-10001109;21,376872
201709;First Class;South;TEC-AC-10003628;10,7964
201709;First Class;South;TEC-AC-10004633;13,68642
201709;First Class;West;FUR-BO-10000112;-127,31256
201709;First Class;West;FUR-CH-10002372;-21,281544
201709;First Class;West;FUR-CH-10002961;0
201709;First Class;West;FUR-CH-10003298;-5,37018
201709;First Class;West;FUR-FU-10001057;3,982008
201709;First Class;West;FUR-FU-10001979;3,93312
201709;First Class;West;FUR-FU-10002396;10,144512
201709;First Class;West;FUR-FU-10004053;33,768416
201709;First Class;West;FUR-FU-10004848;13,19625
201709;First Class;West;OFF-AP-10000891;22,02816
201709;First Class;West;OFF-AP-10001626;1,0114
201709;First Class;West;OFF-AP-10002578;22,385792
201709;First Class;West;OFF-AR-10001149;0,89856
201709;First Class;West;OFF-AR-10001427;1,368224
201709;First Class;West;OFF-AR-10001988;7,46953
201709;First Class;West;OFF-AR-10004260;7,056168
201709;First Class;West;OFF-BI-10000301;-2,9762
201709;First Class;West;OFF-BI-10001718;-42,380352
201709;First Class;West;OFF-BI-10003291;-4,21659
201709;First Class;West;OFF-BI-10003364;18,295424
201709;First Class;West;OFF-BI-10003707;-13,67296
201709;First Class;West;OFF-EN-10004147;6,24312
201709;First Class;West;OFF-FA-10002280;18,48
201709;First Class;West;OFF-PA-10000157;21,034944
201709;First Class;West;OFF-PA-10001800;5,038848
201709;First Class;West;OFF-PA-10001838;4,3218
201709;First Class;West;OFF-PA-10002615;3,0429
201709;First Class;West;OFF-PA-10002659;6,76338
201709;First Class;West;OFF-PA-10003022;4,734366
201709;First Class;West;OFF-PA-10004039;71,592822
201709;First Class;West;OFF-PA-10004041;5,9385
201709;First Class;West;OFF-ST-10001370;2,62626
201709;First Class;West;OFF-ST-10001522;-30,614272
201709;First Class;West;TEC-AC-10000158;10,732218
201709;First Class;West;TEC-AC-10000303;22,962258
201709;First Class;West;TEC-AC-10001109;43,45551
201709;First Class;West;TEC-AC-10003657;0,992508
201709;First Class;West;TEC-MA-10001681;-190,76547
201709;First Class;West;TEC-MA-10002930;-20,022735
201709;First Class;West;TEC-PH-10002033;26,317368
201709;First Class;West;TEC-PH-10002807;49,833
201709;First Class;West;TEC-PH-10003589;11,484816
201709;First Class;West;TEC-PH-10004536;22,27335
201709;First Class;West;TEC-PH-10004586;366,06915
201709;Same Day;Central;FUR-CH-10002602;30,709332
201709;Same Day;Central;OFF-BI-10004140;2,22255
201709;Same Day;Central;TEC-PH-10000984;76,82808
201709;Same Day;Central;TEC-PH-10001944;109,02465
201709;Same Day;East;FUR-CH-10003199;10,298944
201709;Same Day;East;FUR-CH-10003774;-17,477258
201709;Same Day;East;FUR-FU-10000260;13,97952
201709;Same Day;East;FUR-FU-10004586;6,32128
201709;Same Day;East;FUR-TA-10004442;-181,74816
201709;Same Day;East;OFF-AP-10004487;134,34064
201709;Same Day;East;OFF-BI-10004600;533,5855
201709;Same Day;East;OFF-PA-10002005;8,211456
201709;Same Day;East;OFF-PA-10002606;3,1416
201709;Same Day;East;OFF-PA-10002787;5,17104
201709;Same Day;East;OFF-PA-10004101;32,161536
201709;Same Day;East;TEC-AC-10004571;65,9934
201709;Same Day;East;TEC-PH-10000127;-13,49325
201709;Same Day;South;FUR-CH-10003061;-3,23964
201709;Same Day;South;FUR-CH-10004875;100,89765
201709;Same Day;South;OFF-PA-10004911;9,995328
201709;Same Day;West;FUR-CH-10002320;187,45232
201709;Same Day;West;FUR-FU-10002759;84,87504
201709;Same Day;West;FUR-FU-10003623;30,68604
201709;Same Day;West;FUR-FU-10003829;3,40032
201709;Same Day;West;FUR-TA-10002607;49,90656
201709;Same Day;West;OFF-AP-10001005;91,35984
201709;Same Day;West;OFF-AR-10001725;22,1364
201709;Same Day;West;OFF-BI-10001132;-3,016566
201709;Same Day;West;OFF-BI-10002215;6,20256
201709;Same Day;West;OFF-BI-10003925;241,989363
201709;Same Day;West;OFF-EN-10001028;39,67776
201709;Same Day;West;OFF-EN-10002312;10,107426
201709;Same Day;West;OFF-PA-10002001;7,556976
201709;Same Day;West;OFF-PA-10002245;16,30746
201709;Same Day;West;OFF-PA-10003172;6,158592
201709;Same Day;West;TEC-AC-10002473;33,045672
201709;Second Class;Central;FUR-FU-10004864;3,425466
201709;Second Class;Central;FUR-TA-10001771;88,69632
201709;Second Class;Central;FUR-TA-10003473;11,509578
201709;Second Class;Central;OFF-AR-10000380;2,8485
201709;Second Class;Central;OFF-BI-10002429;-48,411776
201709;Second Class;Central;OFF-BI-10004022;3,599544
201709;Second Class;Central;OFF-LA-10000121;26,34282
201709;Second Class;Central;OFF-PA-10002262;10,824192
201709;Second Class;Central;OFF-SU-10001935;-0,2616
201709;Second Class;Central;TEC-AC-10002305;2,43
201709;Second Class;Central;TEC-AC-10002842;198,7776
201709;Second Class;Central;TEC-PH-10002564;18,71376
201709;Second Class;East;FUR-BO-10002545;205,600044
201709;Second Class;East;FUR-BO-10003404;62,06112
201709;Second Class;East;FUR-CH-10000785;148,693168
201709;Second Class;East;FUR-CH-10003774;-57,99975
201709;Second Class;East;OFF-AR-10000390;2,25498
201709;Second Class;East;OFF-AR-10001547;0,816816
201709;Second Class;East;OFF-AR-10003478;7,61904
201709;Second Class;East;OFF-BI-10000829;3,572244
201709;Second Class;East;OFF-BI-10001765;115,226496
201709;Second Class;East;OFF-BI-10002412;-11,165
201709;Second Class;East;OFF-BI-10003712;3,801813
201709;Second Class;East;OFF-BI-10004233;6,626256
201709;Second Class;East;OFF-FA-10001843;5,293704
201709;Second Class;East;OFF-LA-10001175;7,54992
201709;Second Class;East;OFF-LA-10003930;62,436681
201709;Second Class;East;OFF-PA-10000062;166,429872
201709;Second Class;East;OFF-PA-10000157;43,572384
201709;Second Class;East;OFF-PA-10000474;58,465368
201709;Second Class;East;OFF-PA-10002499;85,1556
201709;Second Class;East;OFF-PA-10004071;77,494464
201709;Second Class;East;OFF-PA-10004675;6,22173
201709;Second Class;East;OFF-ST-10000918;2,1255
201709;Second Class;East;OFF-ST-10001272;68,0524
201709;Second Class;East;TEC-AC-10002857;2,532255
201709;Second Class;East;TEC-AC-10003116;21,65145
201709;Second Class;East;TEC-AC-10003628;29,15028
201709;Second Class;East;TEC-AC-10004864;38,62758
201709;Second Class;East;TEC-PH-10000439;8,929767
201709;Second Class;East;TEC-PH-10002415;78,75165
201709;Second Class;South;FUR-BO-10004218;12,97016
201709;Second Class;South;OFF-AP-10003281;7,76178
201709;Second Class;South;OFF-AP-10004785;11,400246
201709;Second Class;South;OFF-AR-10002335;0,582048
201709;Second Class;South;OFF-BI-10001634;-2,874144
201709;Second Class;South;OFF-BI-10002954;7,831152
201709;Second Class;South;OFF-BI-10003669;8,24256
201709;Second Class;South;OFF-BI-10004001;-15,54048
201709;Second Class;South;OFF-PA-10000007;4,41792
201709;Second Class;South;OFF-PA-10002586;9,12834
201709;Second Class;South;OFF-PA-10003657;5,3286
201709;Second Class;South;OFF-ST-10000025;20,097558
201709;Second Class;South;TEC-AC-10002217;7,58016
201709;Second Class;South;TEC-AC-10003023;42,21207
201709;Second Class;West;FUR-BO-10001972;38,665208
201709;Second Class;West;FUR-CH-10003833;-17,9891
201709;Second Class;West;FUR-CH-10004626;9,88722
201709;Second Class;West;FUR-CH-10004860;-6,0588
201709;Second Class;West;FUR-FU-10004188;98,4126
201709;Second Class;West;FUR-FU-10004960;41,40996
201709;Second Class;West;FUR-TA-10000198;-71,407008
201709;Second Class;West;FUR-TA-10004289;-611,8875
201709;Second Class;West;OFF-AP-10001492;13,33514
201709;Second Class;West;OFF-AP-10002191;38,963008
201709;Second Class;West;OFF-AP-10002578;36,631296
201709;Second Class;West;OFF-AR-10003251;2,224
201709;Second Class;West;OFF-AR-10003829;1,80728
201709;Second Class;West;OFF-BI-10000404;2,50776
201709;Second Class;West;OFF-BI-10002498;-5,029479
201709;Second Class;West;OFF-BI-10002794;113,375268
201709;Second Class;West;OFF-BI-10004330;53,15875
201709;Second Class;West;OFF-BI-10004828;15,000714
201709;Second Class;West;OFF-FA-10000936;3,0926
201709;Second Class;West;OFF-FA-10000992;6,0066
201709;Second Class;West;OFF-LA-10000134;10,910592
201709;Second Class;West;OFF-LA-10002475;4,697406
201709;Second Class;West;OFF-PA-10000143;20,072448
201709;Second Class;West;OFF-PA-10000418;173,12832
201709;Second Class;West;OFF-PA-10000551;10,812732
201709;Second Class;West;OFF-PA-10002005;4,603392
201709;Second Class;West;OFF-PA-10003657;5,0076
201709;Second Class;West;OFF-PA-10004082;7,8204
201709;Second Class;West;OFF-ST-10001031;14,222208
201709;Second Class;West;OFF-ST-10001325;8,998128
201709;Second Class;West;OFF-SU-10001574;2,0805
201709;Second Class;West;OFF-SU-10002881;-1038,847194
201709;Second Class;West;TEC-AC-10001114;62,06448
201709;Second Class;West;TEC-AC-10002402;55,67304
201709;Second Class;West;TEC-AC-10002926;16,556688
201709;Standard Class;Central;FUR-CH-10003061;40,009554
201709;Standard Class;Central;FUR-FU-10000723;-10,272152
201709;Standard Class;Central;FUR-FU-10002268;2,75451
201709;Standard Class;Central;FUR-FU-10002960;3,813216
201709;Standard Class;Central;FUR-TA-10004607;-2,690506
201709;Standard Class;Central;OFF-AP-10001271;7,636804
201709;Standard Class;Central;OFF-AR-10001374;3,73248
201709;Standard Class;Central;OFF-AR-10001919;3,21668
201709;Standard Class;Central;OFF-AR-10001940;4,41324
201709;Standard Class;Central;OFF-AR-10003759;2,57985
201709;Standard Class;Central;OFF-AR-10003896;7,556328
201709;Standard Class;Central;OFF-BI-10000138;5,96232
201709;Standard Class;Central;OFF-BI-10000546;10,273536
201709;Standard Class;Central;OFF-BI-10002976;17,66401
201709;Standard Class;Central;OFF-BI-10003476;6,25716
201709;Standard Class;Central;OFF-BI-10003650;787,707648
201709;Standard Class;Central;OFF-BI-10004094;-1,951425
201709;Standard Class;Central;OFF-EN-10000461;13,064552
201709;Standard Class;Central;OFF-EN-10001141;6,304716
201709;Standard Class;Central;OFF-LA-10001569;1,968096
201709;Standard Class;Central;OFF-LA-10004544;26,27
201709;Standard Class;Central;OFF-PA-10001639;10,171008
201709;Standard Class;Central;OFF-PA-10002230;12,13128
201709;Standard Class;Central;OFF-PA-10002377;10,01952
201709;Standard Class;Central;OFF-PA-10002666;8,80632
201709;Standard Class;Central;OFF-PA-10003424;3,50595
201709;Standard Class;Central;OFF-PA-10004255;4,478976
201709;Standard Class;Central;OFF-PA-10004475;95,872224
201709;Standard Class;Central;OFF-ST-10000419;0,630112
201709;Standard Class;Central;OFF-ST-10000615;11,34546
201709;Standard Class;Central;OFF-ST-10001809;10,438246
201709;Standard Class;Central;OFF-ST-10002214;17,17209
201709;Standard Class;Central;OFF-ST-10003816;86,720718
201709;Standard Class;Central;OFF-ST-10004950;-0,234976
201709;Standard Class;Central;TEC-AC-10001114;54,770304
201709;Standard Class;Central;TEC-AC-10001998;7,612192
201709;Standard Class;Central;TEC-AC-10002134;2,019304
201709;Standard Class;Central;TEC-AC-10003441;-8,25804
201709;Standard Class;Central;TEC-AC-10004353;22,9194
201709;Standard Class;Central;TEC-AC-10004510;10,99392
201709;Standard Class;Central;TEC-AC-10004666;704,96909
201709;Standard Class;Central;TEC-MA-10003066;36,79176
201709;Standard Class;Central;TEC-MA-10004626;225,6
201709;Standard Class;Central;TEC-PH-10001494;239,72004
201709;Standard Class;Central;TEC-PH-10001615;22,69917
201709;Standard Class;Central;TEC-PH-10002170;5,991144
201709;Standard Class;Central;TEC-PH-10003484;9,82722
201709;Standard Class;Central;TEC-PH-10004093;11,920608
201709;Standard Class;East;FUR-BO-10001972;-126,956412
201709;Standard Class;East;FUR-CH-10000785;94,688736
201709;Standard Class;East;FUR-CH-10001215;300,588
201709;Standard Class;East;FUR-CH-10003061;6,884235
201709;Standard Class;East;FUR-CH-10003298;-47,833896
201709;Standard Class;East;FUR-CH-10003379;173,12535
201709;Standard Class;East;FUR-CH-10003606;132,138496
201709;Standard Class;East;FUR-CH-10003846;16,722288
201709;Standard Class;East;FUR-CH-10003973;49,369728
201709;Standard Class;East;FUR-CH-10004086;487,77256
201709;Standard Class;East;FUR-CH-10004860;-42,653952
201709;Standard Class;East;FUR-FU-10000023;15,5496
201709;Standard Class;East;FUR-FU-10000221;13,90396
201709;Standard Class;East;FUR-FU-10000246;3,1161
201709;Standard Class;East;FUR-FU-10001196;2,83884
201709;Standard Class;East;FUR-FU-10001867;1,259776
201709;Standard Class;East;FUR-FU-10002445;18,3912
201709;Standard Class;East;FUR-FU-10002597;7,303296
201709;Standard Class;East;FUR-FU-10002963;7,94512
201709;Standard Class;East;FUR-FU-10004864;51,561216
201709;Standard Class;East;FUR-TA-10001889;-68,128126
201709;Standard Class;East;FUR-TA-10002855;-60,58476
201709;Standard Class;East;OFF-AP-10000027;17,9256
201709;Standard Class;East;OFF-AP-10000358;2,63494
201709;Standard Class;East;OFF-AP-10001242;28,00704
201709;Standard Class;East;OFF-AP-10001626;-3,444984
201709;Standard Class;East;OFF-AR-10000380;34,86564
201709;Standard Class;East;OFF-AR-10000658;5,62716
201709;Standard Class;East;OFF-AR-10001915;5,308578
201709;Standard Class;East;OFF-AR-10003158;2,75814
201709;Standard Class;East;OFF-AR-10003602;1,797552
201709;Standard Class;East;OFF-AR-10003732;1,676896
201709;Standard Class;East;OFF-AR-10004441;4,43394
201709;Standard Class;East;OFF-AR-10004582;1,81548
201709;Standard Class;East;OFF-BI-10000069;-4,178784
201709;Standard Class;East;OFF-BI-10000301;-13,10175
201709;Standard Class;East;OFF-BI-10000343;2,78397
201709;Standard Class;East;OFF-BI-10000977;27,50592
201709;Standard Class;East;OFF-BI-10001757;4,298112
201709;Standard Class;East;OFF-BI-10002225;33,2304
201709;Standard Class;East;OFF-BI-10002432;-2,723292
201709;Standard Class;East;OFF-BI-10002794;-9,552438
201709;Standard Class;East;OFF-BI-10004632;175,36925
201709;Standard Class;East;OFF-BI-10004970;10,348128
201709;Standard Class;East;OFF-EN-10001509;1,916784
201709;Standard Class;East;OFF-FA-10000304;2,109368
201709;Standard Class;East;OFF-LA-10001158;10,23408
201709;Standard Class;East;OFF-LA-10001641;8,34624
201709;Standard Class;East;OFF-LA-10002475;8,68428
201709;Standard Class;East;OFF-PA-10000673;18,590208
201709;Standard Class;East;OFF-PA-10000807;17,19918
201709;Standard Class;East;OFF-PA-10000859;1,93428
201709;Standard Class;East;OFF-PA-10001685;26,4654
201709;Standard Class;East;OFF-PA-10001800;4,136832
201709;Standard Class;East;OFF-PA-10002195;4,485132
201709;Standard Class;East;OFF-PA-10002713;7,025856
201709;Standard Class;East;OFF-PA-10002741;3,96756
201709;Standard Class;East;OFF-PA-10003072;4,027968
201709;Standard Class;East;OFF-PA-10003228;116,087885
201709;Standard Class;East;OFF-PA-10003641;103,873888
201709;Standard Class;East;OFF-PA-10003845;6,23084
201709;Standard Class;East;OFF-PA-10003848;11,321856
201709;Standard Class;East;OFF-PA-10003893;6,9336
201709;Standard Class;East;OFF-PA-10004239;3,6594
201709;Standard Class;East;OFF-PA-10004355;7,765632
201709;Standard Class;East;OFF-PA-10004782;11,97504
201709;Standard Class;East;OFF-ST-10000615;10,67808
201709;Standard Class;East;OFF-ST-10000934;0
201709;Standard Class;East;OFF-ST-10001522;-28,848064
201709;Standard Class;East;OFF-ST-10001590;12,61728
201709;Standard Class;East;OFF-ST-10002974;52,284
201709;Standard Class;East;OFF-ST-10003123;19,894104
201709;Standard Class;East;OFF-ST-10003282;121,814784
201709;Standard Class;East;OFF-SU-10001218;6,271776
201709;Standard Class;East;OFF-SU-10004261;8,49932
201709;Standard Class;East;TEC-AC-10000109;39,506544
201709;Standard Class;East;TEC-AC-10000171;45,47422
201709;Standard Class;East;TEC-AC-10000474;68,3928
201709;Standard Class;East;TEC-AC-10001465;17,21568
201709;Standard Class;East;TEC-AC-10001998;18,146922
201709;Standard Class;East;TEC-AC-10002647;90,972
201709;Standard Class;East;TEC-AC-10002842;30,464
201709;Standard Class;East;TEC-AC-10003174;77,6088
201709;Standard Class;East;TEC-AC-10003499;6,6006
201709;Standard Class;East;TEC-AC-10004469;29,91456
201709;Standard Class;East;TEC-PH-10000215;28,592595
201709;Standard Class;East;TEC-PH-10001425;15,934008
201709;Standard Class;East;TEC-PH-10001552;21,700224
201709;Standard Class;East;TEC-PH-10002115;92,64996
201709;Standard Class;East;TEC-PH-10002185;1,807
201709;Standard Class;East;TEC-PH-10002200;-442,464168
201709;Standard Class;East;TEC-PH-10002447;87,216166
201709;Standard Class;East;TEC-PH-10002885;101,37348
201709;Standard Class;East;TEC-PH-10003580;-64,75742
201709;Standard Class;East;TEC-PH-10003885;59,133639
201709;Standard Class;South;FUR-BO-10001811;-207,07424
201709;Standard Class;South;FUR-FU-10000023;3,859128
201709;Standard Class;South;FUR-FU-10001706;4,346496
201709;Standard Class;South;OFF-AR-10001897;7,196
201709;Standard Class;South;OFF-AR-10002445;9,68544
201709;Standard Class;South;OFF-BI-10002012;3,66912
201709;Standard Class;South;OFF-BI-10004002;-8,33514
201709;Standard Class;South;OFF-EN-10001219;10,546256
201709;Standard Class;South;OFF-EN-10004459;7,444416
201709;Standard Class;South;OFF-PA-10000357;72,700992
201709;Standard Class;South;OFF-PA-10001800;5,878656
201709;Standard Class;South;OFF-PA-10003656;86,642472
201709;Standard Class;South;OFF-ST-10000046;-3,61872
201709;Standard Class;South;OFF-ST-10003282;10,422144
201709;Standard Class;South;OFF-ST-10003805;121,06625
201709;Standard Class;South;OFF-SU-10000898;25,95964
201709;Standard Class;South;OFF-SU-10001225;-2,146176
201709;Standard Class;South;TEC-AC-10002558;1,995435
201709;Standard Class;South;TEC-AC-10003280;0,47984
201709;Standard Class;South;TEC-AC-10004568;-1,086012
201709;Standard Class;South;TEC-AC-10004992;8,188272
201709;Standard Class;South;TEC-PH-10000526;33,78848
201709;Standard Class;West;FUR-CH-10000665;157,62312
201709;Standard Class;West;FUR-CH-10002961;0
201709;Standard Class;West;FUR-CH-10003396;-14,54922
201709;Standard Class;West;FUR-CH-10003817;5,70956
201709;Standard Class;West;FUR-CH-10004860;-19,79208
201709;Standard Class;West;FUR-FU-10000448;2,1573
201709;Standard Class;West;FUR-FU-10001488;102,8006
201709;Standard Class;West;FUR-FU-10002253;26,189106
201709;Standard Class;West;FUR-FU-10004622;-115,2021
201709;Standard Class;West;OFF-AP-10000390;-156,084408
201709;Standard Class;West;OFF-AP-10001205;30,5088
201709;Standard Class;West;OFF-AP-10001242;49,25376
201709;Standard Class;West;OFF-AP-10003278;-11,542014
201709;Standard Class;West;OFF-AR-10000034;3,869424
201709;Standard Class;West;OFF-AR-10000422;1,898073
201709;Standard Class;West;OFF-AR-10000614;3,081624
201709;Standard Class;West;OFF-AR-10000914;6,426992
201709;Standard Class;West;OFF-AR-10000940;1,690794
201709;Standard Class;West;OFF-AR-10001166;2,690142
201709;Standard Class;West;OFF-AR-10001915;40,03776
201709;Standard Class;West;OFF-AR-10002053;1,535296
201709;Standard Class;West;OFF-AR-10002987;9,916032
201709;Standard Class;West;OFF-AR-10004956;5,728428
201709;Standard Class;West;OFF-BI-10000773;-20,008296
201709;Standard Class;West;OFF-BI-10000822;9,851856
201709;Standard Class;West;OFF-BI-10001460;-11,42916
201709;Standard Class;West;OFF-BI-10003527;-1326,91356
201709;Standard Class;West;OFF-BI-10003650;590,780736
201709;Standard Class;West;OFF-BI-10004141;-1,67904
201709;Standard Class;West;OFF-BI-10004390;822,17394
201709;Standard Class;West;OFF-BI-10004528;0,6468
201709;Standard Class;West;OFF-BI-10004876;1,198736
201709;Standard Class;West;OFF-EN-10001415;5,2731
201709;Standard Class;West;OFF-EN-10001539;7,788558
201709;Standard Class;West;OFF-EN-10004030;4,440654
201709;Standard Class;West;OFF-FA-10000621;7,71848
201709;Standard Class;West;OFF-FA-10002280;5,376
201709;Standard Class;West;OFF-LA-10000134;3,553088
201709;Standard Class;West;OFF-LA-10003766;7,4844
201709;Standard Class;West;OFF-PA-10000289;3,556224
201709;Standard Class;West;OFF-PA-10001033;51,11453
201709;Standard Class;West;OFF-PA-10002036;12,177216
201709;Standard Class;West;OFF-PA-10004082;24,5784
201709;Standard Class;West;OFF-PA-10004327;57,25008
201709;Standard Class;West;OFF-PA-10004888;8,418816
201709;Standard Class;West;OFF-PA-10004996;26,893635
201709;Standard Class;West;OFF-ST-10000321;-2,499552
201709;Standard Class;West;OFF-ST-10000563;-7,22748
201709;Standard Class;West;OFF-ST-10000649;2,6376
201709;Standard Class;West;OFF-ST-10000943;12,651912
201709;Standard Class;West;OFF-ST-10001418;-53,78436
201709;Standard Class;West;OFF-ST-10001476;39,30957
201709;Standard Class;West;OFF-ST-10003994;-35,83035
201709;Standard Class;West;OFF-ST-10004950;4,3428
201709;Standard Class;West;TEC-AC-10000057;22,67244
201709;Standard Class;West;TEC-AC-10000109;4,92712
201709;Standard Class;West;TEC-AC-10000199;-1,2138
201709;Standard Class;West;TEC-AC-10000990;311,29014
201709;Standard Class;West;TEC-AC-10001090;9,608796
201709;Standard Class;West;TEC-AC-10002001;205,619148
201709;Standard Class;West;TEC-AC-10002305;10,4976
201709;Standard Class;West;TEC-AC-10002926;61,167764
201709;Standard Class;West;TEC-AC-10004659;72,55206
201709;Standard Class;West;TEC-MA-10001031;163,02216
201709;Standard Class;West;TEC-PH-10001700;26,191431
201709;Standard Class;West;TEC-PH-10001817;76,6836
201709;Standard Class;West;TEC-PH-10002415;29,78995
201709;Standard Class;West;TEC-PH-10003171;28,9478
201709;Standard Class;West;TEC-PH-10004188;-10,79568
201710;First Class;Central;FUR-CH-10000553;7,697592
201710;First Class;Central;OFF-AP-10000576;46,5773
201710;First Class;Central;OFF-BI-10001359;750,421834
201710;First Class;Central;OFF-BI-10001922;20,015424
201710;First Class;Central;OFF-BI-10002012;0,46872
201710;First Class;Central;OFF-PA-10000477;5,523816
201710;First Class;Central;OFF-ST-10002743;8,091168
201710;First Class;East;FUR-BO-10003034;6,41802
201710;First Class;East;FUR-FU-10000277;60,170208
201710;First Class;East;FUR-FU-10003577;9,452928
201710;First Class;East;FUR-FU-10004963;13,083
201710;First Class;East;FUR-TA-10001039;-16,370592
201710;First Class;East;FUR-TA-10001539;10,521468
201710;First Class;East;FUR-TA-10001705;5,99532
201710;First Class;East;FUR-TA-10004607;-75,615045
201710;First Class;East;FUR-TA-10004915;-133,95816
201710;First Class;East;OFF-AP-10000828;179,89412
201710;First Class;East;OFF-AP-10002906;0,77922
201710;First Class;East;OFF-EN-10002500;20,7036
201710;First Class;East;OFF-PA-10000675;94,39997
201710;First Class;East;OFF-PA-10003724;21,711312
201710;First Class;East;OFF-ST-10001837;12,118184
201710;First Class;East;TEC-AC-10001383;-1,34946
201710;First Class;East;TEC-CO-10004722;3253,590704
201710;First Class;East;TEC-PH-10001494;570,14496
201710;First Class;East;TEC-PH-10003215;41,6904
201710;First Class;East;TEC-PH-10003800;0,593488
201710;First Class;East;TEC-PH-10004100;5,0372
201710;First Class;South;OFF-PA-10002659;3,33944
201710;First Class;South;TEC-AC-10001714;11,121332
201710;First Class;West;FUR-BO-10004467;41,79582
201710;First Class;West;FUR-CH-10000155;34,45056
201710;First Class;West;FUR-CH-10000553;8,155782
201710;First Class;West;FUR-CH-10003833;-4,75644
201710;First Class;West;FUR-CH-10004289;-21,653088
201710;First Class;West;FUR-FU-10001290;148,8656
201710;First Class;West;FUR-FU-10001424;-7,422246
201710;First Class;West;FUR-FU-10001918;2,803944
201710;First Class;West;FUR-FU-10002364;1,354968
201710;First Class;West;FUR-FU-10003691;5,57232
201710;First Class;West;FUR-FU-10004864;1,663246
201710;First Class;West;FUR-TA-10000198;-942,616584
201710;First Class;West;FUR-TA-10003473;356,420788
201710;First Class;West;OFF-BI-10000778;-104,52672
201710;First Class;West;OFF-BI-10000977;-26,2656
201710;First Class;West;OFF-BI-10001191;42,08538
201710;First Class;West;OFF-BI-10003984;-23,885316
201710;First Class;West;OFF-LA-10000248;5,098842
201710;First Class;West;OFF-LA-10001982;13,68
201710;First Class;West;OFF-PA-10001745;15,05504
201710;First Class;West;OFF-PA-10003127;18,312996
201710;First Class;West;OFF-PA-10003172;8,636544
201710;First Class;West;OFF-PA-10003953;1,324512
201710;First Class;West;OFF-PA-10004355;13,436928
201710;First Class;West;OFF-ST-10002974;116,07048
201710;First Class;West;OFF-ST-10004963;4,2392
201710;First Class;West;OFF-SU-10002573;8,09886
201710;First Class;West;TEC-AC-10003116;8,094
201710;First Class;West;TEC-AC-10003709;0,47916
201710;First Class;West;TEC-MA-10002428;659,79243
201710;Same Day;Central;FUR-FU-10000175;6,282848
201710;Same Day;Central;OFF-AR-10003251;1,12312
201710;Same Day;Central;OFF-LA-10002034;9,503305
201710;Same Day;Central;OFF-PA-10000380;2,57706
201710;Same Day;Central;OFF-ST-10000617;-0,73606
201710;Same Day;South;FUR-TA-10001932;-60,793344
201710;Same Day;South;FUR-TA-10002356;65,422656
201710;Same Day;South;OFF-AR-10004790;0,96957
201710;Same Day;South;OFF-PA-10003919;3,173256
201710;Same Day;South;OFF-ST-10003208;34,29594
201710;Same Day;South;TEC-PH-10000895;333,197488
201710;Same Day;West;FUR-FU-10003849;-7,905744
201710;Same Day;West;FUR-TA-10002041;-63,361086
201710;Same Day;West;FUR-TA-10003748;50,393552
201710;Same Day;West;OFF-ST-10000129;23,549463
201710;Same Day;West;OFF-ST-10002214;4,67406
201710;Second Class;Central;FUR-FU-10001934;19,419088
201710;Second Class;Central;OFF-AR-10001130;2,617524
201710;Second Class;Central;OFF-AR-10003045;1,7199
201710;Second Class;Central;OFF-BI-10001787;8,72436
201710;Second Class;Central;OFF-BI-10004492;29,160972
201710;Second Class;Central;OFF-LA-10003714;1,35
201710;Second Class;Central;OFF-PA-10000249;11,737224
201710;Second Class;Central;OFF-ST-10002214;4,931472
201710;Second Class;Central;TEC-AC-10002049;64,945962
201710;Second Class;Central;TEC-PH-10001536;1,590264
201710;Second Class;Central;TEC-PH-10001700;4,526914
201710;Second Class;Central;TEC-PH-10003555;3,733576
201710;Second Class;East;FUR-CH-10000749;-26,929824
201710;Second Class;East;FUR-CH-10001802;-31,03137
201710;Second Class;East;OFF-AR-10001770;2,572752
201710;Second Class;East;OFF-AR-10004344;5,933851
201710;Second Class;East;OFF-BI-10000831;-1,77408
201710;Second Class;East;OFF-PA-10002250;16,229376
201710;Second Class;East;OFF-PA-10002552;5,723136
201710;Second Class;East;OFF-ST-10000798;8,922856
201710;Second Class;South;FUR-FU-10001876;10,91328
201710;Second Class;South;OFF-AP-10001947;-44,84736
201710;Second Class;South;OFF-AP-10004708;-36,103716
201710;Second Class;South;OFF-AR-10000940;1,27008
201710;Second Class;South;OFF-AR-10004817;2,5542
201710;Second Class;South;OFF-PA-10000300;11,32866
201710;Second Class;South;OFF-ST-10001522;-33,557952
201710;Second Class;South;TEC-AC-10001465;134,67456
201710;Second Class;West;FUR-FU-10002963;2,867152
201710;Second Class;West;FUR-FU-10003878;11,741152
201710;Second Class;West;FUR-TA-10003837;-2,982034
201710;Second Class;West;OFF-AR-10000634;0,961716
201710;Second Class;West;OFF-AR-10002818;18,99072
201710;Second Class;West;OFF-BI-10004364;-6,17463
201710;Second Class;West;OFF-EN-10002973;4,472832
201710;Second Class;West;OFF-EN-10004386;27,5885
201710;Second Class;West;OFF-LA-10001045;4,62231
201710;Second Class;West;OFF-LA-10001641;13,1544
201710;Second Class;West;OFF-PA-10001937;4,191264
201710;Second Class;West;TEC-AC-10002167;-2,619
201710;Second Class;West;TEC-AC-10004510;-2,74848
201710;Second Class;West;TEC-PH-10002824;52,52745
201710;Standard Class;Central;FUR-BO-10001972;-276,995808
201710;Standard Class;Central;FUR-BO-10003404;138,34458
201710;Standard Class;Central;FUR-BO-10003965;-13,464912
201710;Standard Class;Central;FUR-BO-10004360;-110,11032
201710;Standard Class;Central;FUR-CH-10002304;-21,27762
201710;Standard Class;Central;FUR-FU-10000076;6,357636
201710;Standard Class;Central;FUR-FU-10003577;43,157664
201710;Standard Class;Central;FUR-FU-10004053;20,191424
201710;Standard Class;Central;FUR-FU-10004415;1,103872
201710;Standard Class;Central;FUR-TA-10002607;-86,76936
201710;Standard Class;Central;OFF-AR-10000369;0,370296
201710;Standard Class;Central;OFF-AR-10001662;0,673218
201710;Standard Class;Central;OFF-AR-10001761;4,751424
201710;Standard Class;Central;OFF-AR-10003179;12,866964
201710;Standard Class;Central;OFF-AR-10003478;22,792
201710;Standard Class;Central;OFF-AR-10003727;9,740367
201710;Standard Class;Central;OFF-BI-10000301;15,1398
201710;Standard Class;Central;OFF-BI-10000546;1,185408
201710;Standard Class;Central;OFF-BI-10001097;-4,199643
201710;Standard Class;Central;OFF-BI-10002799;-3,768968
201710;Standard Class;Central;OFF-BI-10003460;10,72224
201710;Standard Class;Central;OFF-BI-10003638;19,22616
201710;Standard Class;Central;OFF-BI-10003676;-13,114948
201710;Standard Class;Central;OFF-BI-10004826;11,926824
201710;Standard Class;Central;OFF-FA-10000621;7,10451
201710;Standard Class;Central;OFF-FA-10000735;6,09696
201710;Standard Class;Central;OFF-LA-10000134;3,518592
201710;Standard Class;Central;OFF-LA-10002475;9,070248
201710;Standard Class;Central;OFF-PA-10000176;16,73154
201710;Standard Class;Central;OFF-PA-10001033;22,897014
201710;Standard Class;Central;OFF-PA-10001667;3,7674
201710;Standard Class;Central;OFF-PA-10001685;21,819252
201710;Standard Class;Central;OFF-PA-10004355;7,838208
201710;Standard Class;Central;OFF-ST-10000352;-4,23795
201710;Standard Class;Central;OFF-ST-10001837;16,898752
201710;Standard Class;Central;OFF-ST-10002486;-1,985112
201710;Standard Class;Central;OFF-SU-10004664;5,230764
201710;Standard Class;Central;TEC-AC-10001142;-62,489
201710;Standard Class;Central;TEC-AC-10001998;6,524736
201710;Standard Class;Central;TEC-AC-10002167;3,564
201710;Standard Class;Central;TEC-PH-10002115;17,328974
201710;Standard Class;Central;TEC-PH-10004071;1,622376
201710;Standard Class;Central;TEC-PH-10004165;-89,316752
201710;Standard Class;East;FUR-CH-10002880;2,484398
201710;Standard Class;East;FUR-FU-10001424;6,767496
201710;Standard Class;East;FUR-FU-10003247;2,05604
201710;Standard Class;East;FUR-FU-10004712;16,617328
201710;Standard Class;East;FUR-TA-10001539;-87,20496
201710;Standard Class;East;FUR-TA-10001676;-40,093632
201710;Standard Class;East;FUR-TA-10002958;-516,7404
201710;Standard Class;East;FUR-TA-10003008;-77,675025
201710;Standard Class;East;OFF-AP-10000804;1,2992
201710;Standard Class;East;OFF-AP-10000938;15,510528
201710;Standard Class;East;OFF-AP-10004336;62,109184
201710;Standard Class;East;OFF-AR-10002956;10,445946
201710;Standard Class;East;OFF-BI-10000309;-35,669592
201710;Standard Class;East;OFF-BI-10000962;-18,006009
201710;Standard Class;East;OFF-BI-10001078;17,899798
201710;Standard Class;East;OFF-BI-10002799;-5,121984
201710;Standard Class;East;OFF-BI-10004224;-27,55116
201710;Standard Class;East;OFF-BI-10004995;-1411,074432
201710;Standard Class;East;OFF-LA-10002043;6,60744
201710;Standard Class;East;OFF-PA-10000556;5,388768
201710;Standard Class;East;OFF-PA-10000673;3,954496
201710;Standard Class;East;OFF-PA-10001295;15,297408
201710;Standard Class;East;OFF-PA-10001934;3,307392
201710;Standard Class;East;OFF-PA-10002195;1,289304
201710;Standard Class;East;OFF-PA-10002377;8,51148
201710;Standard Class;East;OFF-PA-10004041;7,918
201710;Standard Class;East;OFF-PA-10004470;4,843904
201710;Standard Class;East;OFF-ST-10000142;73,860288
201710;Standard Class;East;OFF-ST-10000876;4,597824
201710;Standard Class;East;OFF-ST-10000918;8,41698
201710;Standard Class;East;OFF-ST-10000991;7,863948
201710;Standard Class;East;OFF-ST-10002344;-58,3056
201710;Standard Class;East;OFF-ST-10004507;1,140475
201710;Standard Class;East;TEC-AC-10001539;129,007872
201710;Standard Class;East;TEC-AC-10002049;168,725592
201710;Standard Class;East;TEC-AC-10002942;-1,5939
201710;Standard Class;East;TEC-AC-10003033;105,51801
201710;Standard Class;East;TEC-AC-10003614;12,698004
201710;Standard Class;East;TEC-MA-10001047;1230,310536
201710;Standard Class;East;TEC-MA-10002930;29,394365
201710;Standard Class;East;TEC-PH-10000702;31,28868
201710;Standard Class;East;TEC-PH-10001336;-39,72892
201710;Standard Class;East;TEC-PH-10002085;23,004114
201710;Standard Class;East;TEC-PH-10003095;44,778
201710;Standard Class;East;TEC-PH-10003555;-34,181532
201710;Standard Class;South;FUR-BO-10003034;-16,189128
201710;Standard Class;South;FUR-CH-10001190;-58,638888
201710;Standard Class;South;FUR-CH-10003379;34,1976
201710;Standard Class;South;FUR-FU-10000771;24,951696
201710;Standard Class;South;FUR-FU-10001756;5,295024
201710;Standard Class;South;FUR-FU-10004666;21,30867
201710;Standard Class;South;FUR-TA-10001520;-6,4233
201710;Standard Class;South;FUR-TA-10004086;4,333392
201710;Standard Class;South;OFF-AP-10004052;3,36856
201710;Standard Class;South;OFF-AR-10001761;1,476352
201710;Standard Class;South;OFF-BI-10000756;-5,9784
201710;Standard Class;South;OFF-BI-10001031;3,719844
201710;Standard Class;South;OFF-BI-10003655;6,58692
201710;Standard Class;South;OFF-BI-10003719;48,2034
201710;Standard Class;South;OFF-BI-10003984;-5,643234
201710;Standard Class;South;OFF-FA-10002780;8,2248
201710;Standard Class;South;OFF-LA-10002034;5,629806
201710;Standard Class;South;OFF-PA-10000062;95,949168
201710;Standard Class;South;OFF-PA-10000069;8,206952
201710;Standard Class;South;OFF-PA-10002479;11,286
201710;Standard Class;South;OFF-PA-10003739;5,551112
201710;Standard Class;South;OFF-PA-10004438;22,162944
201710;Standard Class;South;OFF-ST-10002301;0,455616
201710;Standard Class;South;TEC-AC-10002305;6,4152
201710;Standard Class;South;TEC-AC-10003610;107,118144
201710;Standard Class;South;TEC-PH-10000702;2,184813
201710;Standard Class;South;TEC-PH-10001336;9,519462
201710;Standard Class;South;TEC-PH-10001552;8,338512
201710;Standard Class;South;TEC-PH-10004586;76,66935
201710;Standard Class;West;FUR-CH-10001545;-55,531056
201710;Standard Class;West;FUR-CH-10002372;3,822256
201710;Standard Class;West;FUR-CH-10003061;-0,845906
201710;Standard Class;West;FUR-CH-10004997;0
201710;Standard Class;West;FUR-FU-10000087;10,805632
201710;Standard Class;West;FUR-FU-10002885;3,773096
201710;Standard Class;West;FUR-TA-10001039;-34,667136
201710;Standard Class;West;FUR-TA-10001520;45,498375
201710;Standard Class;West;FUR-TA-10001950;-736,351308
201710;Standard Class;West;OFF-AP-10002191;-61,131616
201710;Standard Class;West;OFF-AP-10002684;388,08336
201710;Standard Class;West;OFF-AR-10002257;2,89912
201710;Standard Class;West;OFF-AR-10003514;5,38494
201710;Standard Class;West;OFF-AR-10003651;0,684864
201710;Standard Class;West;OFF-AR-10004956;2,149416
201710;Standard Class;West;OFF-BI-10001097;7,443604
201710;Standard Class;West;OFF-BI-10001107;26,272512
201710;Standard Class;West;OFF-BI-10002072;5,94396
201710;Standard Class;West;OFF-BI-10002082;32,34816
201710;Standard Class;West;OFF-BI-10002571;10,37421
201710;Standard Class;West;OFF-BI-10002854;9,83853
201710;Standard Class;West;OFF-BI-10003007;-63,847392
201710;Standard Class;West;OFF-BI-10003364;63,0072
201710;Standard Class;West;OFF-BI-10003527;2268,71715
201710;Standard Class;West;OFF-BI-10004330;0
201710;Standard Class;West;OFF-EN-10001137;3,318042
201710;Standard Class;West;OFF-EN-10002831;103,02201
201710;Standard Class;West;OFF-EN-10003068;17,62992
201710;Standard Class;West;OFF-FA-10002780;4,030152
201710;Standard Class;West;OFF-FA-10003112;4,4973
201710;Standard Class;West;OFF-LA-10001404;4,9815
201710;Standard Class;West;OFF-LA-10003077;23,70633
201710;Standard Class;West;OFF-LA-10003510;56,87739
201710;Standard Class;West;OFF-PA-10000994;56,87064
201710;Standard Class;West;OFF-PA-10001019;21,222756
201710;Standard Class;West;OFF-PA-10001204;3,0624
201710;Standard Class;West;OFF-PA-10001357;80,01216
201710;Standard Class;West;OFF-PA-10002581;33,4584
201710;Standard Class;West;OFF-PA-10003424;2,7454
201710;Standard Class;West;OFF-PA-10004039;15,584832
201710;Standard Class;West;OFF-PA-10004451;8,86464
201710;Standard Class;West;OFF-PA-10004530;36,901312
201710;Standard Class;West;OFF-PA-10004888;2,426112
201710;Standard Class;West;OFF-ST-10000464;5,339136
201710;Standard Class;West;OFF-ST-10003208;50,953968
201710;Standard Class;West;OFF-ST-10003716;245,72184
201710;Standard Class;West;TEC-AC-10002335;43,079688
201710;Standard Class;West;TEC-AC-10002842;80,92
201710;Standard Class;West;TEC-AC-10003499;4,4004
201710;Standard Class;West;TEC-AC-10004708;16,27815
201710;Standard Class;West;TEC-MA-10001148;-547,18632
201710;Standard Class;West;TEC-PH-10001433;-15,600897
201710;Standard Class;West;TEC-PH-10002185;4,951875
201710;Standard Class;West;TEC-PH-10002807;21,55475
201710;Standard Class;West;TEC-PH-10003187;-6,7966
201710;Standard Class;West;TEC-PH-10003505;13,53024
201710;Standard Class;West;TEC-PH-10003800;-16,914408
201710;Standard Class;West;TEC-PH-10003988;-6,213
201710;Standard Class;West;TEC-PH-10004042;32,052384
201710;Standard Class;West;TEC-PH-10004447;13,009464
201711;First Class;Central;FUR-CH-10003061;-2,726697
201711;First Class;Central;FUR-CH-10003981;-18,194184
201711;First Class;Central;FUR-FU-10001290;35,16192
201711;First Class;Central;FUR-FU-10003394;28,305816
201711;First Class;Central;FUR-TA-10001095;22,587984
201711;First Class;Central;OFF-AP-10001962;22,44325
201711;First Class;Central;OFF-BI-10001524;-49,949184
201711;First Class;Central;OFF-BI-10003196;-6,6572
201711;First Class;Central;OFF-BI-10003460;3,532032
201711;First Class;Central;OFF-EN-10004459;8,685152
201711;First Class;Central;OFF-PA-10001363;28,742568
201711;First Class;Central;OFF-PA-10001838;5,820024
201711;First Class;Central;OFF-PA-10004071;32,932928
201711;First Class;Central;OFF-ST-10003123;8,78856
201711;First Class;Central;OFF-ST-10003656;-49,444449
201711;First Class;Central;TEC-AC-10002399;23,645664
201711;First Class;Central;TEC-AC-10004469;81,7377
201711;First Class;Central;TEC-MA-10002210;-935,9595
201711;First Class;Central;TEC-PH-10003171;11,54316
201711;First Class;Central;TEC-PH-10004389;129,39173
201711;First Class;East;FUR-FU-10000320;8,512992
201711;First Class;East;FUR-FU-10004091;19,2454
201711;First Class;East;FUR-TA-10003008;-22,654455
201711;First Class;East;OFF-BI-10000404;12,67812
201711;First Class;East;OFF-BI-10001510;-34,97592
201711;First Class;East;OFF-BI-10003707;-9,6138
201711;First Class;East;OFF-LA-10001045;3,66444
201711;First Class;East;OFF-PA-10000477;12,827808
201711;First Class;East;OFF-PA-10000565;78,998976
201711;First Class;East;OFF-PA-10001204;3,0888
201711;First Class;East;OFF-PA-10002615;2,0286
201711;First Class;East;OFF-PA-10002923;24,66576
201711;First Class;East;OFF-PA-10002986;6,348672
201711;First Class;East;OFF-PA-10003673;22,76724
201711;First Class;East;OFF-ST-10002444;4,479744
201711;First Class;East;TEC-AC-10001772;40,919931
201711;First Class;South;FUR-CH-10003774;-46,3998
201711;First Class;South;FUR-TA-10002622;-76,838412
201711;First Class;South;OFF-AR-10000203;2,049264
201711;First Class;South;OFF-AR-10001915;8,7384
201711;First Class;South;OFF-AR-10001958;5,379264
201711;First Class;South;OFF-AR-10003876;3,09048
201711;First Class;South;OFF-AR-10004790;1,454355
201711;First Class;South;OFF-BI-10000474;-30,00816
201711;First Class;South;OFF-BI-10003527;-2470,80456
201711;First Class;South;OFF-SU-10001935;0,162192
201711;First Class;West;FUR-BO-10003159;-25,801512
201711;First Class;West;FUR-CH-10003312;-173,870424
201711;First Class;West;FUR-FU-10003489;10,799523
201711;First Class;West;FUR-FU-10004090;16,18344
201711;First Class;West;FUR-TA-10004575;-180,523992
201711;First Class;West;OFF-AR-10001860;9,693792
201711;First Class;West;OFF-AR-10001958;16,687944
201711;First Class;West;OFF-AR-10004602;18,732252
201711;First Class;West;OFF-BI-10001036;-27,12752
201711;First Class;West;OFF-BI-10001116;3,341184
201711;First Class;West;OFF-FA-10000611;1,577088
201711;First Class;West;OFF-PA-10003651;18,629184
201711;First Class;West;OFF-ST-10000563;8,73054
201711;First Class;West;OFF-ST-10003442;54,518184
201711;First Class;West;TEC-AC-10001314;-31,673664
201711;First Class;West;TEC-AC-10003832;49,986544
201711;First Class;West;TEC-AC-10003911;64,731954
201711;First Class;West;TEC-MA-10003183;-71,03556
201711;First Class;West;TEC-PH-10000376;2,15784
201711;First Class;West;TEC-PH-10001459;275,177448
201711;First Class;West;TEC-PH-10002483;94,007235
201711;First Class;West;TEC-PH-10002563;11,3391
201711;First Class;West;TEC-PH-10004531;14,284704
201711;Same Day;Central;FUR-FU-10000206;3,091002
201711;Same Day;Central;FUR-TA-10000617;7,46364
201711;Same Day;Central;FUR-TA-10001676;-1,403988
201711;Same Day;Central;OFF-LA-10003720;3,572658
201711;Same Day;Central;OFF-ST-10000777;8,141056
201711;Same Day;Central;OFF-ST-10001321;17,48628
201711;Same Day;East;FUR-TA-10001676;-25,804944
201711;Same Day;East;OFF-BI-10000756;21,3696
201711;Same Day;East;OFF-BI-10001628;19,165125
201711;Same Day;East;OFF-PA-10004092;63,1326
201711;Same Day;East;OFF-ST-10003123;8,948352
201711;Same Day;East;TEC-PH-10002583;5,27736
201711;Same Day;East;TEC-PH-10002824;-87,13377
201711;Same Day;East;TEC-PH-10003555;-13,159476
201711;Same Day;South;OFF-AP-10002457;16,55563
201711;Same Day;South;OFF-AP-10003779;87,1416
201711;Same Day;South;OFF-AR-10002221;2,12706
201711;Same Day;South;TEC-MA-10000488;168,477894
201711;Same Day;South;TEC-MA-10004125;-3878,390304
201711;Same Day;West;FUR-CH-10004875;8,96868
201711;Same Day;West;FUR-FU-10000305;-5,735184
201711;Same Day;West;OFF-BI-10001308;-14,11116
201711;Same Day;West;OFF-BI-10003094;-2,299968
201711;Same Day;West;OFF-BI-10004040;-4,753168
201711;Same Day;West;OFF-LA-10000414;18,28224
201711;Same Day;West;OFF-PA-10000143;13,9392
201711;Same Day;West;OFF-PA-10000157;21,974004
201711;Same Day;West;OFF-PA-10002137;3,32595
201711;Same Day;West;OFF-PA-10002160;8,29719
201711;Same Day;West;OFF-PA-10002764;21,11508
201711;Same Day;West;OFF-ST-10002485;-9,521736
201711;Same Day;West;TEC-AC-10001266;14,17
201711;Same Day;West;TEC-AC-10003441;0,85428
201711;Same Day;West;TEC-PH-10000347;0,60291
201711;Same Day;West;TEC-PH-10001459;39,311064
201711;Second Class;Central;FUR-CH-10000454;342,54792
201711;Second Class;Central;FUR-CH-10004287;236,151
201711;Second Class;Central;FUR-FU-10003623;39,02052
201711;Second Class;Central;FUR-FU-10004671;5,152572
201711;Second Class;Central;OFF-AP-10002118;37,593696
201711;Second Class;Central;OFF-AP-10002651;128,985615
201711;Second Class;Central;OFF-AR-10001177;6,791568
201711;Second Class;Central;OFF-AR-10001216;3,86698
201711;Second Class;Central;OFF-BI-10000050;21,40944
201711;Second Class;Central;OFF-BI-10000088;10,221282
201711;Second Class;Central;OFF-BI-10001658;-4,425792
201711;Second Class;Central;OFF-BI-10002827;-8,918784
201711;Second Class;Central;OFF-BI-10003984;20,567277
201711;Second Class;Central;OFF-BI-10004465;-9,504
201711;Second Class;Central;OFF-EN-10004846;1,902964
201711;Second Class;Central;OFF-PA-10001800;11,97504
201711;Second Class;Central;OFF-PA-10001846;6,287484
201711;Second Class;Central;OFF-PA-10003127;9,586492
201711;Second Class;Central;OFF-PA-10003424;2,57103
201711;Second Class;Central;OFF-ST-10000736;-40,425216
201711;Second Class;Central;OFF-ST-10001580;16,7776
201711;Second Class;Central;OFF-ST-10003716;-54,184816
201711;Second Class;Central;TEC-AC-10001767;-8,097975
201711;Second Class;Central;TEC-AC-10004114;69,797772
201711;Second Class;Central;TEC-AC-10004145;543,353265
201711;Second Class;Central;TEC-PH-10002310;314,857935
201711;Second Class;Central;TEC-PH-10003012;60,98004
201711;Second Class;East;FUR-FU-10000629;41,758878
201711;Second Class;East;FUR-FU-10001967;-16,7916
201711;Second Class;East;FUR-FU-10003347;13,18044
201711;Second Class;East;FUR-FU-10004845;26,6514
201711;Second Class;East;OFF-AP-10004708;22,957792
201711;Second Class;East;OFF-AR-10001573;2,331165
201711;Second Class;East;OFF-AR-10003373;6,592544
201711;Second Class;East;OFF-BI-10001196;34,080264
201711;Second Class;East;OFF-BI-10001543;128,527488
201711;Second Class;East;OFF-BI-10001597;152,642304
201711;Second Class;East;OFF-BI-10002949;-3,649824
201711;Second Class;East;OFF-BI-10003274;3,81483
201711;Second Class;East;OFF-BI-10004099;-9,1392
201711;Second Class;East;OFF-BI-10004728;4,65612
201711;Second Class;East;OFF-FA-10003495;6,4752
201711;Second Class;East;OFF-PA-10000308;5,7024
201711;Second Class;East;OFF-PA-10001033;14,862974
201711;Second Class;East;OFF-PA-10003724;24,185763
201711;Second Class;East;OFF-PA-10004243;68,292
201711;Second Class;East;OFF-ST-10000142;373,792944
201711;Second Class;East;OFF-ST-10002574;-60,7816
201711;Second Class;East;OFF-ST-10003208;719,888112
201711;Second Class;East;OFF-SU-10001165;0,52542
201711;Second Class;East;OFF-SU-10004661;7,0278
201711;Second Class;East;TEC-AC-10000682;28,161525
201711;Second Class;East;TEC-AC-10003610;89,86502
201711;Second Class;East;TEC-AC-10004666;334,119804
201711;Second Class;East;TEC-PH-10000011;11,994
201711;Second Class;East;TEC-PH-10002564;9,98667
201711;Second Class;East;TEC-PH-10002807;42,714
201711;Second Class;East;TEC-PH-10003988;13,67296
201711;Second Class;South;FUR-FU-10000820;8,073648
201711;Second Class;South;FUR-FU-10001424;12,822624
201711;Second Class;South;FUR-FU-10001967;0,71964
201711;Second Class;South;OFF-AP-10004868;-24,955686
201711;Second Class;South;OFF-BI-10004230;-14,741672
201711;Second Class;South;OFF-PA-10001215;10,4544
201711;Second Class;South;OFF-ST-10000060;-46,161792
201711;Second Class;South;OFF-ST-10003996;23,80092
201711;Second Class;South;TEC-AC-10002345;12,72375
201711;Second Class;South;TEC-AC-10003433;1,162755
201711;Second Class;South;TEC-PH-10001363;138,50757
201711;Second Class;West;FUR-CH-10000422;48,479472
201711;Second Class;West;FUR-CH-10001854;133,091616
201711;Second Class;West;FUR-CH-10001973;-41,195776
201711;Second Class;West;FUR-CH-10004875;17,424864
201711;Second Class;West;FUR-FU-10001468;-406,0775
201711;Second Class;West;FUR-FU-10002508;8,301636
201711;Second Class;West;FUR-FU-10003347;15,28488
201711;Second Class;West;FUR-FU-10003878;-15,49392
201711;Second Class;West;FUR-FU-10004245;33,90816
201711;Second Class;West;FUR-TA-10003469;-69,93
201711;Second Class;West;FUR-TA-10003954;268,694496
201711;Second Class;West;OFF-AP-10002684;43,28248
201711;Second Class;West;OFF-AR-10002335;0,13158
201711;Second Class;West;OFF-AR-10002818;29,673
201711;Second Class;West;OFF-AR-10003469;4,56192
201711;Second Class;West;OFF-BI-10000069;32,235476
201711;Second Class;West;OFF-BI-10001308;8,8705
201711;Second Class;West;OFF-BI-10001636;-15,700032
201711;Second Class;West;OFF-BI-10002706;3,972696
201711;Second Class;West;OFF-BI-10002735;65,031174
201711;Second Class;West;OFF-BI-10003684;-23,0895
201711;Second Class;West;OFF-BI-10003718;219,020592
201711;Second Class;West;OFF-EN-10001335;27,1859
201711;Second Class;West;OFF-FA-10004838;0,15903
201711;Second Class;West;OFF-PA-10001870;5,038848
201711;Second Class;West;OFF-PA-10002377;11,80872
201711;Second Class;West;OFF-PA-10003309;17,273088
201711;Second Class;West;OFF-PA-10003673;4,971096
201711;Second Class;West;OFF-PA-10004071;46,336896
201711;Second Class;West;OFF-PA-10004609;5,660928
201711;Second Class;West;OFF-ST-10001097;0
201711;Second Class;West;OFF-ST-10001511;18,102
201711;Second Class;West;OFF-ST-10002301;-20,48238
201711;Second Class;West;OFF-SU-10000646;-57,20806
201711;Second Class;West;TEC-AC-10003289;14,482755
201711;Second Class;West;TEC-PH-10001448;3,559288
201711;Second Class;West;TEC-PH-10002468;65,968749
201711;Second Class;West;TEC-PH-10004071;3,14685
201711;Standard Class;Central;FUR-BO-10002202;-15,326328
201711;Standard Class;Central;FUR-BO-10002213;-29,013684
201711;Standard Class;Central;FUR-CH-10000422;-18,853128
201711;Standard Class;Central;FUR-CH-10001973;-53,803104
201711;Standard Class;Central;FUR-CH-10004287;228,2793
201711;Standard Class;Central;FUR-CH-10004675;32,27584
201711;Standard Class;Central;FUR-FU-10001473;9,8856
201711;Standard Class;Central;FUR-FU-10001488;0
201711;Standard Class;Central;FUR-FU-10002685;6,18222
201711;Standard Class;Central;FUR-FU-10003553;44,0128
201711;Standard Class;Central;FUR-TA-10000849;-119,11968
201711;Standard Class;Central;FUR-TA-10001039;75,112128
201711;Standard Class;Central;OFF-AP-10000696;39,306036
201711;Standard Class;Central;OFF-AP-10003849;713,8509
201711;Standard Class;Central;OFF-AR-10001026;9,7768
201711;Standard Class;Central;OFF-AR-10004022;4,47951
201711;Standard Class;Central;OFF-AR-10004260;43,28268
201711;Standard Class;Central;OFF-BI-10003925;226,275768
201711;Standard Class;Central;OFF-BI-10004364;-2,3166
201711;Standard Class;Central;OFF-EN-10001415;7,9515
201711;Standard Class;Central;OFF-EN-10002592;21,67776
201711;Standard Class;Central;OFF-FA-10000611;0,596736
201711;Standard Class;Central;OFF-FA-10000624;13,5324
201711;Standard Class;Central;OFF-FA-10004248;2,082267
201711;Standard Class;Central;OFF-LA-10001074;30,03441
201711;Standard Class;Central;OFF-LA-10002195;1,690304
201711;Standard Class;Central;OFF-PA-10000791;9,22995
201711;Standard Class;Central;OFF-PA-10001800;10,171008
201711;Standard Class;Central;OFF-PA-10001977;13,514928
201711;Standard Class;Central;OFF-PA-10003022;18,108636
201711;Standard Class;Central;OFF-PA-10003302;124,426296
201711;Standard Class;Central;OFF-PA-10003651;10,2872
201711;Standard Class;Central;OFF-PA-10003673;3,772392
201711;Standard Class;Central;OFF-ST-10000675;64,0521
201711;Standard Class;Central;OFF-ST-10001325;2,68812
201711;Standard Class;Central;OFF-SU-10001225;-0,59616
201711;Standard Class;Central;TEC-AC-10000303;12,788802
201711;Standard Class;Central;TEC-AC-10001553;0,392469
201711;Standard Class;Central;TEC-AC-10002335;-1,53956
201711;Standard Class;Central;TEC-AC-10002567;28,028496
201711;Standard Class;Central;TEC-AC-10003614;2,320318
201711;Standard Class;Central;TEC-CO-10002095;57,748845
201711;Standard Class;Central;TEC-CO-10004722;3880,788912
201711;Standard Class;Central;TEC-PH-10000127;-34,974504
201711;Standard Class;Central;TEC-PH-10001819;44,918016
201711;Standard Class;Central;TEC-PH-10002200;136,201168
201711;Standard Class;Central;TEC-PH-10002624;419,795068
201711;Standard Class;Central;TEC-PH-10003442;1,33375
201711;Standard Class;Central;TEC-PH-10003811;-59,03508
201711;Standard Class;Central;TEC-PH-10004094;24,9584
201711;Standard Class;East;FUR-BO-10003965;-83,06982
201711;Standard Class;East;FUR-CH-10000785;156,36672
201711;Standard Class;East;FUR-CH-10003312;-78,899184
201711;Standard Class;East;FUR-CH-10003774;-26,602552
201711;Standard Class;East;FUR-FU-10000206;1,759968
201711;Standard Class;East;FUR-FU-10000629;11,00442
201711;Standard Class;East;FUR-FU-10001196;5,86809
201711;Standard Class;East;FUR-FU-10001847;0,476928
201711;Standard Class;East;FUR-FU-10001861;30,0991
201711;Standard Class;East;FUR-TA-10001086;28,087752
201711;Standard Class;East;FUR-TA-10004575;326,304972
201711;Standard Class;East;OFF-AP-10001962;1,18299
201711;Standard Class;East;OFF-AP-10002082;9,40896
201711;Standard Class;East;OFF-AP-10002311;-21,303576
201711;Standard Class;East;OFF-AP-10003971;2,661516
201711;Standard Class;East;OFF-AP-10004708;23,498244
201711;Standard Class;East;OFF-AR-10000122;2,36592
201711;Standard Class;East;OFF-AR-10003504;3,425712
201711;Standard Class;East;OFF-AR-10004685;7,058898
201711;Standard Class;East;OFF-BI-10000977;41,496
201711;Standard Class;East;OFF-BI-10001670;63,336
201711;Standard Class;East;OFF-BI-10002393;6,745648
201711;Standard Class;East;OFF-BI-10002949;7,886976
201711;Standard Class;East;OFF-BI-10003669;2,23776
201711;Standard Class;East;OFF-BI-10004519;215,11008
201711;Standard Class;East;OFF-EN-10003055;29,86506
201711;Standard Class;East;OFF-EN-10003845;3,45384
201711;Standard Class;East;OFF-FA-10003495;8,0256
201711;Standard Class;East;OFF-FA-10004854;15,539328
201711;Standard Class;East;OFF-PA-10000157;19,258722
201711;Standard Class;East;OFF-PA-10000520;8,39808
201711;Standard Class;East;OFF-PA-10001838;2,996448
201711;Standard Class;East;OFF-PA-10002558;79,8014
201711;Standard Class;East;OFF-PA-10002749;5,878503
201711;Standard Class;East;OFF-PA-10003172;7,340544
201711;Standard Class;East;OFF-PA-10003641;64,071744
201711;Standard Class;East;OFF-PA-10003797;26,376192
201711;Standard Class;East;OFF-PA-10003823;73,19025
201711;Standard Class;East;OFF-ST-10001414;10,343736
201711;Standard Class;East;OFF-ST-10002289;3,43224
201711;Standard Class;East;OFF-ST-10003716;-52,452162
201711;Standard Class;East;OFF-ST-10004634;3,56478
201711;Standard Class;East;TEC-AC-10000927;28,55048
201711;Standard Class;East;TEC-AC-10001432;125,5089
201711;Standard Class;East;TEC-AC-10001465;30,72672
201711;Standard Class;East;TEC-AC-10003174;125,0364
201711;Standard Class;East;TEC-AC-10004171;40,035996
201711;Standard Class;East;TEC-MA-10002073;121,679064
201711;Standard Class;East;TEC-MA-10003173;24,846072
201711;Standard Class;East;TEC-PH-10001817;-167,544
201711;Standard Class;East;TEC-PH-10002834;519,721125
201711;Standard Class;South;FUR-BO-10003441;-19,903158
201711;Standard Class;South;FUR-CH-10001714;-27,522336
201711;Standard Class;South;FUR-CH-10002126;-25,6179
201711;Standard Class;South;FUR-FU-10000023;18,037536
201711;Standard Class;South;FUR-FU-10000576;52,87968
201711;Standard Class;South;FUR-FU-10002597;5,975424
201711;Standard Class;South;FUR-FU-10003535;97,694718
201711;Standard Class;South;FUR-FU-10003601;-10,846248
201711;Standard Class;South;FUR-FU-10004091;65,43436
201711;Standard Class;South;FUR-FU-10004909;-4,5248
201711;Standard Class;South;FUR-TA-10004154;-700,14348
201711;Standard Class;South;OFF-AP-10002867;-179,776
201711;Standard Class;South;OFF-AP-10003040;36,27598
201711;Standard Class;South;OFF-AP-10004036;14,47152
201711;Standard Class;South;OFF-AP-10004540;98,75712
201711;Standard Class;South;OFF-AR-10000246;1,532336
201711;Standard Class;South;OFF-AR-10000315;2,5788
201711;Standard Class;South;OFF-AR-10000390;0,75166
201711;Standard Class;South;OFF-AR-10000657;1,06425
201711;Standard Class;South;OFF-AR-10001761;3,513344
201711;Standard Class;South;OFF-AR-10003394;3,65148
201711;Standard Class;South;OFF-BI-10000145;-2,108496
201711;Standard Class;South;OFF-BI-10001191;14,7668
201711;Standard Class;South;OFF-BI-10001543;10,278744
201711;Standard Class;South;OFF-BI-10002103;3,976544
201711;Standard Class;South;OFF-BI-10002813;-2,5641
201711;Standard Class;South;OFF-BI-10002982;8,542464
201711;Standard Class;South;OFF-BI-10003984;-47,770632
201711;Standard Class;South;OFF-LA-10001613;3,25728
201711;Standard Class;South;OFF-LA-10004484;4,84449
201711;Standard Class;South;OFF-LA-10004853;4,489968
201711;Standard Class;South;OFF-PA-10000788;5,606496
201711;Standard Class;South;OFF-PA-10001560;2,315736
201711;Standard Class;South;OFF-PA-10002479;7,92
201711;Standard Class;South;OFF-PA-10003205;5,558868
201711;Standard Class;South;OFF-PA-10003845;2,464014
201711;Standard Class;South;OFF-PA-10004285;4,339328
201711;Standard Class;South;OFF-PA-10004451;2,866752
201711;Standard Class;South;OFF-PA-10004735;19,222272
201711;Standard Class;South;OFF-ST-10000604;36,498
201711;Standard Class;South;OFF-ST-10000615;1,38016
201711;Standard Class;South;OFF-ST-10000943;4,881568
201711;Standard Class;South;OFF-ST-10001963;21,417792
201711;Standard Class;South;OFF-SU-10000381;8,585682
201711;Standard Class;South;TEC-AC-10003499;15,489408
201711;Standard Class;South;TEC-AC-10004227;-12,439224
201711;Standard Class;South;TEC-AC-10004975;126,26658
201711;Standard Class;South;TEC-PH-10002844;2,183376
201711;Standard Class;South;TEC-PH-10003437;26,9964
201711;Standard Class;South;TEC-PH-10004447;13,676616
201711;Standard Class;West;FUR-BO-10000780;-17,68624
201711;Standard Class;West;FUR-CH-10000454;55,62744
201711;Standard Class;West;FUR-CH-10001215;126,24696
201711;Standard Class;West;FUR-CH-10001482;-16,739244
201711;Standard Class;West;FUR-CH-10001891;27,411888
201711;Standard Class;West;FUR-CH-10002965;29,262688
201711;Standard Class;West;FUR-CH-10003956;-54,90303
201711;Standard Class;West;FUR-FU-10000576;220,96152
201711;Standard Class;West;FUR-FU-10000629;16,332876
201711;Standard Class;West;FUR-FU-10000732;5,064192
201711;Standard Class;West;FUR-FU-10001424;2,67138
201711;Standard Class;West;FUR-FU-10001756;-18,59256
201711;Standard Class;West;FUR-FU-10001847;4,24764
201711;Standard Class;West;FUR-FU-10003268;28,54572
201711;Standard Class;West;FUR-FU-10004017;17,32185
201711;Standard Class;West;FUR-FU-10004270;7,07256
201711;Standard Class;West;FUR-FU-10004665;175,224816
201711;Standard Class;West;FUR-TA-10001889;-470,364048
201711;Standard Class;West;FUR-TA-10002533;-97,2693
201711;Standard Class;West;FUR-TA-10004767;21,407568
201711;Standard Class;West;OFF-AP-10001205;3,181632
201711;Standard Class;West;OFF-AP-10001492;1,748136
201711;Standard Class;West;OFF-AP-10001962;13,067425
201711;Standard Class;West;OFF-AR-10000255;6,012864
201711;Standard Class;West;OFF-AR-10000422;0,58254
201711;Standard Class;West;OFF-AR-10001022;1,250168
201711;Standard Class;West;OFF-AR-10001044;41,152566
201711;Standard Class;West;OFF-AR-10001860;6,21824
201711;Standard Class;West;OFF-AR-10002335;1,194024
201711;Standard Class;West;OFF-AR-10003504;11,121152
201711;Standard Class;West;OFF-AR-10003582;4,59408
201711;Standard Class;West;OFF-AR-10003759;8,47665
201711;Standard Class;West;OFF-AR-10003856;1,358864
201711;Standard Class;West;OFF-AR-10004010;3,820908
201711;Standard Class;West;OFF-AR-10004582;0,52398
201711;Standard Class;West;OFF-BI-10000088;9,469152
201711;Standard Class;West;OFF-BI-10000216;-14,63016
201711;Standard Class;West;OFF-BI-10000546;1,171296
201711;Standard Class;West;OFF-BI-10000666;-48,132
201711;Standard Class;West;OFF-BI-10001718;190,0206
201711;Standard Class;West;OFF-BI-10001989;33,307848
201711;Standard Class;West;OFF-BI-10002982;-2,636832
201711;Standard Class;West;OFF-BI-10003274;-1,354792
201711;Standard Class;West;OFF-BI-10003364;23,195984
201711;Standard Class;West;OFF-BI-10004738;-4,09104
201711;Standard Class;West;OFF-EN-10001219;14,182896
201711;Standard Class;West;OFF-EN-10003001;86,045908
201711;Standard Class;West;OFF-EN-10003448;18,72486
201711;Standard Class;West;OFF-FA-10004248;3,728868
201711;Standard Class;West;OFF-LA-10001613;3,725568
201711;Standard Class;West;OFF-LA-10001771;5,910264
201711;Standard Class;West;OFF-LA-10003923;9,324
201711;Standard Class;West;OFF-PA-10000157;67,706226
201711;Standard Class;West;OFF-PA-10000327;4,31424
201711;Standard Class;West;OFF-PA-10000675;69,064051
201711;Standard Class;West;OFF-PA-10001972;6,2208
201711;Standard Class;West;OFF-PA-10002479;5,03712
201711;Standard Class;West;OFF-PA-10002947;3,665984
201711;Standard Class;West;OFF-PA-10003129;93,100185
201711;Standard Class;West;OFF-ST-10000991;8,795205
201711;Standard Class;West;OFF-ST-10001325;11,17692
201711;Standard Class;West;OFF-ST-10001526;319,11516
201711;Standard Class;West;OFF-ST-10001809;4,419636
201711;Standard Class;West;OFF-ST-10002182;1,92188
201711;Standard Class;West;OFF-ST-10002344;-41,980032
201711;Standard Class;West;OFF-ST-10002486;1,094464
201711;Standard Class;West;OFF-ST-10002583;-12,940032
201711;Standard Class;West;OFF-ST-10002974;26,83912
201711;Standard Class;West;OFF-ST-10003324;0
201711;Standard Class;West;OFF-ST-10003442;13,74408
201711;Standard Class;West;TEC-AC-10001284;48,452256
201711;Standard Class;West;TEC-AC-10001539;28,220472
201711;Standard Class;West;TEC-AC-10001772;108,559269
201711;Standard Class;West;TEC-AC-10002001;64,459971
201711;Standard Class;West;TEC-AC-10002323;-4,45536
201711;Standard Class;West;TEC-AC-10002370;1,815552
201711;Standard Class;West;TEC-AC-10004568;-0,39186
201711;Standard Class;West;TEC-AC-10004855;-21,287916
201711;Standard Class;West;TEC-CO-10003236;324,474592
201711;Standard Class;West;TEC-PH-10000923;41,499815
201711;Standard Class;West;TEC-PH-10001305;13,91316
201711;Standard Class;West;TEC-PH-10001468;126,13986
201711;Standard Class;West;TEC-PH-10002549;20,3274
201711;Standard Class;West;TEC-PH-10003092;-44,113608
201711;Standard Class;West;TEC-PH-10003437;-11,09852
201711;Standard Class;West;TEC-PH-10004006;46,74348
201711;Standard Class;West;TEC-PH-10004100;6,33248
201711;Standard Class;West;TEC-PH-10004165;44,053398
201711;Standard Class;West;TEC-PH-10004908;7,47912
201712;First Class;Central;FUR-FU-10000260;-5,941296
201712;First Class;Central;FUR-FU-10001934;11,673272
201712;First Class;Central;FUR-FU-10004306;20,75124
201712;First Class;Central;OFF-AP-10004532;14,764032
201712;First Class;Central;OFF-AR-10003811;1,485783
201712;First Class;Central;OFF-BI-10004182;-2,069808
201712;First Class;Central;OFF-FA-10001561;1,748142
201712;First Class;Central;OFF-LA-10003766;3,49272
201712;First Class;Central;OFF-PA-10000289;17,1072
201712;First Class;Central;OFF-PA-10000788;4,136832
201712;First Class;Central;OFF-PA-10002137;12,6036
201712;First Class;Central;OFF-PA-10003172;5,536512
201712;First Class;Central;OFF-ST-10000585;14,66976
201712;First Class;Central;OFF-ST-10000615;2,42436
201712;First Class;Central;OFF-SU-10002881;26,64992
201712;First Class;Central;TEC-AC-10003832;35,044914
201712;First Class;East;FUR-CH-10002335;325,906126
201712;First Class;East;FUR-CH-10003968;-39,521664
201712;First Class;East;FUR-FU-10001475;14,00126
201712;First Class;East;FUR-FU-10001940;5,501952
201712;First Class;East;FUR-FU-10002885;1,769904
201712;First Class;East;FUR-FU-10003798;16,33828
201712;First Class;East;FUR-TA-10004534;77,70666
201712;First Class;East;OFF-AP-10001634;-3,119472
201712;First Class;East;OFF-BI-10000014;-2,383835
201712;First Class;East;OFF-BI-10000848;-1,417824
201712;First Class;East;OFF-PA-10003893;2,92752
201712;First Class;East;OFF-PA-10004475;50,090544
201712;First Class;East;OFF-ST-10001228;2,40711
201712;First Class;East;OFF-ST-10004340;126,921816
201712;First Class;East;TEC-AC-10000474;142,485
201712;First Class;East;TEC-AC-10000844;25,700976
201712;First Class;East;TEC-AC-10001114;46,70832
201712;First Class;East;TEC-PH-10003072;99,218385
201712;First Class;South;FUR-FU-10001918;2,830905
201712;First Class;South;FUR-FU-10002703;17,0148
201712;First Class;South;FUR-FU-10004963;6,17925
201712;First Class;South;OFF-AR-10001446;9,04365
201712;First Class;South;OFF-BI-10001670;35,6265
201712;First Class;South;OFF-FA-10002988;2,600136
201712;First Class;South;OFF-PA-10001838;6,62676
201712;First Class;South;OFF-PA-10003651;32,897664
201712;First Class;South;OFF-ST-10003327;7,170453
201712;First Class;South;TEC-AC-10002567;20,733408
201712;First Class;South;TEC-AC-10003116;21,3213
201712;First Class;South;TEC-CO-10001449;887,025216
201712;First Class;South;TEC-MA-10004626;-7,488
201712;First Class;West;FUR-CH-10001854;198,795072
201712;First Class;West;FUR-FU-10003268;39,1804
201712;First Class;West;OFF-AP-10001293;85,943256
201712;First Class;West;OFF-AR-10001315;1,482624
201712;First Class;West;OFF-AR-10004441;3,424608
201712;First Class;West;OFF-BI-10000320;4,836852
201712;First Class;West;OFF-BI-10001524;35,2464
201712;First Class;West;OFF-BI-10001543;68,323416
201712;First Class;West;OFF-BI-10002071;3,62544
201712;First Class;West;OFF-PA-10003729;4,318272
201712;First Class;West;OFF-SU-10001935;0,181376
201712;First Class;West;TEC-AC-10001284;25,821264
201712;First Class;West;TEC-PH-10000148;-5,751972
201712;First Class;West;TEC-PH-10001924;-20,36709
201712;First Class;West;TEC-PH-10002496;50,07279
201712;First Class;West;TEC-PH-10004977;215,98098
201712;Same Day;Central;FUR-FU-10001940;6,234272
201712;Same Day;Central;OFF-AP-10000026;97,777589
201712;Same Day;Central;OFF-AP-10002765;18,246312
201712;Same Day;Central;OFF-AR-10001118;5,9312
201712;Same Day;Central;OFF-AR-10001868;3,8808
201712;Same Day;Central;OFF-AR-10004441;2,768832
201712;Same Day;Central;OFF-BI-10000632;23,927592
201712;Same Day;Central;OFF-BI-10004187;3,126816
201712;Same Day;Central;OFF-EN-10004030;4,491696
201712;Same Day;Central;OFF-PA-10003724;5,161758
201712;Same Day;Central;TEC-PH-10000576;-26,356876
201712;Same Day;East;OFF-BI-10001670;-46,5972
201712;Same Day;East;OFF-ST-10001325;9,76212
201712;Same Day;West;FUR-CH-10001797;-2,55892
201712;Same Day;West;FUR-CH-10003973;-16,35744
201712;Same Day;West;FUR-FU-10002298;-304,706688
201712;Same Day;West;FUR-FU-10004091;-18,72906
201712;Same Day;West;FUR-FU-10004306;-66,062
201712;Same Day;West;OFF-AR-10002987;21,748608
201712;Same Day;West;OFF-BI-10004965;17,0775
201712;Same Day;West;OFF-PA-10000357;95,070528
201712;Same Day;West;OFF-PA-10001937;4,245696
201712;Same Day;West;OFF-ST-10004459;42,03808
201712;Same Day;West;TEC-AC-10004510;-4,6626
201712;Second Class;Central;FUR-BO-10002206;-8,88174
201712;Second Class;Central;FUR-FU-10004020;-4,017168
201712;Second Class;Central;OFF-AP-10002534;-566,84888
201712;Second Class;Central;OFF-AP-10003217;-214,76016
201712;Second Class;Central;OFF-AR-10001860;10,49328
201712;Second Class;Central;OFF-BI-10001636;15,976536
201712;Second Class;Central;OFF-BI-10002003;11,335836
201712;Second Class;Central;OFF-BI-10002012;1,99584
201712;Second Class;Central;OFF-BI-10003364;14,048272
201712;Second Class;Central;OFF-BI-10004002;-15,72224
201712;Second Class;Central;OFF-EN-10003160;4,088448
201712;Second Class;Central;OFF-PA-10000349;7,232454
201712;Second Class;Central;OFF-PA-10002986;4,48896
201712;Second Class;Central;OFF-PA-10004475;61,203456
201712;Second Class;Central;OFF-ST-10000036;120,02985
201712;Second Class;Central;OFF-ST-10002289;8,50115
201712;Second Class;Central;TEC-AC-10003610;63,34944
201712;Second Class;Central;TEC-AC-10004859;30,20544
201712;Second Class;East;FUR-BO-10003660;44,726352
201712;Second Class;East;FUR-CH-10001270;62,87625
201712;Second Class;East;FUR-CH-10002602;273,213408
201712;Second Class;East;FUR-CH-10004495;72,445886
201712;Second Class;East;FUR-FU-10004952;35,296352
201712;Second Class;East;OFF-AP-10002670;23,55372
201712;Second Class;East;OFF-AR-10001988;9,640905
201712;Second Class;East;OFF-AR-10003696;9,627072
201712;Second Class;East;OFF-BI-10002414;4,357934
201712;Second Class;East;OFF-BI-10003196;2,67036
201712;Second Class;East;OFF-BI-10003460;6,49992
201712;Second Class;East;OFF-FA-10003059;1,31406
201712;Second Class;East;OFF-LA-10000248;5,671161
201712;Second Class;East;OFF-LA-10003498;23,088
201712;Second Class;East;OFF-PA-10000007;9,53856
201712;Second Class;East;OFF-PA-10000994;232,51536
201712;Second Class;East;OFF-PA-10003172;9,611136
201712;Second Class;East;OFF-PA-10004381;54,880896
201712;Second Class;East;OFF-ST-10002352;8,382192
201712;Second Class;East;OFF-ST-10002790;5,84892
201712;Second Class;East;OFF-ST-10004123;0
201712;Second Class;East;OFF-SU-10003505;35,45316
201712;Second Class;East;TEC-AC-10000057;28,655445
201712;Second Class;East;TEC-AC-10000290;4,986576
201712;Second Class;East;TEC-AC-10000358;47,8674
201712;Second Class;East;TEC-PH-10002890;19,99608
201712;Second Class;South;FUR-BO-10001519;12,55824
201712;Second Class;South;FUR-TA-10004256;92,32888
201712;Second Class;South;OFF-BI-10003476;21,783168
201712;Second Class;South;OFF-PA-10003039;42,65946
201712;Second Class;South;OFF-ST-10003221;3,229632
201712;Second Class;South;TEC-AC-10001838;301,844907
201712;Second Class;South;TEC-AC-10001990;7,1988
201712;Second Class;South;TEC-PH-10000148;0,654696
201712;Second Class;West;FUR-CH-10001146;91,335
201712;Second Class;West;FUR-CH-10002774;9,726984
201712;Second Class;West;FUR-CH-10003817;4,91994
201712;Second Class;West;FUR-FU-10002445;8,94912
201712;Second Class;West;FUR-FU-10004053;3,910368
201712;Second Class;West;FUR-FU-10004270;3,61152
201712;Second Class;West;FUR-FU-10004351;5,399856
201712;Second Class;West;FUR-TA-10002958;75,42322
201712;Second Class;West;FUR-TA-10003008;-118,87656
201712;Second Class;West;FUR-TA-10003748;23,752692
201712;Second Class;West;OFF-AP-10000159;46,74075
201712;Second Class;West;OFF-AP-10001394;72,8028
201712;Second Class;West;OFF-AP-10001947;-76,240512
201712;Second Class;West;OFF-AR-10000122;2,4552
201712;Second Class;West;OFF-AR-10000799;4,549056
201712;Second Class;West;OFF-AR-10003856;0,910728
201712;Second Class;West;OFF-BI-10001510;11,46
201712;Second Class;West;OFF-BI-10002813;-0,693
201712;Second Class;West;OFF-BI-10002949;7,14096
201712;Second Class;West;OFF-BI-10003274;8,380288
201712;Second Class;West;OFF-BI-10004236;15,126272
201712;Second Class;West;OFF-EN-10001453;60,18726
201712;Second Class;West;OFF-EN-10002621;3,11004
201712;Second Class;West;OFF-LA-10004409;2,358144
201712;Second Class;West;OFF-PA-10000241;23,93205
201712;Second Class;West;OFF-PA-10001994;22,336128
201712;Second Class;West;OFF-PA-10002005;6,53184
201712;Second Class;West;OFF-PA-10002246;2,65611
201712;Second Class;West;OFF-PA-10004519;10,185728
201712;Second Class;West;OFF-ST-10000060;38,20824
201712;Second Class;West;OFF-ST-10000563;10,5534
201712;Second Class;West;OFF-ST-10001328;15,112944
201712;Second Class;West;OFF-ST-10001522;11,480352
201712;Second Class;West;OFF-ST-10003208;204,178792
201712;Second Class;West;OFF-ST-10004963;0,69644
201712;Second Class;West;OFF-SU-10004782;5,4418
201712;Second Class;West;TEC-AC-10001013;36,246375
201712;Second Class;West;TEC-AC-10002006;20,93091
201712;Second Class;West;TEC-AC-10004510;5,25156
201712;Second Class;West;TEC-CO-10001046;560,69199
201712;Second Class;West;TEC-PH-10003215;29,5307
201712;Second Class;West;TEC-PH-10003601;114,33807
201712;Standard Class;Central;FUR-BO-10003441;13,571712
201712;Standard Class;Central;FUR-BO-10003546;-407,15136
201712;Standard Class;Central;FUR-BO-10004015;6,911424
201712;Standard Class;Central;FUR-BO-10004709;-9,50872
201712;Standard Class;Central;FUR-CH-10000155;293,90634
201712;Standard Class;Central;FUR-CH-10002335;58,48086
201712;Standard Class;Central;FUR-CH-10002602;30,196
201712;Standard Class;Central;FUR-CH-10003379;-31,63278
201712;Standard Class;Central;FUR-CH-10004540;-9,2556
201712;Standard Class;Central;FUR-CH-10004983;45,203184
201712;Standard Class;Central;FUR-FU-10000175;18,897972
201712;Standard Class;Central;FUR-FU-10001057;19,31034
201712;Standard Class;Central;FUR-FU-10001473;50,481144
201712;Standard Class;Central;FUR-FU-10001488;0
201712;Standard Class;Central;FUR-FU-10002364;3,552732
201712;Standard Class;Central;FUR-FU-10002963;-1,241552
201712;Standard Class;Central;FUR-FU-10003096;8,909901
201712;Standard Class;Central;FUR-FU-10004093;5,40834
201712;Standard Class;Central;FUR-TA-10002903;-279,240192
201712;Standard Class;Central;OFF-AP-10001058;224,799354
201712;Standard Class;Central;OFF-AP-10002457;64,98765
201712;Standard Class;Central;OFF-AP-10003266;18,57174
201712;Standard Class;Central;OFF-AP-10003622;5,8058
201712;Standard Class;Central;OFF-AP-10004487;10,929408
201712;Standard Class;Central;OFF-AR-10000716;3,562272
201712;Standard Class;Central;OFF-AR-10000817;2,04288
201712;Standard Class;Central;OFF-AR-10001419;2,77536
201712;Standard Class;Central;OFF-AR-10001958;2,906976
201712;Standard Class;Central;OFF-AR-10002578;1,236096
201712;Standard Class;Central;OFF-AR-10004022;39,12825
201712;Standard Class;Central;OFF-AR-10004707;0,81592
201712;Standard Class;Central;OFF-BI-10000201;5,7195
201712;Standard Class;Central;OFF-BI-10000279;-11,864895
201712;Standard Class;Central;OFF-BI-10000605;5,76072
201712;Standard Class;Central;OFF-BI-10001524;17,6232
201712;Standard Class;Central;OFF-BI-10001759;-4,48056
201712;Standard Class;Central;OFF-BI-10001900;4,124115
201712;Standard Class;Central;OFF-BI-10003274;6,659336
201712;Standard Class;Central;OFF-BI-10003684;20,38473
201712;Standard Class;Central;OFF-BI-10003707;-19,5328
201712;Standard Class;Central;OFF-BI-10004040;10,66044
201712;Standard Class;Central;OFF-BI-10004182;3,61816
201712;Standard Class;Central;OFF-BI-10004209;10,854
201712;Standard Class;Central;OFF-BI-10004364;-3,34125
201712;Standard Class;Central;OFF-BI-10004600;357,68628
201712;Standard Class;Central;OFF-FA-10000134;15,723603
201712;Standard Class;Central;OFF-FA-10000611;1,280496
201712;Standard Class;Central;OFF-FA-10002988;1,731213
201712;Standard Class;Central;OFF-LA-10004559;3,429216
201712;Standard Class;Central;OFF-LA-10004853;4,091568
201712;Standard Class;Central;OFF-PA-10000232;5,905872
201712;Standard Class;Central;OFF-PA-10000304;6,25968
201712;Standard Class;Central;OFF-PA-10000575;14,15604
201712;Standard Class;Central;OFF-PA-10000994;94,61664
201712;Standard Class;Central;OFF-PA-10001144;79,092288
201712;Standard Class;Central;OFF-PA-10001745;15,749888
201712;Standard Class;Central;OFF-PA-10001970;96,0057
201712;Standard Class;Central;OFF-PA-10001972;14,743296
201712;Standard Class;Central;OFF-PA-10002222;27,61356
201712;Standard Class;Central;OFF-PA-10002615;7,181244
201712;Standard Class;Central;OFF-PA-10002709;6,32983
201712;Standard Class;Central;OFF-PA-10003172;15,489792
201712;Standard Class;Central;OFF-PA-10004156;14,336028
201712;Standard Class;Central;OFF-PA-10004359;162,9369
201712;Standard Class;Central;OFF-PA-10004965;3,7962
201712;Standard Class;Central;OFF-ST-10000642;4,523288
201712;Standard Class;Central;OFF-ST-10000918;1,8639
201712;Standard Class;Central;OFF-ST-10001522;3,31164
201712;Standard Class;Central;OFF-ST-10003306;9,64305
201712;Standard Class;Central;OFF-SU-10000898;21,56585
201712;Standard Class;Central;TEC-AC-10000474;21,94269
201712;Standard Class;Central;TEC-AC-10000580;-33,691788
201712;Standard Class;Central;TEC-AC-10001013;73,017041
201712;Standard Class;Central;TEC-AC-10002331;10,204452
201712;Standard Class;Central;TEC-AC-10003237;13,81074
201712;Standard Class;Central;TEC-PH-10000213;5,011216
201712;Standard Class;Central;TEC-PH-10001448;-7,918416
201712;Standard Class;Central;TEC-PH-10001700;28,864026
201712;Standard Class;Central;TEC-PH-10001795;565,43088
201712;Standard Class;Central;TEC-PH-10002103;62,371764
201712;Standard Class;Central;TEC-PH-10003095;15,804
201712;Standard Class;Central;TEC-PH-10004774;2,509668
201712;Standard Class;Central;TEC-PH-10004833;-13,7664
201712;Standard Class;Central;TEC-PH-10004912;26,7057
201712;Standard Class;East;FUR-BO-10004015;4,847596
201712;Standard Class;East;FUR-CH-10001708;113,051862
201712;Standard Class;East;FUR-CH-10002961;-10,4627
201712;Standard Class;East;FUR-CH-10003396;-67,28052
201712;Standard Class;East;FUR-CH-10003846;63,81936
201712;Standard Class;East;FUR-FU-10001037;8,70264
201712;Standard Class;East;FUR-FU-10001602;5,393646
201712;Standard Class;East;FUR-FU-10001934;9,382256
201712;Standard Class;East;FUR-FU-10001935;2,8823
201712;Standard Class;East;FUR-FU-10003708;39,355785
201712;Standard Class;East;FUR-TA-10002645;-92,11224
201712;Standard Class;East;FUR-TA-10004915;92,34304
201712;Standard Class;East;OFF-AP-10000891;516,48168
201712;Standard Class;East;OFF-AP-10002350;4,06944
201712;Standard Class;East;OFF-AP-10004249;10,374399
201712;Standard Class;East;OFF-AR-10000369;0,943254
201712;Standard Class;East;OFF-AR-10000462;1,12832
201712;Standard Class;East;OFF-AR-10000823;0,907088
201712;Standard Class;East;OFF-AR-10001315;2,0416
201712;Standard Class;East;OFF-AR-10001615;1,976064
201712;Standard Class;East;OFF-AR-10002280;17,469
201712;Standard Class;East;OFF-AR-10003183;2,38476
201712;Standard Class;East;OFF-AR-10004344;3,986675
201712;Standard Class;East;OFF-AR-10004757;0,417872
201712;Standard Class;East;OFF-BI-10000050;9,22428
201712;Standard Class;East;OFF-BI-10000632;-10,93932
201712;Standard Class;East;OFF-BI-10001116;-4,105728
201712;Standard Class;East;OFF-BI-10001597;-73,43616
201712;Standard Class;East;OFF-BI-10001718;54,41499
201712;Standard Class;East;OFF-BI-10001922;10,553004
201712;Standard Class;East;OFF-BI-10003291;2,804949
201712;Standard Class;East;OFF-BI-10003314;1,649404
201712;Standard Class;East;OFF-BI-10003684;-48,09213
201712;Standard Class;East;OFF-BI-10003708;5,196375
201712;Standard Class;East;OFF-BI-10004233;-21,528936
201712;Standard Class;East;OFF-BI-10004656;3,83616
201712;Standard Class;East;OFF-EN-10004386;16,40916
201712;Standard Class;East;OFF-FA-10000585;6,550032
201712;Standard Class;East;OFF-FA-10002975;10,85994
201712;Standard Class;East;OFF-LA-10001297;33,0372
201712;Standard Class;East;OFF-LA-10001404;10,23237
201712;Standard Class;East;OFF-PA-10001019;42,239718
201712;Standard Class;East;OFF-PA-10001509;17,2914
201712;Standard Class;East;OFF-PA-10001892;7,267168
201712;Standard Class;East;OFF-PA-10002787;3,670272
201712;Standard Class;East;OFF-PA-10004239;1,77192
201712;Standard Class;East;OFF-ST-10000532;4,84848
201712;Standard Class;East;OFF-ST-10000876;11,076576
201712;Standard Class;East;OFF-ST-10001228;7,9458
201712;Standard Class;East;OFF-ST-10001526;137,65752
201712;Standard Class;East;OFF-ST-10002756;1,975526
201712;Standard Class;East;OFF-ST-10003058;31,5491
201712;Standard Class;East;OFF-ST-10003208;148,397988
201712;Standard Class;East;OFF-ST-10004180;-6,102112
201712;Standard Class;East;OFF-ST-10004340;32,234112
201712;Standard Class;East;OFF-SU-10000946;4,072194
201712;Standard Class;East;OFF-SU-10002557;2,689752
201712;Standard Class;East;TEC-AC-10001539;165,5793
201712;Standard Class;East;TEC-AC-10001998;15,088452
201712;Standard Class;East;TEC-AC-10002473;37,963926
201712;Standard Class;East;TEC-AC-10004595;25,78968
201712;Standard Class;East;TEC-PH-10000347;4,0095
201712;Standard Class;East;TEC-PH-10001300;7,84368
201712;Standard Class;South;FUR-BO-10000468;-146,90592
201712;Standard Class;South;FUR-BO-10002598;37,874928
201712;Standard Class;South;FUR-CH-10001394;108,45591
201712;Standard Class;South;FUR-CH-10002439;58,126848
201712;Standard Class;South;FUR-FU-10000087;13,35936
201712;Standard Class;South;FUR-FU-10000320;4,12824
201712;Standard Class;South;FUR-FU-10000521;15,825996
201712;Standard Class;South;FUR-FU-10000820;-15,270612
201712;Standard Class;South;FUR-FU-10001473;7,4142
201712;Standard Class;South;FUR-FU-10001487;7,104942
201712;Standard Class;South;FUR-FU-10001731;1,768608
201712;Standard Class;South;FUR-FU-10003394;111,320352
201712;Standard Class;South;OFF-AP-10000027;15,4812
201712;Standard Class;South;OFF-AP-10001271;62,62893
201712;Standard Class;South;OFF-AR-10000422;1,030176
201712;Standard Class;South;OFF-AR-10001662;1,225602
201712;Standard Class;South;OFF-AR-10003903;2,94984
201712;Standard Class;South;OFF-BI-10000494;-2,9232
201712;Standard Class;South;OFF-BI-10001116;-8,375136
201712;Standard Class;South;OFF-BI-10001524;25,84736
201712;Standard Class;South;OFF-BI-10001553;5,323136
201712;Standard Class;South;OFF-BI-10001670;24,7689
201712;Standard Class;South;OFF-BI-10002429;-31,8098
201712;Standard Class;South;OFF-BI-10002854;9,2499
201712;Standard Class;South;OFF-FA-10003472;-0,538272
201712;Standard Class;South;OFF-LA-10001317;1,76904
201712;Standard Class;South;OFF-PA-10000380;21,0168
201712;Standard Class;South;OFF-PA-10001593;15,0696
201712;Standard Class;South;OFF-PA-10003022;45,296384
201712;Standard Class;South;OFF-PA-10004569;9,549789
201712;Standard Class;South;OFF-ST-10001837;13,118768
201712;Standard Class;South;OFF-ST-10002554;-20,600892
201712;Standard Class;South;OFF-ST-10003306;205,904118
201712;Standard Class;South;OFF-ST-10004123;-61,68444
201712;Standard Class;South;OFF-ST-10004459;15,38894
201712;Standard Class;South;TEC-MA-10003183;287,982
201712;Standard Class;South;TEC-PH-10000576;34,398189
201712;Standard Class;South;TEC-PH-10000675;16,086438
201712;Standard Class;South;TEC-PH-10004531;-22,6782
201712;Standard Class;West;FUR-BO-10001972;22,962004
201712;Standard Class;West;FUR-BO-10003159;43,876368
201712;Standard Class;West;FUR-CH-10000225;-10,81083
201712;Standard Class;West;FUR-CH-10000847;186,110808
201712;Standard Class;West;FUR-CH-10002647;42,588
201712;Standard Class;West;FUR-CH-10002880;-38,520468
201712;Standard Class;West;FUR-CH-10003817;35,5329
201712;Standard Class;West;FUR-CH-10003956;-18,270252
201712;Standard Class;West;FUR-CH-10004698;-3,627904
201712;Standard Class;West;FUR-CH-10004860;16,540524
201712;Standard Class;West;FUR-FU-10000023;32,343168
201712;Standard Class;West;FUR-FU-10000308;29,000752
201712;Standard Class;West;FUR-FU-10001935;-1,406
201712;Standard Class;West;FUR-FU-10002501;31,80224
201712;Standard Class;West;FUR-FU-10002506;1,356156
201712;Standard Class;West;FUR-FU-10004093;23,6187
201712;Standard Class;West;FUR-FU-10004586;-2,796768
201712;Standard Class;West;FUR-FU-10004963;9,9225
201712;Standard Class;West;FUR-TA-10000577;-97,4988
201712;Standard Class;West;FUR-TA-10002041;-99,398376
201712;Standard Class;West;FUR-TA-10003473;-60,030348
201712;Standard Class;West;FUR-TA-10004289;-390,6
201712;Standard Class;West;OFF-AP-10000358;3,399462
201712;Standard Class;West;OFF-AP-10003590;231,8988
201712;Standard Class;West;OFF-AP-10004540;68,232192
201712;Standard Class;West;OFF-AR-10001246;1,671096
201712;Standard Class;West;OFF-AR-10001958;1,005216
201712;Standard Class;West;OFF-AR-10003811;1,7901
201712;Standard Class;West;OFF-BI-10000088;29,86011
201712;Standard Class;West;OFF-BI-10000145;4,723056
201712;Standard Class;West;OFF-BI-10000174;18,64352
201712;Standard Class;West;OFF-BI-10001097;5,78144
201712;Standard Class;West;OFF-BI-10001120;-2900,189655
201712;Standard Class;West;OFF-BI-10001597;26,850096
201712;Standard Class;West;OFF-BI-10001617;19,26342
201712;Standard Class;West;OFF-BI-10001628;8,8655
201712;Standard Class;West;OFF-BI-10001679;8,95104
201712;Standard Class;West;OFF-BI-10002003;5,26554
201712;Standard Class;West;OFF-BI-10002103;4,880304
201712;Standard Class;West;OFF-BI-10002498;5,399541
201712;Standard Class;West;OFF-BI-10002764;-3,513594
201712;Standard Class;West;OFF-BI-10003429;-4,543674
201712;Standard Class;West;OFF-BI-10003650;-356,404048
201712;Standard Class;West;OFF-BI-10003784;-1,8816
201712;Standard Class;West;OFF-BI-10003982;15,61904
201712;Standard Class;West;OFF-BI-10004632;5,50375
201712;Standard Class;West;OFF-EN-10000461;24,23602
201712;Standard Class;West;OFF-EN-10003040;31,08996
201712;Standard Class;West;OFF-FA-10000089;10,27628
201712;Standard Class;West;OFF-FA-10001332;8,608896
201712;Standard Class;West;OFF-LA-10003510;27,806724
201712;Standard Class;West;OFF-LA-10003766;10,8864
201712;Standard Class;West;OFF-PA-10000019;9,34416
201712;Standard Class;West;OFF-PA-10000176;24,69894
201712;Standard Class;West;OFF-PA-10000520;3,556224
201712;Standard Class;West;OFF-PA-10001293;5,536512
201712;Standard Class;West;OFF-PA-10001970;31,819032
201712;Standard Class;West;OFF-PA-10002245;7,58862
201712;Standard Class;West;OFF-PA-10002713;9,4944
201712;Standard Class;West;OFF-PA-10002893;5,436288
201712;Standard Class;West;OFF-PA-10003724;13,03743
201712;Standard Class;West;OFF-PA-10004285;6,565104
201712;Standard Class;West;OFF-PA-10004735;25,909632
201712;Standard Class;West;OFF-ST-10000736;-14,90032
201712;Standard Class;West;OFF-ST-10001031;9,73544
201712;Standard Class;West;OFF-ST-10001097;0
201712;Standard Class;West;OFF-ST-10002276;30,0096
201712;Standard Class;West;OFF-ST-10002756;4,546416
201712;Standard Class;West;OFF-ST-10002790;2,547825
201712;Standard Class;West;OFF-SU-10001664;5,815602
201712;Standard Class;West;TEC-AC-10000158;43,08003
201712;Standard Class;West;TEC-AC-10001266;17,316
201712;Standard Class;West;TEC-AC-10003023;24,365448
201712;Standard Class;West;TEC-AC-10003038;7,4822
201712;Standard Class;West;TEC-AC-10003116;2,698
201712;Standard Class;West;TEC-AC-10004469;77,3432
201712;Standard Class;West;TEC-CO-10002313;435,232746
201712;Standard Class;West;TEC-CO-10004115;326,243475
201712;Standard Class;West;TEC-MA-10001856;-313,467
201712;Standard Class;West;TEC-PH-10000586;7,483266
201712;Standard Class;West;TEC-PH-10000923;11,049129
201712;Standard Class;West;TEC-PH-10001254;22,8582
201712;Standard Class;West;TEC-PH-10001527;3,8655
201712;Standard Class;West;TEC-PH-10001918;45,366336
201712;Standard Class;West;TEC-PH-10002563;25,399584
201712;Standard Class;West;TEC-PH-10003555;-18,870192
201712;Standard Class;West;TEC-PH-10004522;25,1507
201712;Standard Class;West;TEC-PH-10004977;39,158802
